"Cp","Normals:0","Normals:1","Normals:2","Points:0","Points:1","Points:2","RegionId","U:0","U:1","U:2","k","p","vorticity:0","vorticity:1","vorticity:2","wallShearStress:0","wallShearStress:1","wallShearStress:2","yPlus"
-2.972,0.40644,-0.31229,0.85865,-1.2288,0.3,0.10394,0,0,0,0,142.24,-13567,-1.052e+05,-6.0073e+05,-1.8853e+05,-49.967,-9.7085,57.634,107.85
-2.8589,0.38212,-0.30268,0.87313,-1.2278,0.3,0.10346,0,0,0,0,142.99,-13050,-62387,-4.6059e+05,-1.3525e+05,-45.793,-7.063,44.718,117.34
-3.0599,0.49826,-0.34586,0.79433,-1.2296,0.3,0.10448,0,0,0,0,142.79,-13968,-1.5202e+05,-7.3134e+05,-2.4444e+05,-46.955,-15.507,72.744,100.47
-2.7158,0.35884,-0.29353,0.88604,-1.2265,0.3,0.10293,0,0,0,0,142.25,-12397,-46445,-4.053e+05,-1.089e+05,-43.36,-4.5355,35.028,117.55
-3.1292,0.50619,-0.35768,0.78423,-1.2302,0.3,0.10482,0,0,0,0,144.52,-14285,-1.772e+05,-8.1488e+05,-2.8349e+05,-43.3,-20.067,80.959,91.687
-2.6839,0.3065,-0.26847,0.91321,-1.2261,0.3,0.10281,0,0,0,0,141.54,-12252,-43587,-3.9635e+05,-1.0517e+05,-42.565,-4.2481,33.172,116.57
-3.1826,0.54937,-0.37577,0.7444,-1.2305,0.3,0.10501,0,0,0,0,145.94,-14528,-1.9706e+05,-8.8139e+05,-3.1224e+05,-41.365,-24.511,89.984,89.433
-2.6311,0.30158,-0.26453,0.91593,-1.2257,0.3,0.10267,0,0,0,0,141.05,-12011,-40896,-3.886e+05,-1.0236e+05,-41.882,-3.9575,31.351,115.53
-2.9897,0.65333,-0.41493,0.63215,-1.2307,0.3,0.10519,0,0,0,0,145.16,-13648,-2.3914e+05,-1.003e+06,-3.4389e+05,-47.142,-24.504,96.827,89.939
-2.4745,0.28882,-0.25649,0.92238,-1.2246,0.3,0.10234,0,0,0,0,136.98,-11296,-29961,-3.6368e+05,-93658,-39.289,-3.2959,25.263,111.16
-2.9914,0.65875,-0.41687,0.62626,-1.2307,0.3,0.1052,0,0,0,0,145.05,-13656,-2.4101e+05,-1.0088e+06,-3.4666e+05,-46.928,-24.853,97.553,89.78
-2.3564,0.27074,-0.24916,0.92985,-1.2234,0.3,0.10194,0,0,0,0,131.62,-10757,-24150,-3.5135e+05,-86804,-38.033,-2.6685,21.385,107.94
-2.8441,0.75985,-0.47119,0.43778,-1.231,0.3,0.1056,0,0,0,0,133.97,-12983,-3.0283e+05,-1.0984e+06,-4.3619e+05,-32.355,-36.242,106.74,81.131
-2.3032,0.24597,-0.24335,0.93822,-1.2219,0.3,0.10158,0,0,0,0,127.41,-10514,-21469,-3.4446e+05,-80880,-37.235,-2.1595,19.136,105.83
-2.5936,0.77789,-0.47505,0.41003,-1.2311,0.3,0.10572,0,0,0,0,126.86,-11839,-3.2632e+05,-1.109e+06,-4.5903e+05,-30.627,-37.198,103.51,79.647
-2.2871,0.23286,-0.23213,0.94439,-1.2215,0.3,0.10148,0,0,0,0,126.13,-10440,-20605,-3.4216e+05,-79961,-36.943,-2.0489,18.283,105.08
-2.3099,0.78719,-0.53556,0.30013,-1.2312,0.3,0.1059,0,0,0,0,117.39,-10544,-3.3712e+05,-1.1117e+06,-4.7876e+05,-27.001,-36.768,97.025,76.855
-2.2602,0.231,-0.23614,0.94384,-1.2209,0.3,0.10133,0,0,0,0,124.63,-10318,-19426,-3.39e+05,-77713,-36.484,-1.8557,17.263,104.02
-1.6684,0.7851,-0.5797,0.20065,-1.2313,0.3,0.10633,0,0,0,0,89.784,-7616.1,-3.8414e+05,-9.0527e+05,-4.8732e+05,-6.7722,-42.553,71.169,68.992
-2.2069,0.19106,-0.20632,0.95964,-1.22,0.3,0.1011,0,0,0,0,121.15,-10074,-17168,-3.3329e+05,-73230,-35.684,-1.475,15.192,102.04
-1.511,0.79451,-0.57925,0.17377,-1.2313,0.3,0.10645,0,0,0,0,82.598,-6897.4,-3.9508e+05,-8.6541e+05,-4.9219e+05,-1.9202,-43.7,65.562,66.95
-2.1617,0.17277,-0.20018,0.9644,-1.2188,0.3,0.10085,0,0,0,0,116.91,-9867.9,-14492,-3.2476e+05,-65690,-34.509,-1.1442,13.44,99.56
-1.1817,0.88138,-0.42821,-0.1994,-1.2313,0.3,0.1066,0,0,0,0,67.991,-5394.4,-4.3951e+05,-6.6041e+05,-4.6158e+05,12.458,-45.908,47.304,62.605
-2.0388,0.16723,-0.19597,0.96624,-1.2174,0.3,0.10061,0,0,0,0,111.21,-9306.9,-7224.6,-3.0852e+05,-60967,-31.779,-1.4318,11.087,94.956
-1.9317,0.17321,-0.19593,0.9652,-1.2159,0.3,0.10035,0,0,0,0,105.89,-8818.1,-5015.2,-2.9799e+05,-60079,-30.024,-1.364,9.4434,91.959
-1.9071,0.17451,-0.19588,0.96498,-1.2145,0.3,0.10009,0,0,0,0,101.49,-8705.5,-6458.1,-2.9672e+05,-60393,-29.927,-1.0516,8.6325,91.541
-1.9141,0.17439,-0.19585,0.965,-1.213,0.3,0.099837,0,0,0,0,98.623,-8737.6,-9531.7,-3.0038e+05,-61410,-30.69,-0.63888,8.264,92.498
-1.9199,0.16974,-0.19497,0.96597,-1.2127,0.3,0.099774,0,0,0,0,98.219,-8764.2,-10304,-3.0201e+05,-61359,-31.003,-0.5277,8.2093,92.915
-1.9345,0.16852,-0.20136,0.96486,-1.2122,0.3,0.099689,0,0,0,0,97.634,-8831,-11146,-3.0292e+05,-59732,-31.177,-0.39233,8.2423,93.135
-1.9599,0.16655,-0.20305,0.96485,-1.2111,0.3,0.099495,0,0,0,0,96.37,-8946.6,-12417,-3.065e+05,-55361,-31.811,-0.10673,7.9922,93.902
-1.9469,0.099489,-0.16195,0.98177,-1.2098,0.3,0.099354,0,0,0,0,94.727,-8887.6,-9077.7,-3.0058e+05,-48983,-30.784,-0.22686,7.1897,92.119
-1.8658,0.10205,-0.15991,0.98184,-1.2083,0.3,0.099206,0,0,0,0,92.147,-8517.1,-4727.8,-2.8947e+05,-46479,-28.876,-0.46914,5.9724,89.013
-1.8024,0.10771,-0.15941,0.98132,-1.2069,0.3,0.099047,0,0,0,0,89.368,-8227.8,-2756.7,-2.8307e+05,-46145,-27.815,-0.55824,5.1857,87.243
-1.7859,0.10911,-0.15917,0.9812,-1.2054,0.3,0.098883,0,0,0,0,87.041,-8152.2,-3161.6,-2.8194e+05,-46325,-27.656,-0.45073,4.7635,86.91
-1.7893,0.10911,-0.15917,0.9812,-1.2039,0.3,0.098718,0,0,0,0,85.55,-8168,-5299.9,-2.8446e+05,-47030,-28.118,-0.1903,4.4947,87.575
-1.8033,0.1091,-0.15917,0.9812,-1.2024,0.3,0.098554,0,0,0,0,85.26,-8231.7,-9365.9,-2.918e+05,-47652,-29.412,0.27276,4.3079,89.495
-1.8373,0.078731,-0.14692,0.98597,-1.2009,0.3,0.098389,0,0,0,0,85.651,-8387,-13188,-2.9854e+05,-44731,-30.586,0.74708,4.2457,91.21
-1.8433,0.054708,-0.13582,0.98921,-1.1995,0.3,0.098305,0,0,0,0,85.565,-8414.5,-11929,-2.9569e+05,-39672,-30.069,0.71143,3.9664,90.342
-1.7995,0.046826,-0.12992,0.99042,-1.198,0.3,0.098236,0,0,0,0,85.214,-8214.4,-8872,-2.8932e+05,-37566,-28.95,0.46247,3.4736,88.562
-1.7858,0.049954,-0.12905,0.99038,-1.1977,0.3,0.09822,0,0,0,0,84.964,-8152.1,-8070.9,-2.8756e+05,-37370,-28.638,0.3911,3.3588,88.083
-1.7295,0.052615,-0.12834,0.99033,-1.1964,0.3,0.098156,0,0,0,0,84.439,-7894.9,-5867.7,-2.8364e+05,-37193,-27.983,0.21919,2.9737,86.992
-1.7123,0.054656,-0.12858,0.99019,-1.1955,0.3,0.098101,0,0,0,0,83.286,-7816.5,-4603.2,-2.8133e+05,-37001,-27.593,0.12099,2.716,86.362
-1.7045,0.05542,-0.12841,0.99017,-1.195,0.3,0.098073,0,0,0,0,83.216,-7780.8,-4411.7,-2.8111e+05,-37071,-27.554,0.10909,2.6406,86.296
-1.7036,0.055425,-0.12841,0.99017,-1.1947,0.3,0.098059,0,0,0,0,82.784,-7776.6,-4027.1,-2.7996e+05,-37034,-27.355,0.072224,2.5788,85.991
-1.6974,0.055423,-0.12841,0.99017,-1.1934,0.3,0.097985,0,0,0,0,82.868,-7748.3,-4811.4,-2.8263e+05,-37427,-27.814,0.16803,2.398,86.693
-1.6952,0.055423,-0.12841,0.99017,-1.1919,0.3,0.097903,0,0,0,0,82.546,-7738.2,-5797.1,-2.8498e+05,-37874,-28.219,0.28713,2.1694,87.324
-1.703,0.053043,-0.12638,0.99056,-1.1904,0.3,0.097818,0,0,0,0,83.321,-7774.2,-8851.9,-2.9145e+05,-38213,-29.334,0.62645,2.0012,89.029
-1.735,0.032974,-0.11806,0.99244,-1.1889,0.3,0.097737,0,0,0,0,84.334,-7920.2,-11733,-2.9704e+05,-35919,-30.295,0.95377,2.0295,90.47
-1.7446,0.0090156,-0.10796,0.9941,-1.1874,0.3,0.09772,0,0,0,0,84.673,-7963.8,-10699,-2.9497e+05,-32100,-29.875,0.87475,1.8709,89.807
-1.6993,0.0036683,-0.10386,0.99459,-1.1859,0.3,0.097715,0,0,0,0,84.179,-7757,-7891.2,-2.8757e+05,-30276,-28.564,0.6212,1.4223,87.768
-1.6484,0.0068577,-0.1031,0.99465,-1.1844,0.3,0.097709,0,0,0,0,83.304,-7524.7,-6635.1,-2.8184e+05,-29811,-27.611,0.52649,1.1351,86.257
-1.6229,0.0094546,-0.10258,0.99468,-1.1829,0.3,0.097695,0,0,0,0,82.481,-7408.5,-6294.8,-2.7992e+05,-29580,-27.289,0.513,0.96407,85.738
-1.6149,0.0095426,-0.10249,0.99469,-1.1814,0.3,0.09768,0,0,0,0,81.875,-7372,-6385.8,-2.7972e+05,-29603,-27.258,0.53618,0.83798,85.688
-1.6117,0.0095423,-0.10249,0.99469,-1.1799,0.3,0.097666,0,0,0,0,81.62,-7357.2,-7085.3,-2.806e+05,-29801,-27.408,0.61762,0.72921,85.934
-1.6119,0.0095425,-0.10249,0.99469,-1.1784,0.3,0.097652,0,0,0,0,81.925,-7358.3,-8434.8,-2.8314e+05,-30273,-27.842,0.76437,0.63282,86.629
-1.6184,0.0077944,-0.10088,0.99487,-1.177,0.3,0.097637,0,0,0,0,82.886,-7387.9,-10775,-2.8813e+05,-30482,-28.681,1.0093,0.52897,87.95
-1.6416,-0.0088881,-0.094272,0.99549,-1.1755,0.3,0.097624,0,0,0,0,83.871,-7494,-13025,-2.9241e+05,-28695,-29.389,1.245,0.54951,89.048
-1.6465,-0.028909,-0.085969,0.99587,-1.174,0.3,0.097664,0,0,0,0,84.206,-7516.1,-12560,-2.9105e+05,-25730,-29.103,1.1942,0.49002,88.602
-1.6078,-0.033826,-0.082555,0.99601,-1.1725,0.3,0.097715,0,0,0,0,83.885,-7339.3,-10266,-2.8525e+05,-24255,-28.088,0.96747,0.2215,87.014
-1.5644,-0.032179,-0.08209,0.99611,-1.171,0.3,0.097765,0,0,0,0,83.18,-7141.3,-8812.8,-2.8016e+05,-23900,-27.239,0.84105,0.0063575,85.667
-1.539,-0.030313,-0.081514,0.99621,-1.1695,0.3,0.097811,0,0,0,0,82.442,-7025.3,-8229.5,-2.7782e+05,-23628,-26.841,0.79391,-0.13501,85.032
-1.5265,-0.029947,-0.08129,0.99624,-1.168,0.3,0.097856,0,0,0,0,81.855,-6968.2,-7997,-2.77e+05,-23572,-26.704,0.78144,-0.241,84.814
-1.5178,-0.029947,-0.08129,0.99624,-1.1665,0.3,0.097901,0,0,0,0,81.566,-6928.4,-8247.8,-2.7723e+05,-23669,-26.742,0.81482,-0.33328,84.882
-1.5134,-0.029946,-0.08129,0.99624,-1.165,0.3,0.097947,0,0,0,0,81.46,-6908.4,-8724.9,-2.7798e+05,-23740,-26.864,0.86962,-0.42,85.092
-1.5121,-0.029947,-0.08129,0.99624,-1.1635,0.3,0.097992,0,0,0,0,81.997,-6902.4,-9559.5,-2.8036e+05,-24059,-27.253,0.96403,-0.5113,85.73
-1.5139,-0.031782,-0.079887,0.9963,-1.1621,0.3,0.098035,0,0,0,0,82.801,-6910.8,-11346,-2.8397e+05,-24177,-27.842,1.1514,-0.62683,86.687
-1.5262,-0.038247,-0.076507,0.9963,-1.1608,0.3,0.098076,0,0,0,0,83.316,-6966.9,-13066,-2.8621e+05,-22897,-28.206,1.3248,-0.67912,87.283
-1.5296,-0.048999,-0.076148,0.99589,-1.1605,0.3,0.098085,0,0,0,0,83.359,-6982.5,-13564,-2.8657e+05,-22398,-28.262,1.3756,-0.67859,87.372
-1.527,-0.055846,-0.072749,0.99574,-1.1598,0.3,0.098129,0,0,0,0,83.48,-6970.6,-13303,-2.857e+05,-21495,-28.107,1.3485,-0.67968,87.12
-1.5198,-0.058568,-0.068426,0.9959,-1.1592,0.3,0.09817,0,0,0,0,83.31,-6937.6,-12459,-2.8349e+05,-20699,-27.715,1.2717,-0.781,86.511
-1.5201,-0.063696,-0.066139,0.99577,-1.1588,0.3,0.098188,0,0,0,0,83.261,-6939.2,-12445,-2.8304e+05,-20192,-27.634,1.2685,-0.81151,86.386
-1.4898,-0.06515,-0.0655,0.99572,-1.1574,0.3,0.098282,0,0,0,0,82.681,-6800.9,-11048,-2.7821e+05,-19197,-26.821,1.1315,-0.94833,85.08
-1.455,-0.064558,-0.065283,0.99578,-1.1559,0.3,0.098376,0,0,0,0,82.036,-6642,-10002,-2.743e+05,-18985,-26.182,1.0347,-1.0886,84.047
-1.4325,-0.063801,-0.064984,0.99584,-1.1545,0.3,0.09847,0,0,0,0,81.341,-6539.4,-9266.5,-2.7217e+05,-18769,-25.835,0.96427,-1.1903,83.481
-1.4183,-0.063595,-0.064864,0.99587,-1.153,0.3,0.098565,0,0,0,0,80.727,-6474.4,-8715.5,-2.7111e+05,-18659,-25.661,0.91351,-1.2692,83.199
-1.4073,-0.063594,-0.064864,0.99587,-1.1515,0.3,0.09866,0,0,0,0,80.228,-6424,-8416.5,-2.7055e+05,-18630,-25.569,0.88757,-1.3353,83.054
-1.3985,-0.063594,-0.064864,0.99587,-1.15,0.3,0.098756,0,0,0,0,79.939,-6383.8,-8383.3,-2.7058e+05,-18664,-25.572,0.8879,-1.3975,83.068
-1.3922,-0.063594,-0.064864,0.99587,-1.1485,0.3,0.098851,0,0,0,0,79.962,-6355.4,-8632.3,-2.714e+05,-18794,-25.703,0.91685,-1.4612,83.295
-1.3886,-0.063593,-0.064865,0.99587,-1.147,0.3,0.098946,0,0,0,0,80.392,-6338.7,-9221.4,-2.7345e+05,-19082,-26.031,0.98153,-1.5422,83.847
-1.3908,-0.067545,-0.062593,0.99575,-1.1455,0.3,0.099041,0,0,0,0,81.044,-6348.8,-10515,-2.7649e+05,-18749,-26.518,1.113,-1.6486,84.653
-1.3975,-0.080416,-0.057334,0.99511,-1.1441,0.3,0.099146,0,0,0,0,81.407,-6379.3,-11402,-2.7804e+05,-17237,-26.761,1.1865,-1.6738,85.046
-1.3858,-0.090206,-0.053617,0.99448,-1.1426,0.3,0.09928,0,0,0,0,81.28,-6326.3,-10418,-2.7586e+05,-15838,-26.384,1.0781,-1.7083,84.437
-1.3566,-0.091091,-0.052886,0.99444,-1.1411,0.3,0.099412,0,0,0,0,80.863,-6192.5,-8818.3,-2.7224e+05,-15358,-25.778,0.92672,-1.8162,83.462
-1.3322,-0.091124,-0.05291,0.99443,-1.1397,0.3,0.099545,0,0,0,0,80.055,-6081.3,-7730,-2.6888e+05,-15217,-25.235,0.82456,-1.8719,82.572
-1.3247,-0.091592,-0.053182,0.99438,-1.139,0.3,0.099608,0,0,0,0,79.698,-6047.3,-7501,-2.6769e+05,-15186,-25.041,0.80303,-1.8867,82.255
-1.3107,-0.091695,-0.053182,0.99437,-1.1378,0.3,0.099717,0,0,0,0,79.138,-5983.1,-7048.7,-2.661e+05,-15131,-24.783,0.75982,-1.9052,81.829
-1.295,-0.091698,-0.053181,0.99437,-1.1364,0.3,0.099846,0,0,0,0,78.483,-5911.5,-6734.8,-2.6435e+05,-15048,-24.497,0.73316,-1.9565,81.363
-1.2816,-0.091701,-0.053181,0.99437,-1.135,0.3,0.099977,0,0,0,0,77.936,-5850.3,-6456.5,-2.6331e+05,-14967,-24.328,0.70873,-2.008,81.089
-1.2715,-0.091699,-0.053181,0.99437,-1.1335,0.3,0.10011,0,0,0,0,77.506,-5804.1,-6255.9,-2.6279e+05,-14930,-24.243,0.69139,-2.0523,80.955
-1.263,-0.0917,-0.053181,0.99437,-1.1321,0.3,0.10025,0,0,0,0,77.252,-5765.6,-6245.6,-2.6271e+05,-14952,-24.228,0.69245,-2.0935,80.94
-1.2559,-0.091701,-0.053181,0.99437,-1.1306,0.3,0.10039,0,0,0,0,77.232,-5733.3,-6447.5,-2.6318e+05,-15062,-24.3,0.71451,-2.14,81.074
-1.2508,-0.092369,-0.052515,0.99434,-1.1291,0.3,0.10052,0,0,0,0,77.5,-5709.8,-7091.2,-2.6465e+05,-15076,-24.527,0.77907,-2.2127,81.472
-1.2512,-0.1,-0.049694,0.99374,-1.1276,0.3,0.10066,0,0,0,0,77.7,-5711.8,-7908.3,-2.6609e+05,-14361,-24.749,0.85024,-2.2399,81.851
-1.2445,-0.10949,-0.046053,0.99292,-1.1262,0.3,0.10082,0,0,0,0,77.517,-5680.8,-7667.7,-2.6502e+05,-13127,-24.565,0.81551,-2.2555,81.548
-1.2209,-0.112,-0.044573,0.99271,-1.1247,0.3,0.10098,0,0,0,0,76.849,-5573.1,-6488.4,-2.6117e+05,-12405,-23.946,0.70009,-2.2982,80.516
-1.2119,-0.112,-0.044574,0.99271,-1.124,0.3,0.10106,0,0,0,0,76.538,-5532.1,-6131.7,-2.5978e+05,-12388,-23.726,0.66748,-2.307,80.147
-1.1931,-0.11342,-0.045279,0.99252,-1.1228,0.3,0.10119,0,0,0,0,75.793,-5446.4,-5294.8,-2.571e+05,-12277,-23.303,0.5901,-2.3128,79.43
-1.1751,-0.11411,-0.045664,0.99242,-1.1214,0.3,0.10135,0,0,0,0,75.14,-5364.2,-4972.9,-2.55e+05,-12408,-22.972,0.56312,-2.346,78.87
-1.1588,-0.11447,-0.04592,0.99236,-1.12,0.3,0.10151,0,0,0,0,74.448,-5289.7,-4739.5,-2.532e+05,-12434,-22.69,0.54255,-2.3816,78.392
-1.1448,-0.11453,-0.045971,0.99236,-1.1186,0.3,0.10168,0,0,0,0,73.799,-5226,-4523.8,-2.5181e+05,-12351,-22.475,0.52182,-2.4071,78.025
-1.1323,-0.11453,-0.045971,0.99236,-1.1171,0.3,0.10185,0,0,0,0,73.207,-5168.9,-4370.7,-2.5066e+05,-12274,-22.298,0.50693,-2.4221,77.721
-1.1205,-0.11453,-0.045972,0.99236,-1.1156,0.3,0.10202,0,0,0,0,72.674,-5115,-4334.8,-2.4964e+05,-12227,-22.142,0.50279,-2.4307,77.453
-1.1092,-0.11453,-0.045972,0.99236,-1.1141,0.3,0.10219,0,0,0,0,72.207,-5063.6,-4418.8,-2.4876e+05,-12209,-22.007,0.50959,-2.4381,77.224
-1.099,-0.11453,-0.045971,0.99236,-1.1127,0.3,0.10236,0,0,0,0,71.846,-5017,-4590.8,-2.4814e+05,-12228,-21.913,0.5243,-2.447,77.068
-1.0893,-0.11491,-0.045553,0.99233,-1.1113,0.3,0.10253,0,0,0,0,71.559,-4972.7,-5096.3,-2.48e+05,-12223,-21.89,0.56837,-2.4668,77.041
-1.087,-0.11587,-0.046357,0.99218,-1.1106,0.3,0.10261,0,0,0,0,71.46,-4962.1,-5341.6,-2.4808e+05,-12085,-21.898,0.58897,-2.4736,77.061
-1.082,-0.12639,-0.041771,0.9911,-1.1094,0.3,0.10275,0,0,0,0,71.122,-4939.3,-5620.2,-2.4792e+05,-11541,-21.868,0.60692,-2.4779,77.013
-1.0714,-0.12746,-0.040926,0.991,-1.108,0.3,0.10292,0,0,0,0,70.828,-4890.9,-5367.7,-2.4667e+05,-10827,-21.67,0.57821,-2.4982,76.669
-1.0524,-0.12838,-0.040368,0.9909,-1.1066,0.3,0.10311,0,0,0,0,70.39,-4804,-4466.4,-2.4444e+05,-10480,-21.327,0.49698,-2.533,76.068
-1.0361,-0.12912,-0.040865,0.99079,-1.1051,0.3,0.1033,0,0,0,0,69.897,-4729.7,-3681.7,-2.4274e+05,-10507,-21.069,0.4302,-2.5552,75.612
-1.0229,-0.13092,-0.041854,0.99051,-1.1036,0.3,0.10349,0,0,0,0,69.387,-4669.2,-3253.6,-2.4123e+05,-10718,-20.844,0.39601,-2.5673,75.212
-1.0087,-0.13218,-0.042556,0.99031,-1.1022,0.3,0.10369,0,0,0,0,68.856,-4604.4,-3188.6,-2.3949e+05,-10848,-20.588,0.39105,-2.5695,74.752
-0.99366,-0.13234,-0.042711,0.99028,-1.1008,0.3,0.10387,0,0,0,0,68.337,-4536,-3247.7,-2.3776e+05,-10802,-20.334,0.39404,-2.5592,74.292
-0.97719,-0.13234,-0.042714,0.99028,-1.0995,0.3,0.10404,0,0,0,0,67.481,-4460.8,-3296.4,-2.3542e+05,-10689,-19.994,0.39463,-2.5281,73.669
-0.95979,-0.13234,-0.042715,0.99028,-1.0974,0.3,0.10433,0,0,0,0,66.605,-4381.3,-3396,-2.3331e+05,-10620,-19.685,0.40091,-2.5132,73.105
-0.94639,-0.13234,-0.042714,0.99028,-1.096,0.3,0.10451,0,0,0,0,66.124,-4320.2,-3474.2,-2.3242e+05,-10605,-19.553,0.40731,-2.5265,72.87
-0.93661,-0.13234,-0.042713,0.99028,-1.0946,0.3,0.1047,0,0,0,0,65.782,-4275.5,-3562.4,-2.3202e+05,-10631,-19.494,0.41499,-2.5416,72.769
-0.92798,-0.1326,-0.042445,0.99026,-1.0931,0.3,0.10489,0,0,0,0,65.632,-4236.1,-3842.1,-2.3214e+05,-10655,-19.508,0.43891,-2.5683,72.808
-0.9213,-0.13684,-0.040892,0.98975,-1.0917,0.3,0.10509,0,0,0,0,65.485,-4205.6,-4330.8,-2.3219e+05,-10306,-19.508,0.47547,-2.5896,72.82
-0.9115,-0.14308,-0.038584,0.98896,-1.0903,0.3,0.10529,0,0,0,0,65.157,-4160.9,-4319.2,-2.309e+05,-9586,-19.319,0.46539,-2.5872,72.469
-0.89133,-0.14535,-0.037567,0.98867,-1.089,0.3,0.10548,0,0,0,0,64.295,-4068.8,-3637.6,-2.273e+05,-9088.7,-18.807,0.40105,-2.551,71.5
-0.86786,-0.14535,-0.037567,0.98867,-1.0868,0.3,0.10579,0,0,0,0,63.297,-3961.7,-3080.9,-2.2374e+05,-8941.1,-18.302,0.35178,-2.5159,70.538
-0.84945,-0.14535,-0.037565,0.98867,-1.0856,0.3,0.10598,0,0,0,0,62.639,-3877.6,-2748.9,-2.2179e+05,-8855.8,-18.027,0.32338,-2.5104,70.01
-0.83494,-0.14535,-0.037565,0.98867,-1.0841,0.3,0.10619,0,0,0,0,62.006,-3811.4,-2408.7,-2.2025e+05,-8744.6,-17.812,0.29395,-2.5048,69.596
-0.82163,-0.14535,-0.037565,0.98867,-1.0827,0.3,0.10641,0,0,0,0,61.41,-3750.6,-2084.9,-2.1886e+05,-8643.1,-17.62,0.26612,-2.4934,69.222
-0.80809,-0.14527,-0.037643,0.98868,-1.0812,0.3,0.10662,0,0,0,0,60.851,-3688.9,-1805.3,-2.1741e+05,-8563.3,-17.422,0.24218,-2.4758,68.833
-0.7947,-0.14508,-0.037891,0.98869,-1.0798,0.3,0.10682,0,0,0,0,60.346,-3627.7,-1563.4,-2.1597e+05,-8526.2,-17.228,0.22147,-2.4483,68.446
-0.77922,-0.14479,-0.038331,0.98872,-1.0785,0.3,0.10701,0,0,0,0,59.517,-3557.1,-1307.2,-2.1376e+05,-8508.9,-16.931,0.19944,-2.3991,67.851
-0.76187,-0.14443,-0.038856,0.98875,-1.0764,0.3,0.10733,0,0,0,0,58.658,-3477.9,-1118,-2.1163e+05,-8522.5,-16.644,0.18385,-2.3656,67.277
-0.74796,-0.14432,-0.03901,0.98876,-1.0751,0.3,0.10752,0,0,0,0,58.174,-3414.4,-941.68,-2.1059e+05,-8510.4,-16.504,0.16979,-2.3609,66.999
-0.73699,-0.14427,-0.039063,0.98877,-1.0737,0.3,0.10773,0,0,0,0,57.747,-3364.3,-698.34,-2.0981e+05,-8444.9,-16.399,0.14972,-2.354,66.789
-0.72624,-0.14426,-0.039068,0.98877,-1.0722,0.3,0.10794,0,0,0,0,57.368,-3315.2,-440.38,-2.0903e+05,-8357.6,-16.296,0.12843,-2.3435,66.581
-0.7151,-0.14426,-0.039067,0.98877,-1.0707,0.3,0.10815,0,0,0,0,57.034,-3264.4,-172.02,-2.0819e+05,-8252.5,-16.186,0.10649,-2.3318,66.359
-0.70422,-0.14465,-0.039316,0.9887,-1.0694,0.3,0.10835,0,0,0,0,56.753,-3214.7,173.58,-2.0743e+05,-8204.7,-16.085,0.079797,-2.3198,66.157
-0.69258,-0.1476,-0.040724,0.98821,-1.0681,0.3,0.10854,0,0,0,0,56.165,-3161.6,633.1,-2.058e+05,-8480.6,-15.872,0.048892,-2.2948,65.721
-0.67713,-0.15222,-0.04353,0.98739,-1.0659,0.3,0.10887,0,0,0,0,55.477,-3091,734.33,-2.0358e+05,-8964.6,-15.581,0.047376,-2.274,65.123
-0.66057,-0.15344,-0.044663,0.98715,-1.0646,0.3,0.10908,0,0,0,0,55.015,-3015.4,466.4,-2.0174e+05,-9162.4,-15.343,0.06975,-2.2675,64.628
-0.64595,-0.15345,-0.044664,0.98715,-1.0632,0.3,0.1093,0,0,0,0,54.525,-2948.7,311.31,-2.0009e+05,-9085.3,-15.129,0.080255,-2.2554,64.178
-0.6321,-0.15344,-0.044663,0.98715,-1.0617,0.3,0.10952,0,0,0,0,54.032,-2885.5,275.77,-1.9855e+05,-8999.5,-14.931,0.081671,-2.238,63.759
-0.61808,-0.15344,-0.044662,0.98715,-1.0603,0.3,0.10975,0,0,0,0,53.537,-2821.5,277.56,-1.9693e+05,-8912.1,-14.727,0.079825,-2.2121,63.319
-0.60298,-0.15345,-0.044661,0.98715,-1.0588,0.3,0.10997,0,0,0,0,52.826,-2752.6,321.08,-1.9473e+05,-8773.8,-14.452,0.073787,-2.1618,62.72
-0.59725,-0.15344,-0.04467,0.98715,-1.0581,0.3,0.11008,0,0,0,0,52.537,-2726.4,356.18,-1.9385e+05,-8728,-14.342,0.070718,-2.1441,62.478
-0.58353,-0.15344,-0.044663,0.98715,-1.057,0.3,0.11027,0,0,0,0,51.772,-2663.7,618.95,-1.9146e+05,-8607.6,-14.045,0.049758,-2.0901,61.825
-0.56772,-0.15157,-0.045274,0.98741,-1.0556,0.3,0.11048,0,0,0,0,51.243,-2591.6,906.19,-1.8971e+05,-8594.5,-13.828,0.02946,-2.0672,61.348
-0.55276,-0.14957,-0.046032,0.98768,-1.0542,0.3,0.11069,0,0,0,0,50.712,-2523.3,1195.3,-1.884e+05,-8645,-13.668,0.0090219,-2.0489,60.996
-0.54148,-0.14865,-0.046414,0.9878,-1.0527,0.3,0.11091,0,0,0,0,50.26,-2471.8,1374.3,-1.876e+05,-8629.8,-13.572,-0.0046274,-2.0312,60.783
-0.53068,-0.14884,-0.046618,0.98776,-1.0513,0.3,0.11113,0,0,0,0,49.863,-2422.5,1619.2,-1.8673e+05,-8556.1,-13.466,-0.023109,-2.0127,60.55
-0.5191,-0.1495,-0.047124,0.98764,-1.0498,0.3,0.11135,0,0,0,0,49.461,-2369.6,1929.3,-1.8553e+05,-8631.5,-13.323,-0.044189,-1.9863,60.23
-0.50706,-0.15641,-0.05157,0.98635,-1.0486,0.3,0.11153,0,0,0,0,48.812,-2314.7,2220.8,-1.8345e+05,-8962.9,-13.076,-0.0604,-1.9444,59.668
-0.5041,-0.15619,-0.051462,0.98638,-1.0484,0.3,0.11157,0,0,0,0,48.673,-2301.2,2184.8,-1.8296e+05,-9004.4,-13.017,-0.057217,-1.9367,59.533
-0.4924,-0.15576,-0.052051,0.98642,-1.047,0.3,0.11179,0,0,0,0,48.126,-2247.8,2205.4,-1.8111e+05,-9247.5,-12.796,-0.055335,-1.9083,59.027
-0.48763,-0.15582,-0.052178,0.98641,-1.0465,0.3,0.11186,0,0,0,0,47.978,-2226,2139.2,-1.8051e+05,-9228.8,-12.725,-0.050601,-1.9015,58.863
-0.47054,-0.15614,-0.052491,0.98634,-1.0452,0.3,0.11208,0,0,0,0,47.417,-2148,1987.9,-1.7838e+05,-9265.4,-12.471,-0.039249,-1.8789,58.277
-0.45542,-0.15614,-0.052489,0.98634,-1.0437,0.3,0.11231,0,0,0,0,46.828,-2079,2022.7,-1.7636e+05,-9138.1,-12.234,-0.042927,-1.8519,57.721
-0.44046,-0.15614,-0.052489,0.98634,-1.0423,0.3,0.11254,0,0,0,0,46.224,-2010.7,2156.6,-1.7427e+05,-8991.1,-11.991,-0.053561,-1.8193,57.144
-0.42519,-0.15614,-0.052489,0.98634,-1.0409,0.3,0.11276,0,0,0,0,45.63,-1940.9,2325.4,-1.7208e+05,-8834.7,-11.741,-0.067044,-1.777,56.541
-0.40751,-0.15614,-0.052489,0.98634,-1.0396,0.3,0.11296,0,0,0,0,44.611,-1860.2,2500,-1.6864e+05,-8615.3,-11.354,-0.081187,-1.7015,55.591
-0.38698,-0.15614,-0.052489,0.98634,-1.0375,0.3,0.1133,0,0,0,0,43.489,-1766.5,2601.7,-1.6477e+05,-8403.6,-10.92,-0.088837,-1.6294,54.516
-0.36754,-0.1549,-0.052256,0.98655,-1.0362,0.3,0.1135,0,0,0,0,42.727,-1677.8,2681.7,-1.6194e+05,-8194.9,-10.604,-0.094902,-1.5902,53.72
-0.35107,-0.15255,-0.051798,0.98694,-1.0347,0.3,0.11373,0,0,0,0,41.999,-1602.6,2932.9,-1.5985e+05,-7933.5,-10.364,-0.1132,-1.5596,53.069
-0.33723,-0.15145,-0.051575,0.98712,-1.0333,0.3,0.11395,0,0,0,0,41.354,-1539.4,3200.4,-1.5886e+05,-7767.3,-10.199,-0.13106,-1.5413,52.437
-0.3242,-0.15145,-0.051577,0.98712,-1.0318,0.3,0.11417,0,0,0,0,40.774,-1479.9,3133.9,-1.5954e+05,-7688.6,-10.062,-0.12518,-1.538,51.328
-0.31059,-0.15145,-0.051578,0.98712,-1.0304,0.3,0.11439,0,0,0,0,40.247,-1417.8,2864,-1.6426e+05,-7632.2,-9.9873,-0.10395,-1.5588,49.122
-0.2963,-0.15145,-0.05158,0.98712,-1.0292,0.3,0.11457,0,0,0,0,39.603,-1352.6,3565.5,-1.7845e+05,-7917,-9.9881,-0.12841,-1.5815,44.651
-0.29381,-0.15145,-0.05158,0.98712,-1.029,0.3,0.11461,0,0,0,0,39.502,-1341.2,3798.2,-1.8326e+05,-8056.7,-10.03,-0.13595,-1.5945,43.389
-0.28265,-0.15144,-0.05157,0.98712,-1.0277,0.3,0.1148,0,0,0,0,39.182,-1290.3,5563,-2.0522e+05,-9117,-10.183,-0.19942,-1.6073,38.775
-0.2772,-0.15144,-0.05157,0.98712,-1.0272,0.3,0.11488,0,0,0,0,39.097,-1265.4,6441.6,-2.1807e+05,-9710.7,-10.302,-0.22625,-1.6238,36.232
-0.26762,-0.15144,-0.051569,0.98712,-1.0268,0.3,0.11495,0,0,0,0,39.139,-1221.6,7619.8,-2.3831e+05,-11115,-10.554,-0.25536,-1.6228,33.459
-0.24432,-0.15143,-0.051573,0.98712,-1.0258,0.3,0.11509,0,0,0,0,39.537,-1115.3,10302,-3.0222e+05,-16741,-11.376,-0.30256,-1.6181,26.579
-0.24192,-0.1514,-0.051564,0.98713,-1.0257,0.3,0.11511,0,0,0,0,39.485,-1104.4,10301,-3.003e+05,-16544,-11.348,-0.30439,-1.5771,26.533
-0.22784,-0.15146,-0.051595,0.98712,-1.0249,0.3,0.11523,0,0,0,0,40.546,-1040.1,14643,-3.573e+05,-22254,-12.571,-0.36679,-1.7363,23.803
-0.23572,-0.15148,-0.051575,0.98711,-1.0241,0.3,0.11535,0,0,0,0,42.558,-1076,16270,-4.2677e+05,-28662,-14.285,-0.3923,-2.5959,22.322
-0.25244,-0.15146,-0.051572,0.98712,-1.0238,0.3,0.11541,0,0,0,0,43.681,-1152.4,11114,-4.6015e+05,-30641,-14.989,-0.38231,-3.3255,21.77
-0.88284,-0.89423,0.44388,0.057637,-0.81959,0.3,0.13777,0,0,0,0,67.944,-4030.1,20805,-51037,2.7512e+05,-29.108,1.8294,2.9427,28.033
-0.90817,-0.89426,0.4438,0.05769,-0.81959,0.3,0.13784,0,0,0,0,69.547,-4145.7,24208,-46271,2.7763e+05,-30.168,2.1837,3.3585,28.296
-0.60118,-0.8941,0.44415,0.057491,-0.81964,0.3,0.13705,0,0,0,0,49.42,-2744.3,-17851,-1.0151e+05,2.4952e+05,-16.538,-2.0011,-1.2969,25.116
-0.30237,-0.89302,0.44573,0.061396,-0.81969,0.3,0.13631,0,0,0,0,31.177,-1380.3,-35277,-91699,2.2713e+05,-4.1308,-5.9375,-3.3123,20.633
-0.46356,-0.91322,0.37926,0.13097,-0.81973,0.3,0.13576,0,0,0,0,42.61,-2116.1,-31927,-1.287e+05,2.4816e+05,-14.821,-2.8494,-3.0181,24.376
-0.52518,-0.89972,0.42333,0.10634,-0.81975,0.3,0.13549,0,0,0,0,47.061,-2397.4,-27121,-1.2035e+05,2.5975e+05,-18.912,-1.5611,-2.5439,25.448
-0.67121,-0.89972,0.42333,0.10634,-0.81984,0.3,0.13485,0,0,0,0,56.811,-3064,-36524,-1.7222e+05,2.7635e+05,-28.225,1.1245,-3.8757,29.346
-0.26126,-0.03536,0.1054,0.9938,-0.12122,0.3,0.23214,0,0,0,0,6.525,-1192.6,1.0185e+05,-1.0254e+06,1.1434e+05,-19.897,-2.1015,-1.1096,6.5989
-0.31105,-0.022374,0.10406,0.99432,-0.11982,0.3,0.23217,0,0,0,0,4.3853,-1419.9,99625,-1.2065e+06,1.2522e+05,-22.999,-1.9605,-0.60956,5.7699
-0.26454,-0.067494,0.10678,0.99198,-0.12196,0.3,0.23209,0,0,0,0,7.1568,-1207.6,1.0031e+05,-9.8763e+05,1.115e+05,-19.287,-2.0907,-1.1466,6.8943
-0.35085,-0.022372,0.10406,0.99432,-0.11898,0.3,0.23219,0,0,0,0,3.3625,-1601.6,1.081e+05,-1.3908e+06,1.448e+05,-26.212,-2.0745,-0.35806,5.142
-0.26811,-0.073042,0.10619,0.99166,-0.12314,0.3,0.23201,0,0,0,0,8.7591,-1223.9,1.0062e+05,-8.8146e+05,1.0493e+05,-17.485,-2.1531,-1.2969,7.5193
-0.37237,-0.022374,0.10406,0.99432,-0.11857,0.3,0.2322,0,0,0,0,2.8553,-1699.8,1.1044e+05,-1.4914e+06,1.5523e+05,-28,-2.0933,-0.19865,4.8642
-0.27452,-0.074346,0.10557,0.99163,-0.12376,0.3,0.23196,0,0,0,0,10.021,-1253.1,94736,-8.0734e+05,94108,-16.273,-2.0616,-1.2688,8.0842
-0.37499,-0.022372,0.10406,0.99432,-0.11844,0.3,0.2322,0,0,0,0,2.8273,-1711.8,1.1239e+05,-1.5261e+06,1.5881e+05,-28.618,-2.1254,-0.17817,4.7784
-0.27505,-0.074859,0.10527,0.99162,-0.12394,0.3,0.23194,0,0,0,0,10.645,-1255.6,93520,-7.9285e+05,92086,-16.034,-2.0434,-1.2649,8.2007
-0.41734,-0.023121,0.10406,0.9943,-0.11762,0.3,0.23222,0,0,0,0,2.4394,-1905.1,1.2119e+05,-1.7466e+06,1.82e+05,-32.607,-2.2656,-0.041408,4.3819
-0.27516,-0.075182,0.10564,0.99155,-0.12397,0.3,0.23194,0,0,0,0,10.489,-1256.1,93482,-7.9136e+05,92182,-16.006,-2.0433,-1.2641,8.2042
-0.46728,-0.023405,0.10406,0.9943,-0.1169,0.3,0.23223,0,0,0,0,1.7033,-2133.1,1.1378e+05,-2.1781e+06,2.2965e+05,-40.62,-2.2958,-1.6215,4.134
-0.28146,-0.070661,0.10286,0.99218,-0.12461,0.3,0.2319,0,0,0,0,11.613,-1284.8,88469,-7.2418e+05,83357,-14.925,-1.9718,-1.2617,8.7769
-0.4841,-0.023402,0.10406,0.9943,-0.11625,0.3,0.23225,0,0,0,0,1.202,-2209.8,1.0273e+05,-2.5196e+06,2.6781e+05,-46.986,-2.2634,-3.2259,4.0062
-0.2814,-0.070893,0.10293,0.99216,-0.12463,0.3,0.23189,0,0,0,0,11.689,-1284.6,88384,-7.2294e+05,83239,-14.904,-1.9708,-1.2622,8.7876
-0.27427,-0.083302,0.10733,0.9907,-0.1253,0.3,0.23185,0,0,0,0,14.674,-1252,87197,-7.0338e+05,83599,-14.537,-1.9658,-1.2839,8.9464
-0.27533,-0.086087,0.10792,0.99041,-0.12569,0.3,0.23182,0,0,0,0,15.944,-1256.9,84640,-6.6907e+05,79853,-14.003,-1.9353,-1.2841,9.2936
-0.27614,-0.085696,0.1079,0.99044,-0.12605,0.3,0.23179,0,0,0,0,17.008,-1260.5,82923,-6.4203e+05,76874,-13.578,-1.9167,-1.3003,9.5519
-0.28718,-0.13293,0.10909,0.9851,-0.12886,0.3,0.23147,0,0,0,0,32.087,-1311,71841,-4.9585e+05,63346,-10.792,-1.7293,-1.2981,10.217
-0.29663,-0.13756,0.11027,0.98424,-0.12943,0.3,0.2314,0,0,0,0,33.117,-1354.1,71156,-4.7977e+05,62047,-10.448,-1.7162,-1.2852,10.247
-0.36893,-0.15973,0.10121,0.98189,-0.13239,0.3,0.23101,0,0,0,0,38.721,-1684.1,57920,-3.7213e+05,48110,-8.0558,-1.4055,-1.1649,10.033
-0.40564,-0.16814,0.095537,0.98104,-0.13318,0.3,0.23088,0,0,0,0,37.172,-1851.7,54760,-3.3397e+05,43938,-7.2367,-1.3366,-1.1204,10.053
-0.44941,-0.17725,0.10252,0.97865,-0.13429,0.3,0.23067,0,0,0,0,35.398,-2051.5,52212,-2.872e+05,38549,-6.2447,-1.2827,-1.0721,10.125
-0.48182,-0.18489,0.10625,0.97687,-0.13514,0.3,0.23052,0,0,0,0,34.201,-2199.5,50661,-2.5213e+05,34792,-5.4933,-1.2497,-1.037,10.176
-0.49128,-0.18909,0.10572,0.97625,-0.13535,0.3,0.23049,0,0,0,0,33.812,-2242.6,50364,-2.4273e+05,34087,-5.2923,-1.2411,-1.0177,10.128
-0.53243,-0.20667,0.10761,0.9723,-0.13688,0.3,0.23016,0,0,0,0,34.33,-2430.5,49577,-2.4018e+05,35742,-5.4279,-1.2909,-1.119,11.199
-0.53817,-0.21658,0.11056,0.96978,-0.13749,0.3,0.23001,0,0,0,0,35.895,-2456.7,51654,-2.6513e+05,40447,-6.1016,-1.3851,-1.2214,11.953
-0.55721,-0.2231,0.10928,0.96861,-0.13793,0.3,0.22992,0,0,0,0,34.772,-2543.6,50253,-2.4723e+05,38534,-5.7322,-1.359,-1.2035,12.057
-0.57419,-0.22407,0.10941,0.9684,-0.1384,0.3,0.22982,0,0,0,0,34.794,-2621.1,49632,-2.3438e+05,37493,-5.4763,-1.3527,-1.1912,12.186
-0.81898,-0.27493,0.10494,0.95572,-0.14415,0.3,0.22827,0,0,0,0,41.867,-3738.6,47589,-2.7953e+05,45788,-8.0864,-1.619,-1.748,17.251
-1.2756,-0.26606,0.1036,0.95837,-0.14947,0.3,0.22669,0,0,0,0,60.885,-5822.9,42502,-4.7275e+05,63167,-17.519,-1.8827,-2.9106,24.244
-1.6622,-0.22059,0.11234,0.96874,-0.15417,0.3,0.22538,0,0,0,0,81.089,-7587.9,35738,-7.2791e+05,95685,-29.183,-1.8439,-3.2387,28.126
-1.737,-0.21302,0.11264,0.97052,-0.15515,0.3,0.22512,0,0,0,0,81.944,-7929.2,35828,-7.7727e+05,99624,-31.329,-1.8685,-3.1467,28.658
-1.8011,-0.19333,0.11656,0.97373,-0.15574,0.3,0.22498,0,0,0,0,76.007,-8221.9,42700,-8.225e+05,1.0513e+05,-32.977,-2.1083,-2.7828,28.4
-1.9924,-0.14611,0.1201,0.98182,-0.15815,0.3,0.22454,0,0,0,0,58.413,-9095.3,47941,-9.9454e+05,1.1872e+05,-38.767,-2.1154,-0.80775,27.277
-2.186,-0.10418,0.11856,0.98656,-0.15973,0.3,0.22436,0,0,0,0,47.984,-9979,67335,-1.29e+06,1.3794e+05,-50.21,-2.6537,1.9155,27.425
-2.3265,-0.088185,0.11735,0.98897,-0.16078,0.3,0.22421,0,0,0,0,39.873,-10620,74055,-1.4283e+06,1.4854e+05,-55.304,-2.7968,3.255,27.316
-2.3971,-0.059267,0.11293,0.9917,-0.16133,0.3,0.22416,0,0,0,0,31.189,-10942,83217,-1.5487e+06,1.5251e+05,-59.608,-2.9951,4.8625,26.983
-2.407,0.0054769,0.098137,0.99501,-0.16414,0.3,0.2242,0,0,0,0,8.3851,-10988,69005,-1.9449e+06,1.836e+05,-71.793,-1.5889,12.104,25.478
-2.4023,0.013147,0.097237,0.99517,-0.16483,0.3,0.22421,0,0,0,0,8.5639,-10966,63720,-2.0231e+06,1.9212e+05,-74.35,-1.2146,13.488,25.398
-2.1508,0.14643,0.099831,0.98417,-0.16747,0.3,0.2246,0,0,0,0,11.031,-9818.2,11413,-2.5917e+06,2.6056e+05,-83.988,2.0174,24.236,22.3
-1.9801,0.26189,0.096019,0.96031,-0.16935,0.3,0.2251,0,0,0,0,9.3035,-9038.9,-2071.4,-3.0522e+06,3.0709e+05,-83.991,3.4671,34.331,18.543
-1.9447,0.26623,0.095309,0.95915,-0.16972,0.3,0.2252,0,0,0,0,8.9848,-8877.3,-3705.1,-3.1471e+06,3.1449e+05,-84.047,3.7016,36.249,17.783
-1.9358,0.38949,0.089624,0.91666,-0.16981,0.3,0.22522,0,0,0,0,8.7065,-8836.6,-5420.2,-3.176e+06,3.1844e+05,-83.892,3.8264,36.967,17.568
-1.7595,0.44194,0.08398,0.8931,-0.17211,0.3,0.22619,0,0,0,0,6.2115,-8031.9,-11647,-3.5395e+06,3.3904e+05,-81.748,5.0748,50.622,15.835
-1.3723,0.54389,0.073208,0.83582,-0.17312,0.3,0.22677,0,0,0,0,7.2786,-6264.6,-36356,-3.9476e+06,3.4125e+05,-81.039,6.4247,65.312,15.193
-0.60977,0.62291,0.064877,0.77959,-0.17469,0.3,0.228,0,0,0,0,7.4109,-2783.5,-61823,-4.4849e+06,3.864e+05,-70.513,7.8355,78.378,12.483
-0.34418,0.77162,0.042888,0.62976,-0.17504,0.3,0.22847,0,0,0,0,6.601,-1571.2,-62021,-4.4319e+06,3.8128e+05,-61.447,7.7089,78.53,11.336
0.14289,0.83453,0.034016,0.54989,-0.17573,0.3,0.22936,0,0,0,0,4.93,652.29,-58223,-4.441e+06,3.8808e+05,-45.577,7.5883,80.024,9.0017
0.20974,0.91396,0.021655,0.40512,-0.17578,0.3,0.22944,0,0,0,0,4.5992,957.45,-62594,-4.365e+06,3.8639e+05,-41.927,7.5762,78.98,8.6627
0.64339,0.94313,0.014311,0.33202,-0.17601,0.3,0.22998,0,0,0,0,3.3839,2937,-44500,-3.8092e+06,3.0302e+05,-23.261,5.797,70.278,7.0771
1.0088,0.98536,-0.0022983,0.17023,-0.17619,0.3,0.23064,0,0,0,0,3.2564,4604.9,-30418,-2.9056e+06,1.9192e+05,-10.839,3.6045,53.976,6.0173
1.1647,0.99649,-0.011457,0.082253,-0.17625,0.3,0.23136,0,0,0,0,3.1448,5316.7,-29471,-2.3085e+06,1.3172e+05,-4.9409,2.4946,42.96,5.3359
-0.96335,-0.07728,0.10505,0.99052,0.061749,0.3,0.50027,0,0,0,0,92.039,-4397.6,91052,-7.1223e+05,81601,-35.387,-4.4125,-0.15519,38.24
-0.88375,-0.12781,0.056657,0.99009,0.066403,0.3,0.50085,0,0,0,0,87.518,-4034.2,67087,-6.3663e+05,51543,-31.253,-3.4337,-2.1013,37.105
-1.007,-0.071822,0.12007,0.99005,0.059655,0.3,0.5,0,0,0,0,94.481,-4597,93444,-7.0892e+05,87929,-37.058,-4.6534,0.90581,41.316
-0.70703,-0.18545,0.046086,0.98156,0.071981,0.3,0.50184,0,0,0,0,75.891,-3227.5,39653,-5.7755e+05,31021,-25.711,-1.9202,-3.413,32.797
-1.0473,-0.072771,0.13836,0.98723,0.056984,0.3,0.49993,0,0,0,0,87.169,-4780.8,1.0872e+05,-7.7264e+05,1.1737e+05,-39.408,-4.8762,2.9103,41.708
-0.53765,-0.19915,0.03779,0.97924,0.077676,0.3,0.50301,0,0,0,0,64.658,-2454.3,5002.5,-5.2096e+05,16893,-21.029,-0.32917,-3.6957,28.975
-1.1279,-0.039691,0.17666,0.98346,0.053997,0.3,0.4998,0,0,0,0,85.663,-5148.5,1.2811e+05,-8.6837e+05,1.5205e+05,-43.743,-5.2506,5.705,41.525
-0.40547,-0.19521,0.039153,0.97998,0.083333,0.3,0.50418,0,0,0,0,57.316,-1850.9,-22875,-5.1544e+05,11167,-18.414,0.72686,-3.5751,24.731
-1.1807,0.065512,0.18809,0.9796,0.051252,0.3,0.49983,0,0,0,0,55.955,-5389.6,1.7071e+05,-1.0712e+06,2.1129e+05,-49.296,-5.8995,8.9198,37.13
-0.31237,-0.18196,0.048472,0.98208,0.089257,0.3,0.50531,0,0,0,0,52.074,-1426,-52104,-5.7445e+05,16147,-17.594,1.4756,-3.3534,19.727
-1.1442,0.097245,0.20863,0.97287,0.048634,0.3,0.50005,0,0,0,0,19.964,-5223.1,2.3519e+05,-1.359e+06,2.7911e+05,-53.914,-6.7558,11.903,29.92
-0.30126,-0.18,0.051504,0.98222,0.089775,0.3,0.5054,0,0,0,0,48.794,-1375.2,-55627,-5.8582e+05,18862,-17.533,1.5443,-3.2769,19.156
-1.1414,0.10214,0.21265,0.97171,0.048268,0.3,0.50007,0,0,0,0,14.853,-5210.4,2.4052e+05,-1.3842e+06,2.844e+05,-54.363,-6.804,12.299,29.371
-0.29036,-0.16954,0.058261,0.98377,0.091654,0.3,0.50576,0,0,0,0,51.289,-1325.5,-68802,-5.8752e+05,17029,-17.008,1.8897,-3.1935,17.718
-1.1405,0.10209,0.21137,0.97188,0.04815,0.3,0.50008,0,0,0,0,15.213,-5206.4,2.4315e+05,-1.3954e+06,2.8801e+05,-54.544,-6.8185,12.492,29.087
-0.28522,-0.16675,0.059772,0.98419,0.092174,0.3,0.50585,0,0,0,0,50.971,-1302,-71374,-5.9135e+05,17521,-16.933,1.9487,-3.1647,17.335
-1.1359,0.10768,0.21454,0.97074,0.047837,0.3,0.50012,0,0,0,0,14.972,-5185.1,2.4565e+05,-1.4068e+06,2.9314e+05,-54.849,-6.8348,12.707,28.773
-0.28323,-0.16611,0.060212,0.98426,0.092252,0.3,0.50587,0,0,0,0,50.956,-1292.9,-71879,-5.9304e+05,17911,-16.94,1.957,-3.1585,17.264
-1.0496,0.20769,0.27013,0.94016,0.045078,0.3,0.50055,0,0,0,0,14.063,-4791.1,3.0405e+05,-1.6633e+06,3.9056e+05,-57.27,-6.5532,16.381,24.742
-0.27624,-0.16384,0.061349,0.98454,0.092561,0.3,0.50592,0,0,0,0,48.086,-1261,-73012,-5.9834e+05,20420,-16.878,1.9544,-3.1033,16.964
-0.92017,0.20769,0.27013,0.94016,0.042536,0.3,0.50116,0,0,0,0,8.9668,-4200.5,4.1348e+05,-2.0729e+06,5.521e+05,-59.047,-5.9906,21.419,18.625
-0.23947,-0.1558,0.065112,0.98561,0.094181,0.3,0.50619,0,0,0,0,36.434,-1093.2,-79542,-6.2832e+05,31260,-16.692,1.9748,-2.8528,15.486
-0.91508,0.27916,0.30793,0.90953,0.042436,0.3,0.50118,0,0,0,0,8.8834,-4177.2,4.1768e+05,-2.0886e+06,5.5842e+05,-59.115,-5.9644,21.62,18.411
-0.2108,-0.1444,0.071267,0.98695,0.095203,0.3,0.50634,0,0,0,0,28.288,-962.26,-83694,-6.5485e+05,39327,-16.693,1.9786,-2.6848,14.449
-0.91507,0.27932,0.30788,0.9095,0.042435,0.3,0.50118,0,0,0,0,8.8742,-4177.2,4.1783e+05,-2.089e+06,5.5845e+05,-59.109,-5.9647,21.622,18.402
-0.19883,-0.13874,0.074352,0.98747,0.096675,0.3,0.50652,0,0,0,0,23.356,-907.63,-83485,-6.7536e+05,46124,-16.679,1.9074,-2.5546,13.733
-0.91343,0.27983,0.30828,0.90917,0.042416,0.3,0.50119,0,0,0,0,8.8474,-4169.7,4.1882e+05,-2.0914e+06,5.5990e+05,-59.093,-5.9497,21.676,18.37
-0.14819,-0.13583,0.089301,0.98669,0.098801,0.3,0.50682,0,0,0,0,14.641,-676.49,-82786,-7.3044e+05,59470,-17.115,1.7621,-2.3634,12.213
-0.80214,0.31593,0.33054,0.8889,0.040827,0.3,0.50172,0,0,0,0,5.6531,-3661.7,5.2086e+05,-2.3648e+06,6.7745e+05,-57.502,-5.0431,26.17,14.363
-0.13593,-0.095766,0.098114,0.99054,0.10147,0.3,0.50712,0,0,0,0,9.7065,-620.52,-82588,-8.2905e+05,74741,-18.263,1.6112,-2.3022,10.587
-0.67193,0.35715,0.34099,0.86957,0.0397,0.3,0.50218,0,0,0,0,4.551,-3067.3,5.6662e+05,-2.4893e+06,7.7333e+05,-56.905,-3.3032,30.534,13.147
-0.13407,-0.095934,0.099747,0.99036,0.10178,0.3,0.50714,0,0,0,0,9.4617,-612.03,-81806,-8.4439e+05,77564,-18.439,1.5838,-2.2695,10.367
-0.64249,0.39003,0.36111,0.84694,0.039473,0.3,0.50228,0,0,0,0,4.6687,-2932.9,5.7147e+05,-2.508e+06,7.9806e+05,-56.862,-2.7818,31.461,13.076
-0.12617,-0.099326,0.11017,0.98891,0.10387,0.3,0.50738,0,0,0,0,7.0321,-575.98,-89610,-9.4519e+05,95605,-19.572,1.6492,-2.093,8.7399
-0.56796,0.40751,0.37069,0.83448,0.038867,0.3,0.50255,0,0,0,0,5.0342,-2592.7,5.8212e+05,-2.5656e+06,8.626e+05,-56.935,-1.3971,33.862,12.869
-0.12429,-0.099538,0.11095,0.98882,0.10398,0.3,0.50739,0,0,0,0,6.814,-567.38,-92745,-9.5548e+05,98496,-19.641,1.6969,-2.0772,8.5503
-0.48933,0.42893,0.38283,0.81776,0.038324,0.3,0.50283,0,0,0,0,5.269,-2233.7,5.9969e+05,-2.6113e+06,9.3142e+05,-56.443,0.017218,36.118,12.627
-0.11482,-0.067266,0.11385,0.99122,0.10652,0.3,0.50757,0,0,0,0,6.1465,-524.15,-90409,-1.0304e+06,1.05e+05,-20.66,1.6154,-1.9279,7.7733
-0.37848,0.46729,0.40584,0.78532,0.037519,0.3,0.50332,0,0,0,0,5.4981,-1727.7,6.6676e+05,-2.784e+06,1.0625e+06,-56.079,2.0319,39.921,12.012
-0.12183,-0.056248,0.1225,0.99087,0.10778,0.3,0.50765,0,0,0,0,5.3027,-556.16,-70925,-1.1109e+06,1.2859e+05,-21.92,1.2163,-1.6557,7.0927
-0.16975,0.58959,0.4619,0.66186,0.036874,0.3,0.50377,0,0,0,0,5.8345,-774.91,7.4114e+05,-3.0986e+06,1.3127e+06,-56.276,6.1415,45.752,10.819
-0.13074,-0.042132,0.13029,0.99058,0.1093,0.3,0.50773,0,0,0,0,4.4289,-596.8,-34849,-1.216e+06,1.6974e+05,-23.599,0.53287,-1.0686,6.2703
-0.10884,0.59778,0.46718,0.65135,0.036716,0.3,0.5039,0,0,0,0,5.9115,-496.86,7.6452e+05,-3.1884e+06,1.3877e+06,-56.348,7.3133,47.395,10.447
-0.14498,-0.024283,0.13957,0.98991,0.11072,0.3,0.50778,0,0,0,0,4.5015,-661.8,14132,-1.3904e+06,2.1245e+05,-26.875,-0.36298,-0.55006,6.0286
-0.097108,0.60277,0.46849,0.64567,0.036682,0.3,0.50393,0,0,0,0,5.8006,-443.29,7.6598e+05,-3.1814e+06,1.3928e+06,-55.966,7.5314,47.482,10.348
-0.16082,-0.023228,0.14066,0.98979,0.11155,0.3,0.5078,0,0,0,0,4.5935,-734.12,40310,-1.4305e+06,2.237e+05,-28.144,-0.87633,-0.39006,6.58
-0.076741,0.59859,0.47137,0.64765,0.036617,0.3,0.504,0,0,0,0,5.7087,-350.31,7.6247e+05,-3.1661e+06,1.4009e+06,-55.256,7.8877,47.344,10.184
-0.16849,-0.022764,0.14113,0.98973,0.11192,0.3,0.50781,0,0,0,0,4.6758,-769.14,58108,-1.4912e+06,2.3741e+05,-29.317,-1.2033,-0.30136,6.5887
-0.029041,0.59846,0.48092,0.64033,0.03654,0.3,0.50406,0,0,0,0,5.6001,-132.57,7.5645e+05,-3.1491e+06,1.4363e+06,-54.306,8.793,47.302,9.8498
-0.17828,-0.022276,0.14166,0.98966,0.11226,0.3,0.50781,0,0,0,0,4.935,-813.82,60408,-1.5281e+06,2.3994e+05,-30.076,-1.2458,-0.26644,6.833
-0.0061379,0.60227,0.45916,0.65301,0.036482,0.3,0.5041,0,0,0,0,6.334,-28.019,8.1259e+05,-3.3859e+06,1.5469e+06,-57.66,9.0926,50.111,9.9904
-0.20291,-0.022254,0.14165,0.98967,0.11306,0.3,0.50783,0,0,0,0,6.0918,-926.25,82838,-1.5706e+06,2.5099e+05,-32.392,-1.7736,-0.22202,8.235
0.022733,0.60646,0.45786,0.64952,0.036408,0.3,0.50418,0,0,0,0,6.3051,103.77,8.1599e+05,-3.3936e+06,1.5781e+06,-57.321,9.6623,50.334,9.8011
-0.23631,-0.022252,0.14165,0.98967,0.1138,0.3,0.50785,0,0,0,0,7.6072,-1078.7,1.0709e+05,-1.6364e+06,2.5523e+05,-36.235,-2.5485,-1.0102,10.345
0.22192,0.63436,0.49112,0.59395,0.035894,0.3,0.50472,0,0,0,0,4.5641,1013.1,7.3058e+05,-2.9765e+06,1.6185e+06,-47.601,13.903,46.512,7.9027
-0.27715,-0.02224,0.14166,0.98966,0.11467,0.3,0.50787,0,0,0,0,15.441,-1265.2,1.1337e+05,-1.3968e+06,2.0333e+05,-35.663,-3.0185,-1.0154,14.609
0.35871,0.71598,0.49502,0.48515,0.035567,0.3,0.50515,0,0,0,0,3.6821,1637.5,6.7423e+05,-2.6775e+06,1.6414e+06,-41.238,16.581,43.491,6.8803
-0.31437,-0.022201,0.14169,0.98966,0.115,0.3,0.50787,0,0,0,0,25.918,-1435,1.2463e+05,-1.0958e+06,1.407e+05,-33.711,-3.5479,-0.082916,19.042
0.50085,0.75057,0.51149,0.41816,0.035417,0.3,0.50539,0,0,0,0,3.0861,2286.3,5.6557e+05,-2.2617e+06,1.7064e+06,-34.351,20.116,37.785,6.0993
0.53234,0.80659,0.49925,0.31648,0.035352,0.3,0.50551,0,0,0,0,3.0125,2430.1,5.3322e+05,-2.1637e+06,1.7182e+06,-32.885,20.908,36.417,6.0013
0.70019,0.80659,0.49925,0.31648,0.035107,0.3,0.50613,0,0,0,0,2.8541,3196.3,3.7083e+05,-1.4799e+06,1.7253e+06,-24.593,24.502,26.099,5.3693
0.72275,0.82704,0.53034,0.18126,0.035088,0.3,0.50623,0,0,0,0,2.881,3299.3,3.6152e+05,-1.3387e+06,1.7129e+06,-23.289,24.616,23.929,5.2526
0.73513,0.8312,0.52681,0.16756,0.035071,0.3,0.50646,0,0,0,0,2.8285,3355.8,3.3166e+05,-1.2029e+06,1.6946e+06,-21.911,24.802,21.691,5.1274
0.77932,0.85153,0.51379,0.10398,0.035005,0.3,0.50686,0,0,0,0,2.8232,3557.5,2.9473e+05,-9.2951e+05,1.6991e+06,-19.418,25.689,17.428,4.9015
-0.21846,-0.027551,-9.17e-06,-0.99962,-0.3108,0.3,0.36402,0,0,0,0,23.946,-997.24,46242,9.2751e+05,63916,-31.652,1.2533,-0.9899,85.339
-0.20744,-0.027544,-1.1683e-05,-0.99962,-0.31,0.3,0.364,0,0,0,0,34.634,-946.96,18985,1.6496e+05,-1940.3,-25.996,1.0764,-0.80014,160.15
-0.22092,-0.027551,3.8619e-08,-0.99962,-0.31147,0.3,0.36404,0,0,0,0,18.989,-1008.5,53881,1.215e+06,69914,-30.991,1.1138,-0.92356,16.105
-0.20129,-0.027556,1.2677e-06,-0.99962,-0.3122,0.3,0.36406,0,0,0,0,14.277,-918.87,75938,1.0314e+06,18184,-26.822,1.6586,-0.010238,15.994
-0.18226,-0.027555,-4.4777e-06,-0.99962,-0.31294,0.3,0.36408,0,0,0,0,2.5401,-831.98,1.3676e+05,1.385e+06,43058,-28.467,2.8415,0.33481,8.4718
-0.17105,-0.027559,1.6675e-06,-0.99962,-0.31369,0.3,0.3641,0,0,0,0,0.80992,-780.83,1.4186e+05,1.4182e+06,52877,-26.827,2.8129,0.13797,5.3044
-0.17331,-0.027562,1.1953e-06,-0.99962,-0.31444,0.3,0.36412,0,0,0,0,0.22186,-791.14,61288,1.1301e+06,34232,-20.844,1.2183,-0.028755,3.1735
-0.17096,-0.027547,-5.6205e-06,-0.99962,-0.31519,0.3,0.36414,0,0,0,0,0.064158,-780.42,62747,8.6948e+05,20945,-15.958,1.1832,-0.053057,2.3797
-0.15883,-0.027548,5.1305e-06,-0.99962,-0.31594,0.3,0.36416,0,0,0,0,0.059946,-725.02,1.0333e+05,8.4873e+05,19555,-15.564,1.8817,0.2084,2.3567
-0.15013,-0.027562,1.1779e-05,-0.99962,-0.31668,0.3,0.36418,0,0,0,0,0.064447,-685.31,53295,8.2535e+05,20255,-15.132,0.9563,0.22339,2.3123
-0.14211,-0.027558,-7.1102e-07,-0.99962,-0.31743,0.3,0.3642,0,0,0,0,0.071604,-648.72,2198.5,8.0794e+05,21049,-14.81,0.014167,0.22345,2.2606
-0.14133,-0.027543,-9.1831e-06,-0.99962,-0.31816,0.3,0.36422,0,0,0,0,0.084446,-645.14,-23307,7.8679e+05,18662,-14.395,-0.42468,0.20905,2.2109
-0.25349,-0.084986,0.00025859,-0.99638,-0.33614,0.3,0.3654,1,0,0,0,0.063662,-1157.1,70660,8.3255e+05,16540,-15.39,1.1852,-0.50261,2.2819
-0.24338,-0.084969,0.00026377,-0.99638,-0.3354,0.3,0.36534,1,0,0,0,0.064103,-1111,1.1457e+05,8.0227e+05,10918,-14.83,2.125,-0.31001,2.2337
-0.25925,-0.084968,0.00026177,-0.99638,-0.33689,0.3,0.36546,1,0,0,0,0.064027,-1183.4,37896,8.4253e+05,19741,-15.572,0.58422,-0.53911,2.3044
-0.22173,-0.076484,0.00014368,-0.99707,-0.33466,0.3,0.36527,1,0,0,0,0.061516,-1012.2,2.5765e+05,7.444e+05,-20937,-13.713,4.8396,0.14586,2.2023
-0.25919,-0.084963,0.00027283,-0.99638,-0.33763,0.3,0.36553,1,0,0,0,0.066551,-1183.2,79124,8.4929e+05,16291,-15.67,1.3578,-0.28481,2.3209
-0.20658,-0.066716,9.0005e-05,-0.99777,-0.33391,0.3,0.36522,1,0,0,0,0.056322,-942.99,2.9282e+05,7.6311e+05,-20835,-14.021,5.4169,0.29024,2.2218
-0.26012,-0.084984,0.00026749,-0.99638,-0.33837,0.3,0.36559,1,0,0,0,0.076265,-1187.4,2.1305e+05,8.6064e+05,4435.4,-15.838,3.9455,0.10011,2.3444
-0.21177,-0.065436,0.00015608,-0.99786,-0.33317,0.3,0.36517,1,0,0,0,0.055695,-966.73,1.4769e+05,8.3012e+05,12214,-15.281,2.6719,-0.10773,2.2389
-0.2754,-0.084984,0.00025722,-0.99638,-0.3391,0.3,0.36565,1,0,0,0,0.097438,-1257.2,1.621e+05,9.2533e+05,9034.7,-17.069,3.0368,-0.39932,2.3993
-0.21869,-0.065453,0.000162,-0.99786,-0.33242,0.3,0.36512,1,0,0,0,0.058526,-998.31,62713,8.4824e+05,18641,-15.636,1.0518,-0.45962,2.2438
-0.2217,-0.065448,0.00017095,-0.99786,-0.33169,0.3,0.36508,1,0,0,0,0.059259,-1012.1,17757,8.5583e+05,22210,-15.85,0.34367,-0.95091,2.2695
-0.22278,-0.065454,0.00016576,-0.99786,-0.33099,0.3,0.36503,1,0,0,0,0.058016,-1017,9533.8,8.7322e+05,23991,-16.261,0.33253,-1.5182,2.3425
-0.22361,-0.065474,0.0001601,-0.99785,-0.33043,0.3,0.36499,1,0,0,0,0.067516,-1020.7,-5201.8,8.8501e+05,24576,-16.423,-0.067184,-1.4136,2.3659
-0.19912,-0.06544,0.00015823,-0.99786,-0.32343,0.3,0.36453,2,0,0,0,0.058162,-908.98,41016,7.9341e+05,19679,-14.615,0.65871,-0.25158,2.2324
-0.1961,-0.065451,0.00016177,-0.99786,-0.32268,0.3,0.36449,2,0,0,0,0.058873,-895.18,34165,7.9867e+05,20462,-14.715,0.53007,-0.28204,2.2323
-0.20282,-0.065449,0.00016144,-0.99786,-0.32417,0.3,0.36458,2,0,0,0,0.058488,-925.84,35735,7.919e+05,19783,-14.586,0.56318,-0.2622,2.2351
-0.19274,-0.065452,0.00016656,-0.99786,-0.32194,0.3,0.36444,2,0,0,0,0.059443,-879.86,37917,8.0144e+05,20325,-14.769,0.5975,-0.29526,2.2293
-0.20664,-0.065447,0.0001714,-0.99786,-0.32492,0.3,0.36463,2,0,0,0,0.060482,-943.29,12671,7.956e+05,21355,-14.655,0.14033,-0.30195,2.2449
-0.18775,-0.065456,0.00016072,-0.99786,-0.32119,0.3,0.36439,2,0,0,0,0.059801,-857.05,60075,7.9902e+05,18742,-14.735,1.0423,-0.25593,2.2272
-0.20917,-0.065441,0.00016991,-0.99786,-0.32566,0.3,0.36468,2,0,0,0,0.062707,-954.82,-4047,7.9816e+05,22717,-14.702,-0.16474,-0.31259,2.2581
-0.18158,-0.065446,0.00015247,-0.99786,-0.32046,0.3,0.36434,2,0,0,0,0.059731,-828.91,76772,7.9834e+05,17967,-14.76,1.4772,-0.41372,2.2441
-0.21051,-0.065454,0.00014527,-0.99786,-0.32641,0.3,0.36473,2,0,0,0,0.063107,-960.96,-10439,7.9712e+05,23418,-14.683,-0.27992,-0.29628,2.2694
-0.17612,-0.065454,0.00015181,-0.99786,-0.31976,0.3,0.36429,2,0,0,0,0.063289,-803.95,65692,8.0297e+05,19284,-14.891,1.3186,-0.7306,2.2857
-0.21091,-0.06545,0.0001262,-0.99786,-0.32715,0.3,0.36478,2,0,0,0,0.062482,-962.76,-3750.2,7.9613e+05,23190,-14.663,-0.15203,-0.2537,2.278
-0.15892,-0.065479,0.00015292,-0.99785,-0.3192,0.3,0.36426,2,0,0,0,0.080027,-725.44,17435,7.922e+05,18070,-14.591,0.37245,-0.32392,2.2549
-0.20921,-0.065442,0.00013531,-0.99786,-0.3279,0.3,0.36483,2,0,0,0,0.063715,-955.04,34276,7.9957e+05,20724,-14.715,0.55751,-0.1107,2.2847
-0.20817,-0.065447,0.00014837,-0.99786,-0.32864,0.3,0.36488,2,0,0,0,0.068512,-950.3,1.2294e+05,8.0659e+05,14536,-14.823,2.2789,0.041521,2.2866
-0.21648,-0.065456,0.00014902,-0.99786,-0.32937,0.3,0.36492,2,0,0,0,0.074705,-988.23,77934,8.464e+05,17557,-15.586,1.4255,-0.51056,2.3116
-0.18285,0.42035,-1.0455e-05,-0.90736,-0.48492,0.3,0.36511,3,0,0,0,1.3689,-834.67,-2.3346e+06,3.4364e+06,-1.0029e+06,-59.049,-47.756,-26.249,5.252
-0.11708,0.42035,-1.0451e-05,-0.90736,-0.48445,0.3,0.36533,3,0,0,0,1.4705,-534.46,-1.7403e+06,3.3994e+06,-7.1723e+05,-58.378,-35.078,-25.333,5.0085
-0.41474,-0.052799,-0.00056744,-0.99861,-0.40727,0.3,0.37088,4,0,0,0,0.086499,-1893.2,35750,9.2873e+05,25427,-17.177,0.47434,-1.9075,2.4614
-0.41516,-0.05281,-0.00058261,-0.9986,-0.40652,0.3,0.37084,4,0,0,0,0.088641,-1895.1,1520.3,9.288e+05,26862,-17.178,-0.15712,-1.9157,2.4626
-0.40873,-0.052813,-0.00058479,-0.9986,-0.40801,0.3,0.37092,4,0,0,0,0.086263,-1865.8,1.4973e+05,9.4097e+05,19850,-17.373,2.7531,-1.6177,2.4691
-0.41394,-0.052818,-0.00061233,-0.9986,-0.40577,0.3,0.3708,4,0,0,0,0.091083,-1889.6,-6055.8,9.341e+05,27350,-17.273,-0.2966,-1.8826,2.463
-0.40284,-0.052818,-0.00059865,-0.9986,-0.40873,0.3,0.37096,4,0,0,0,0.092039,-1838.9,4.9074e+05,9.5671e+05,1256,-17.637,9.1936,-1.3044,2.6105
-0.41292,-0.052812,-0.00061073,-0.9986,-0.40502,0.3,0.37076,4,0,0,0,0.094042,-1884.9,-9991.8,9.4245e+05,27686,-17.424,-0.36843,-1.8518,2.4646
-0.41336,-0.052805,-0.00058852,-0.9986,-0.40428,0.3,0.37072,4,0,0,0,0.09714,-1886.9,-5172.1,9.5304e+05,27494,-17.618,-0.27993,-1.8404,2.4669
-0.41553,-0.052811,-0.00057902,-0.9986,-0.40353,0.3,0.37068,4,0,0,0,0.097465,-1896.8,-1281.2,9.6194e+05,27276,-17.786,-0.21109,-1.8975,2.4666
-0.4175,-0.052814,-0.00057091,-0.9986,-0.40278,0.3,0.37064,4,0,0,0,0.09507,-1905.8,-10335,9.6723e+05,27843,-17.889,-0.38289,-1.9942,2.4657
-0.41673,-0.0528,-0.0005685,-0.9986,-0.40204,0.3,0.3706,4,0,0,0,0.093808,-1902.3,-2863,9.712e+05,27643,-17.965,-0.2522,-2.0398,2.4673
-0.4144,-0.052806,-0.00058616,-0.9986,-0.40129,0.3,0.37056,4,0,0,0,0.094791,-1891.7,10807,9.7861e+05,27390,-18.106,-0.0073667,-2.0717,2.4732
-0.41385,-0.05282,-0.00059208,-0.9986,-0.40055,0.3,0.37052,4,0,0,0,0.095728,-1889.2,18448,9.8895e+05,27533,-18.303,0.12657,-2.1371,2.4803
-0.41562,-0.052808,-0.00057248,-0.9986,-0.3998,0.3,0.37049,4,0,0,0,0.095783,-1897.3,33856,9.9962e+05,27097,-18.514,0.40047,-2.2523,2.4858
-0.41874,-0.052804,-0.00055757,-0.9986,-0.39905,0.3,0.37045,4,0,0,0,0.095912,-1911.5,49498,1.0115e+06,26613,-18.774,0.75284,-2.4571,2.493
-0.42288,-0.052812,-0.00057389,-0.9986,-0.39831,0.3,0.37041,4,0,0,0,0.096853,-1930.4,76781,1.0279e+06,25406,-19.119,1.4893,-2.6754,2.5081
-0.42953,-0.052803,-0.00059995,-0.9986,-0.39756,0.3,0.37037,4,0,0,0,0.09875,-1960.8,1.3092e+05,1.0541e+06,22986,-19.605,2.6629,-2.8251,2.5446
-0.44053,-0.052807,-0.00059049,-0.9986,-0.39683,0.3,0.37033,4,0,0,0,0.10155,-2011,2.9373e+05,1.1085e+06,16352,-20.597,5.6834,-2.964,2.6647
-0.46406,-0.059397,-0.00025979,-0.99823,-0.39613,0.3,0.37029,4,0,0,0,0.11121,-2118.4,2.6225e+05,1.1939e+06,20764,-22.303,5.1763,-4.0558,2.8098
-0.48036,-0.06598,5.3038e-05,-0.99782,-0.39557,0.3,0.37025,4,0,0,0,0.14197,-2192.8,52121,1.2136e+06,29823,-22.737,1.3195,-4.4357,2.7737
-0.28617,0.077387,-6.7805e-06,-0.997,-0.45527,0.3,0.37092,5,0,0,0,0.045752,-1306.3,1.285e+05,7.7964e+05,-7390.5,-14.17,2.459,-2.1926,2.2098
-0.2876,0.07738,-1.0939e-05,-0.997,-0.456,0.3,0.37086,5,0,0,0,0.041055,-1312.9,1.0357e+05,7.89e+05,-19456,-14.276,2.002,-2.4433,2.2383
-0.28506,0.077364,-2.7356e-06,-0.997,-0.45674,0.3,0.37081,5,0,0,0,0.043174,-1301.3,1.1508e+05,8.1012e+05,-18866,-14.635,2.1659,-2.4312,2.2858
-0.28555,0.07737,1.569e-05,-0.997,-0.45748,0.3,0.37075,5,0,0,0,0.046016,-1303.5,1.1383e+05,8.4107e+05,-19512,-15.189,2.1766,-2.5566,2.3242
-0.28724,0.07738,1.0544e-05,-0.997,-0.45823,0.3,0.37069,5,0,0,0,0.050352,-1311.2,1.7804e+05,8.8043e+05,-15495,-15.964,3.4231,-2.2626,2.3789
-0.2919,0.077371,-6.8126e-06,-0.997,-0.45897,0.3,0.37063,5,0,0,0,0.056916,-1332.5,2.6907e+05,9.2044e+05,-9404.9,-16.754,5.0938,-1.9831,2.4419
-0.3018,0.077365,-1.0568e-07,-0.997,-0.45972,0.3,0.37057,5,0,0,0,0.067028,-1377.7,3.7142e+05,9.6736e+05,-2895.8,-17.625,6.9789,-1.9071,2.5263
-0.32046,0.07737,1.2149e-05,-0.997,-0.46046,0.3,0.37052,5,0,0,0,0.085391,-1462.9,4.0633e+05,1.0879e+06,-5287.7,-19.827,7.6456,-2.2526,2.6754
-0.34012,0.083647,-0.00080052,-0.9965,-0.46119,0.3,0.37046,5,0,0,0,0.12858,-1552.6,3.9985e+05,1.3914e+06,36347,-25.412,7.5198,-2.9908,3.0094
-0.3082,0.11498,-0.00091944,-0.99337,-0.46188,0.3,0.3704,5,0,0,0,0.24327,-1406.9,1.037e+05,1.6607e+06,49855,-30.271,2.1035,-4.0203,3.3151
-0.26872,0.13997,-0.00022574,-0.99016,-0.46244,0.3,0.37032,5,0,0,0,0.28125,-1226.7,-2.0232e+05,1.7256e+06,15034,-31.388,-3.4796,-4.5579,3.3294
-0.41006,-0.018488,-0.00029736,-0.99983,-0.41927,0.3,0.37142,6,0,0,0,0.061652,-1871.9,87573,9.0082e+05,22186,-16.579,1.591,-2.9656,2.3799
-0.41525,-0.018491,-0.00028303,-0.99983,-0.41852,0.3,0.37141,6,0,0,0,0.059303,-1895.6,1.1139e+05,9.0207e+05,21770,-16.606,2.1952,-2.9908,2.391
-0.40777,-0.018473,-0.00030344,-0.99983,-0.42001,0.3,0.37143,6,0,0,0,0.062814,-1861.4,60442,9.0724e+05,22749,-16.694,0.92948,-2.9861,2.369
-0.42243,-0.018484,-0.0002846,-0.99983,-0.41777,0.3,0.37139,6,0,0,0,0.05735,-1928.4,1.9816e+05,9.1678e+05,20546,-16.875,3.7873,-2.7533,2.4264
-0.40735,-0.018491,-0.00030107,-0.99983,-0.42076,0.3,0.37145,6,0,0,0,0.063127,-1859.5,43116,9.1612e+05,23185,-16.859,0.60718,-3.1256,2.3649
-0.43624,-0.024193,-0.00046733,-0.99971,-0.41702,0.3,0.37138,6,0,0,0,0.056431,-1991.4,3.6792e+05,9.5902e+05,15786,-17.665,6.9057,-2.3444,2.5308
-0.4065,-0.018496,-0.0002947,-0.99983,-0.42151,0.3,0.37146,6,0,0,0,0.062293,-1855.6,48342,9.1718e+05,23031,-16.882,0.70169,-3.1509,2.3607
-0.46265,-0.041357,-0.00060971,-0.99914,-0.41626,0.3,0.37136,6,0,0,0,0.06167,-2111.9,2.7826e+05,9.7462e+05,16705,-18.073,5.2485,-2.6833,2.5282
-0.40527,-0.018477,-0.00028427,-0.99983,-0.42226,0.3,0.37148,6,0,0,0,0.061448,-1850,52764,9.139e+05,22806,-16.824,0.78274,-3.1513,2.3567
-0.47754,-0.052805,-0.00056815,-0.9986,-0.41552,0.3,0.37132,6,0,0,0,0.071422,-2179.9,80818,9.6357e+05,21787,-17.94,1.4291,-3.188,2.4492
-0.404,-0.018474,-0.00027694,-0.99983,-0.42301,0.3,0.37149,6,0,0,0,0.060598,-1844.2,53697,9.093e+05,22617,-16.74,0.80083,-3.1353,2.3529
-0.47337,-0.052811,-0.00056418,-0.9986,-0.41477,0.3,0.37128,6,0,0,0,0.077099,-2160.9,71450,9.6926e+05,22227,-18.008,1.0779,-3.1281,2.4443
-0.40299,-0.018483,-0.00028456,-0.99983,-0.42376,0.3,0.3715,6,0,0,0,0.059805,-1839.6,51994,9.0472e+05,22515,-16.656,0.77044,-3.1252,2.3495
-0.46924,-0.052818,-0.0005673,-0.9986,-0.41402,0.3,0.37124,6,0,0,0,0.07928,-2142,63877,9.7574e+05,22703,-18.125,0.93488,-3.1242,2.4416
-0.40229,-0.018492,-0.00029379,-0.99983,-0.4245,0.3,0.37152,6,0,0,0,0.059007,-1836.4,49839,9.0043e+05,22449,-16.577,0.73124,-3.1223,2.3467
-0.46656,-0.052806,-0.00055943,-0.9986,-0.41328,0.3,0.3712,6,0,0,0,0.081041,-2129.8,45336,9.8452e+05,24173,-18.29,0.59072,-3.1873,2.4404
-0.40188,-0.018482,-0.00028131,-0.99983,-0.42525,0.3,0.37153,6,0,0,0,0.058197,-1834.5,48392,8.9651e+05,22363,-16.505,0.70533,-3.1168,2.3443
-0.46486,-0.052813,-0.00055737,-0.9986,-0.41253,0.3,0.37116,6,0,0,0,0.08339,-2122,27771,9.9467e+05,25738,-18.522,0.34927,-3.3463,2.4441
-0.40184,-0.018482,-0.00027988,-0.99983,-0.426,0.3,0.37155,6,0,0,0,0.05733,-1834.3,49594,8.9296e+05,22236,-16.44,0.72729,-3.1214,2.3426
-0.46427,-0.052813,-0.00056958,-0.9986,-0.41179,0.3,0.37112,6,0,0,0,0.086188,-2119.4,19758,1.007e+06,26284,-18.81,0.44951,-3.5717,2.4598
-0.40214,-0.018482,-0.00030041,-0.99983,-0.42675,0.3,0.37156,6,0,0,0,0.056387,-1835.7,54173,8.8966e+05,22037,-16.379,0.81136,-3.1265,2.3414
-0.46576,-0.05279,-0.00057773,-0.99861,-0.41105,0.3,0.37108,6,0,0,0,0.088717,-2126.2,11944,1.0237e+06,27376,-19.142,0.49808,-4.0527,2.5028
-0.40277,-0.018482,-0.00029861,-0.99983,-0.4275,0.3,0.37157,6,0,0,0,0.05541,-1838.6,58861,8.8663e+05,21823,-16.324,0.89687,-3.1409,2.3406
-0.46642,-0.052813,-0.00057756,-0.9986,-0.41035,0.3,0.37104,6,0,0,0,0.088496,-2129.2,18620,1.068e+06,28414,-20.005,0.67463,-5.0268,2.6182
-0.40368,-0.018492,-0.00028549,-0.99983,-0.42825,0.3,0.37159,6,0,0,0,0.054449,-1842.8,63675,8.8389e+05,21614,-16.273,0.9848,-3.157,2.3402
-0.43381,-0.052841,-0.00057808,-0.9986,-0.40979,0.3,0.37101,6,0,0,0,0.092183,-1980.3,3.9063e+05,1.0324e+06,7709.9,-19.213,7.4414,-3.443,2.7229
-0.40486,-0.01848,-0.00029521,-0.99983,-0.429,0.3,0.3716,6,0,0,0,0.053567,-1848.1,69263,8.8165e+05,21305,-16.233,1.0861,-3.1601,2.3407
-0.40633,-0.018486,-0.00030743,-0.99983,-0.42974,0.3,0.37161,6,0,0,0,0.052822,-1854.8,75997,8.8e+05,20940,-16.204,1.2064,-3.1643,2.3423
-0.40817,-0.018488,-0.00030908,-0.99983,-0.43049,0.3,0.37163,6,0,0,0,0.052328,-1863.3,77625,8.7864e+05,20876,-16.194,1.3767,-3.2969,2.3454
-0.41051,-0.018471,-0.00030743,-0.99983,-0.43124,0.3,0.37164,6,0,0,0,0.052129,-1873.9,74783,8.7803e+05,20835,-16.199,1.4976,-3.4384,2.349
-0.41287,-0.01849,-0.00030233,-0.99983,-0.43199,0.3,0.37166,6,0,0,0,0.052396,-1884.7,82876,8.8001e+05,20752,-16.238,1.6531,-3.4573,2.3554
-0.41569,-0.018492,-0.00028713,-0.99983,-0.43274,0.3,0.37167,6,0,0,0,0.051803,-1897.6,99138,8.8303e+05,20567,-16.295,1.9584,-3.4498,2.3643
-0.41958,-0.018477,-0.00026979,-0.99983,-0.43349,0.3,0.37168,6,0,0,0,0.04869,-1915.3,1.0057e+05,8.8744e+05,20711,-16.388,2.0076,-3.4919,2.3728
-0.42145,-0.018478,-0.000272,-0.99983,-0.43424,0.3,0.3717,6,0,0,0,0.042823,-1923.9,1.5275e+05,9.0032e+05,20350,-16.61,2.9533,-3.1917,2.4003
-0.39988,-0.0037004,-0.00047878,-0.99999,-0.43498,0.3,0.37171,6,0,0,0,0.037881,-1825.4,4.3904e+05,9.5661e+05,26485,-17.585,8.1585,-2.0834,2.5823
-0.36855,0.018272,-0.0006029,-0.99983,-0.43575,0.3,0.3717,6,0,0,0,0.034871,-1682.4,5.0333e+05,9.3518e+05,31882,-17.123,9.3053,-1.7125,2.5746
-0.3543,0.025474,-0.00051585,-0.99968,-0.4365,0.3,0.37168,6,0,0,0,0.032917,-1617.3,2.5895e+05,8.4765e+05,27629,-15.456,4.8011,-2.401,2.352
-0.34664,0.025476,-0.00051264,-0.99968,-0.43725,0.3,0.37166,6,0,0,0,0.03203,-1582.4,1.685e+05,8.2141e+05,24124,-14.968,3.0306,-2.6755,2.2824
-0.3408,0.025468,-0.00052739,-0.99968,-0.438,0.3,0.37165,6,0,0,0,0.031726,-1555.7,1.4154e+05,8.1182e+05,22860,-14.814,2.4536,-2.7061,2.2601
-0.33697,0.025469,-0.00053308,-0.99968,-0.43875,0.3,0.37163,6,0,0,0,0.031764,-1538.2,1.123e+05,8.0625e+05,21814,-14.71,1.9133,-2.8207,2.244
-0.33435,0.025477,-0.0005349,-0.99968,-0.4395,0.3,0.37161,6,0,0,0,0.031991,-1526.3,95966,8.0277e+05,21227,-14.645,1.6107,-2.8973,2.2335
-0.33271,0.025481,-0.00053991,-0.99968,-0.44025,0.3,0.37159,6,0,0,0,0.032365,-1518.8,86216,8.0029e+05,21126,-14.598,1.43,-2.9503,2.2257
-0.33194,0.025482,-0.00054502,-0.99968,-0.44099,0.3,0.37157,6,0,0,0,0.032796,-1515.3,78193,7.9773e+05,21156,-14.548,1.2806,-3.027,2.218
-0.33192,0.025482,-0.00054963,-0.99968,-0.44174,0.3,0.37155,6,0,0,0,0.033226,-1515.2,78713,7.9488e+05,21211,-14.494,1.2873,-3.0966,2.2111
-0.33255,0.025475,-0.00054518,-0.99968,-0.44249,0.3,0.37153,6,0,0,0,0.033467,-1518.1,87503,7.9095e+05,21262,-14.419,1.4442,-3.14,2.2043
-0.33381,0.025478,-0.00053479,-0.99968,-0.44324,0.3,0.37151,6,0,0,0,0.033441,-1523.8,98561,7.8606e+05,21370,-14.328,1.6429,-3.1681,2.197
-0.33576,0.025477,-0.00052839,-0.99968,-0.44399,0.3,0.37149,6,0,0,0,0.032898,-1532.7,1.1157e+05,7.7984e+05,21728,-14.199,2.017,-3.2947,2.1919
-0.33889,0.02547,-0.00051614,-0.99968,-0.44473,0.3,0.37147,6,0,0,0,0.03189,-1547,1.2684e+05,7.7136e+05,22067,-14.038,2.4388,-3.3854,2.1899
-0.34322,0.025482,-0.0005089,-0.99968,-0.44548,0.3,0.37145,6,0,0,0,0.031158,-1566.8,1.446e+05,7.6186e+05,22464,-13.873,2.7645,-3.2969,2.1938
-0.34795,0.025469,-0.00051556,-0.99968,-0.44623,0.3,0.37144,6,0,0,0,0.031314,-1588.4,1.9334e+05,7.5193e+05,23321,-13.697,3.6493,-3.0374,2.2077
-0.355,0.025473,-0.00051929,-0.99968,-0.44698,0.3,0.37142,6,0,0,0,0.032825,-1620.6,2.7055e+05,7.4683e+05,22517,-13.603,5.0472,-2.7824,2.2343
-0.36731,0.025478,-0.00051592,-0.99968,-0.44773,0.3,0.3714,6,0,0,0,0.033905,-1676.7,2.9612e+05,7.5575e+05,21042,-13.76,5.5272,-2.9565,2.2544
-0.38234,0.025472,-0.00051163,-0.99968,-0.44848,0.3,0.37138,6,0,0,0,0.034377,-1745.3,2.1595e+05,7.9008e+05,22600,-14.381,4.0882,-3.4863,2.2668
-0.38004,0.032092,-0.000478,-0.99948,-0.44922,0.3,0.37136,6,0,0,0,0.035589,-1734.8,2.8548e+05,8.6714e+05,32568,-15.799,5.3578,-3.2079,2.3852
-0.34123,0.058045,-0.00021732,-0.99831,-0.44997,0.3,0.37133,6,0,0,0,0.036836,-1557.7,5.0229e+05,9.4555e+05,56705,-17.262,9.3111,-2.1575,2.5608
-0.30915,0.077365,1.7817e-05,-0.997,-0.45073,0.3,0.37127,6,0,0,0,0.036061,-1411.2,3.8033e+05,8.6548e+05,35483,-15.782,6.972,-2.0586,2.3954
-0.301,0.077366,1.827e-05,-0.997,-0.45147,0.3,0.37121,6,0,0,0,0.035854,-1374,2.0532e+05,7.6367e+05,1180.4,-13.893,3.675,-2.3333,2.1743
-0.29336,0.077366,9.439e-06,-0.997,-0.45221,0.3,0.37116,6,0,0,0,0.038457,-1339.2,1.8939e+05,7.6166e+05,-5362,-13.848,3.387,-2.352,2.1607
-0.28823,0.077381,1.0824e-05,-0.997,-0.45295,0.3,0.3711,6,0,0,0,0.04449,-1315.7,1.4971e+05,7.5949e+05,-14345,-13.806,2.662,-2.4382,2.1566
-0.28387,0.077381,2.9472e-06,-0.997,-0.45364,0.3,0.37105,6,0,0,0,0.054903,-1295.8,1.4391e+05,7.6264e+05,-9770.7,-13.866,2.5496,-2.3403,2.1982
-0.28225,0.077361,-9.3151e-06,-0.997,-0.45421,0.3,0.371,6,0,0,0,0.056353,-1288.4,1.5936e+05,7.7093e+05,766.1,-14.042,2.9188,-2.0068,2.2184
-0.30421,0.23103,0.0015876,-0.97294,-0.47892,0.3,0.36733,7,0,0,0,0.97462,-1388.7,-1.0012e+06,2.4426e+06,-2.2127e+05,-43.536,-18.804,-12.366,4.1235
-0.36489,0.22566,0.00078958,-0.97421,-0.47838,0.3,0.36745,7,0,0,0,0.85641,-1665.7,-1.1259e+06,2.0325e+06,-2.0454e+05,-36.626,-21.165,-8.5281,3.9284
-0.31844,0.22029,-1.0117e-05,-0.97544,-0.47771,0.3,0.3676,7,0,0,0,0.86188,-1453.6,-1.2102e+06,2.0464e+06,-2.1611e+05,-37.022,-22.659,-7.6904,3.8781
-0.28322,0.22029,-1.1791e-05,-0.97544,-0.47701,0.3,0.36776,7,0,0,0,0.86786,-1292.9,-1.1303e+06,2.1584e+06,-1.9682e+05,-39.082,-21.116,-7.9254,3.8654
-0.36267,-0.084976,0.00027815,-0.99638,-0.35939,0.3,0.36738,8,0,0,0,0.089569,-1655.5,60535,1.0134e+06,25365,-18.935,1.1695,-1.9734,2.5142
-0.36155,-0.084967,0.00027766,-0.99638,-0.36012,0.3,0.36744,8,0,0,0,0.08704,-1650.4,49459,9.9281e+05,25551,-18.436,0.71247,-1.4661,2.4706
-0.36732,-0.084987,0.00026807,-0.99638,-0.35869,0.3,0.36732,8,0,0,0,0.096132,-1676.8,50953,1.0655e+06,28034,-20.039,1.2598,-2.747,2.6237
-0.36343,-0.084972,0.00027313,-0.99638,-0.36086,0.3,0.36751,8,0,0,0,0.085836,-1659,60823,9.7767e+05,23850,-18.138,0.92905,-1.3252,2.4569
-0.3666,-0.084988,0.00026245,-0.99638,-0.35813,0.3,0.36727,8,0,0,0,0.11686,-1673.5,48495,1.0925e+06,26716,-20.416,1.1778,-2.3816,2.6336
-0.36779,-0.08497,0.00027738,-0.99638,-0.3616,0.3,0.36757,8,0,0,0,0.085909,-1678.9,52897,9.6913e+05,23919,-17.976,0.7873,-1.2952,2.4546
-0.37209,-0.084978,0.00026625,-0.99638,-0.36235,0.3,0.36763,8,0,0,0,0.088591,-1698.5,24020,9.674e+05,26201,-17.943,0.26262,-1.3054,2.4611
-0.37395,-0.084983,0.0002547,-0.99638,-0.36309,0.3,0.3677,8,0,0,0,0.092866,-1707.1,11994,9.659e+05,27410,-17.91,0.046607,-1.2424,2.4727
-0.37487,-0.084971,0.00026479,-0.99638,-0.36383,0.3,0.36776,8,0,0,0,0.094483,-1711.2,12644,9.6312e+05,27634,-17.853,0.059777,-1.1861,2.4844
-0.37336,-0.083523,6.3449e-05,-0.99651,-0.36458,0.3,0.36782,8,0,0,0,0.09347,-1704.4,49962,9.6501e+05,24519,-17.877,0.75164,-1.0963,2.4944
-0.36653,-0.08006,-0.00032751,-0.99679,-0.36532,0.3,0.36789,8,0,0,0,0.095022,-1673.2,1.3682e+05,9.8118e+05,17382,-18.141,2.536,-0.8783,2.5047
-0.36589,-0.078044,-0.00051044,-0.99695,-0.36604,0.3,0.36794,8,0,0,0,0.10292,-1670.3,3.0372e+05,1.0238e+06,5076,-18.894,5.7853,-0.72776,2.5763
-0.3943,-0.07807,-0.00051446,-0.99695,-0.37505,0.3,0.36865,9,0,0,0,0.11263,-1799.9,69808,1.0171e+06,21694,-18.845,1.0993,-1.5869,2.507
-0.39295,-0.078062,-0.00050455,-0.99695,-0.37431,0.3,0.36859,9,0,0,0,0.10104,-1793.8,31483,9.8084e+05,23959,-18.184,0.39596,-1.5593,2.4962
-0.40026,-0.078084,-0.00051599,-0.99695,-0.37579,0.3,0.36871,9,0,0,0,0.13552,-1827.1,53361,1.0849e+06,24099,-20.13,1.0269,-2.071,2.5664
-0.39337,-0.078065,-0.00050173,-0.99695,-0.37357,0.3,0.36853,9,0,0,0,0.094745,-1795.7,12517,9.6826e+05,25278,-17.958,0.045504,-1.5973,2.4862
-0.39363,-0.078063,-0.00052235,-0.99695,-0.37282,0.3,0.36847,9,0,0,0,0.091549,-1796.9,10146,9.6753e+05,25468,-17.949,-0.00061192,-1.6344,2.4754
-0.39389,-0.07807,-0.0005254,-0.99695,-0.37208,0.3,0.36841,9,0,0,0,0.090304,-1798.1,11552,9.7214e+05,25527,-18.037,0.023365,-1.6639,2.4678
-0.39431,-0.078061,-0.00050684,-0.99695,-0.37134,0.3,0.36836,9,0,0,0,0.089709,-1800,12272,9.7893e+05,25736,-18.166,0.034106,-1.7107,2.4626
-0.3947,-0.078058,-0.00050911,-0.99695,-0.37059,0.3,0.3683,9,0,0,0,0.089505,-1801.8,15658,9.881e+05,25809,-18.341,0.093261,-1.7734,2.46
-0.39532,-0.078077,-0.00051629,-0.99695,-0.36985,0.3,0.36824,9,0,0,0,0.089627,-1804.6,23561,9.9995e+05,25555,-18.569,0.23435,-1.8662,2.4614
-0.39655,-0.078078,-0.00051602,-0.99695,-0.36911,0.3,0.36818,9,0,0,0,0.090057,-1810.2,41702,1.0141e+06,24540,-18.848,0.56058,-2.0099,2.4739
-0.39923,-0.078064,-0.00051291,-0.99695,-0.36837,0.3,0.36812,9,0,0,0,0.090035,-1822.5,46633,1.0295e+06,23932,-19.249,0.90305,-2.6479,2.5145
-0.40221,-0.078056,-0.00050463,-0.99695,-0.36768,0.3,0.36807,9,0,0,0,0.088254,-1836.1,37829,1.0739e+06,26210,-20.217,1.0191,-3.7523,2.6273
-0.3867,-0.078054,-0.00050082,-0.99695,-0.36711,0.3,0.36803,9,0,0,0,0.097817,-1765.2,2.2771e+05,1.082e+06,12579,-20.186,4.4581,-2.5055,2.6763
-0.47801,-0.078076,-0.00050026,-0.99695,-0.39451,0.3,0.37017,10,0,0,0,0.15007,-2182.1,12054,1.1469e+06,28064,-21.417,0.50622,-3.5851,2.6344
-0.474,-0.078072,-0.00049795,-0.99695,-0.39377,0.3,0.37011,10,0,0,0,0.12867,-2163.8,36099,1.0855e+06,25742,-20.243,0.66595,-3.0708,2.5773
-0.47001,-0.078058,-0.00050127,-0.99695,-0.39303,0.3,0.37006,10,0,0,0,0.11857,-2145.5,47947,1.0506e+06,24570,-19.581,0.62934,-2.6992,2.5695
-0.46669,-0.078064,-0.00050747,-0.99695,-0.39229,0.3,0.37,10,0,0,0,0.11301,-2130.4,41376,1.0339e+06,24949,-19.262,0.51597,-2.5686,2.5638
-0.46435,-0.078076,-0.00050385,-0.99695,-0.39155,0.3,0.36994,10,0,0,0,0.10903,-2119.7,29751,1.0303e+06,25986,-19.185,0.30718,-2.4901,2.5552
-0.46246,-0.078066,-0.00050785,-0.99695,-0.3908,0.3,0.36988,10,0,0,0,0.10707,-2111.1,22982,1.0337e+06,26682,-19.245,0.18411,-2.4461,2.5451
-0.46104,-0.078061,-0.00051381,-0.99695,-0.39006,0.3,0.36982,10,0,0,0,0.10701,-2104.6,16390,1.0411e+06,27471,-19.381,0.06229,-2.4408,2.5381
-0.46007,-0.078066,-0.00050826,-0.99695,-0.38931,0.3,0.36976,10,0,0,0,0.10767,-2100.2,10326,1.0505e+06,28298,-19.558,-0.051765,-2.4739,2.5336
-0.45936,-0.07807,-0.00051011,-0.99695,-0.38857,0.3,0.36971,10,0,0,0,0.10892,-2096.9,7295.3,1.0626e+06,28967,-19.79,-0.11182,-2.5463,2.5335
-0.45941,-0.078066,-0.00050747,-0.99695,-0.38783,0.3,0.36965,10,0,0,0,0.11069,-2097.2,22575,1.0769e+06,28052,-20.09,0.15882,-2.7119,2.5451
-0.46166,-0.078064,-0.00050277,-0.99695,-0.38709,0.3,0.36959,10,0,0,0,0.11208,-2107.4,20578,1.0942e+06,28668,-20.513,0.4223,-3.4038,2.5866
-0.46337,-0.078062,-0.00052251,-0.99695,-0.3864,0.3,0.36954,10,0,0,0,0.11057,-2115.2,12657,1.1451e+06,31028,-21.576,0.61174,-4.6484,2.7055
-0.43701,-0.078058,-0.00053917,-0.99695,-0.38583,0.3,0.36949,10,0,0,0,0.11612,-1994.9,3.1405e+05,1.1187e+06,6075.4,-20.904,6.0914,-3.1526,2.7617
1.2389,0.98532,-0.0084074,-0.17051,-0.48999,0.3,0.36009,11,0,0,0,4.0242,5655.5,-6.0473e+05,1.2764e+06,-3.2825e+06,-22.608,-62.897,-20.133,4.8019
1.1749,0.95893,-7.7839e-05,-0.28365,-0.48985,0.3,0.36092,11,0,0,0,4.3738,5363.3,-1.0975e+06,2.1576e+06,-3.3856e+06,-30.043,-68.227,-33.202,5.2834
0.90118,0.91952,0.0082528,-0.39294,-0.4896,0.3,0.36148,11,0,0,0,4.0093,4113.8,-2.5974e+06,3.3417e+06,-4.1323e+06,-42.398,-96.465,-50.483,6.2012
-0.16328,0.51788,-4.1017e-05,-0.85546,-0.48596,0.3,0.36462,12,0,0,0,1.3887,-745.35,-2.368e+06,3.5408e+06,-1.1529e+06,-59.325,-49.648,-30.31,5.3729
-0.10082,0.51788,-4.1015e-05,-0.85545,-0.48641,0.3,0.36435,12,0,0,0,1.5105,-460.25,-2.3359e+06,3.517e+06,-1.3142e+06,-57.506,-50.57,-32.923,5.4007
-0.35548,-0.084966,0.00027869,-0.99638,-0.35707,0.3,0.36718,13,0,0,0,0.11748,-1622.7,1.1889e+05,1.0326e+06,17048,-19.123,2.3146,-1.2702,2.5176
-0.34737,-0.084968,0.00028041,-0.99638,-0.35633,0.3,0.36712,13,0,0,0,0.094344,-1585.7,1.1653e+05,9.6453e+05,16295,-17.849,2.0791,-0.95934,2.4568
-0.34753,-0.084975,0.00028683,-0.99638,-0.3556,0.3,0.36706,13,0,0,0,0.083307,-1586.4,47061,9.3704e+05,21879,-17.363,0.71627,-1.1313,2.4394
-0.34912,-0.084974,0.0002835,-0.99638,-0.35485,0.3,0.367,13,0,0,0,0.078878,-1593.7,24425,9.3047e+05,23809,-17.256,0.29301,-1.2559,2.4278
-0.34966,-0.084976,0.00027601,-0.99638,-0.35411,0.3,0.36693,13,0,0,0,0.077394,-1596.1,15570,9.3295e+05,24709,-17.305,0.12621,-1.3007,2.4188
-0.34944,-0.084976,0.00028204,-0.99638,-0.35336,0.3,0.36687,13,0,0,0,0.076698,-1595.2,16184,9.3853e+05,24862,-17.411,0.13467,-1.3377,2.4117
-0.34863,-0.084974,0.00027889,-0.99638,-0.35262,0.3,0.3668,13,0,0,0,0.076344,-1591.5,21559,9.4647e+05,24675,-17.562,0.23107,-1.3782,2.4067
-0.34767,-0.084978,0.00026924,-0.99638,-0.35188,0.3,0.36674,13,0,0,0,0.076358,-1587.1,24626,9.5708e+05,24788,-17.764,0.28451,-1.4379,2.4056
-0.3469,-0.084976,0.00026526,-0.99638,-0.35114,0.3,0.36668,13,0,0,0,0.076756,-1583.6,27515,9.6974e+05,25065,-18.01,0.33336,-1.5493,2.4142
-0.34714,-0.084976,0.00025986,-0.99638,-0.35041,0.3,0.36662,13,0,0,0,0.076428,-1584.6,23462,9.8402e+05,25930,-18.39,0.4797,-2.1346,2.4504
-0.3475,-0.084978,0.00027233,-0.99638,-0.34971,0.3,0.36656,13,0,0,0,0.074547,-1586.3,26167,1.0228e+06,26916,-19.24,0.76949,-3.0728,2.5513
-0.3324,-0.084977,0.00028723,-0.99638,-0.34915,0.3,0.36651,13,0,0,0,0.084023,-1517.4,2.0855e+05,1.018e+06,10179,-18.97,4.0759,-1.8692,2.5822
-0.25149,0.13997,-0.00021386,-0.99016,-0.46499,0.3,0.36996,14,0,0,0,0.31981,-1148,-2.5056e+05,1.6602e+06,8000.5,-30.278,-4.5636,-4.0531,3.228
-0.25717,0.13995,-0.00021923,-0.99016,-0.46426,0.3,0.37006,14,0,0,0,0.27571,-1174,-2.7464e+05,1.6442e+06,4269.2,-29.961,-5.0056,-4.1351,3.2009
-0.25112,0.13997,-0.00020668,-0.99016,-0.46572,0.3,0.36985,14,0,0,0,0.35702,-1146.3,-2.6517e+05,1.681e+06,6592.3,-30.668,-4.8365,-4.0611,3.2455
-0.26509,0.13994,-0.00021613,-0.99016,-0.46353,0.3,0.37016,14,0,0,0,0.24353,-1210.1,-2.4611e+05,1.6865e+06,7713,-30.71,-4.3897,-4.3441,3.2294
-0.25382,0.13996,-0.00021513,-0.99016,-0.46644,0.3,0.36975,14,0,0,0,0.40026,-1158.6,-3.0281e+05,1.6888e+06,2363.7,-30.816,-5.5356,-4.0786,3.2688
-0.25945,0.13998,-0.000212,-0.99015,-0.46713,0.3,0.36965,14,0,0,0,0.47781,-1184.4,-3.4591e+05,1.687e+06,-2729.3,-30.735,-6.2059,-4.1882,3.3226
-0.2745,0.13999,-0.00020171,-0.99015,-0.46769,0.3,0.36958,14,0,0,0,0.44788,-1253.1,-3.4556e+05,1.6786e+06,-2522.7,-30.547,-6.043,-4.2654,3.2967
-0.31138,-0.084968,0.00025056,-0.99638,-0.34808,0.3,0.36642,15,0,0,0,0.088896,-1421.4,3.0097e+05,9.5536e+05,515.08,-17.607,5.7112,-0.2164,2.4865
-0.30619,-0.084973,0.0002639,-0.99638,-0.34735,0.3,0.36636,15,0,0,0,0.079854,-1397.7,1.4357e+05,9.1872e+05,14361,-16.958,2.6667,-0.39674,2.4224
-0.30763,-0.084984,0.00028077,-0.99638,-0.34661,0.3,0.36629,15,0,0,0,0.075862,-1404.3,44356,9.0584e+05,22946,-16.754,0.68619,-0.70118,2.408
-0.30799,-0.084972,0.00027778,-0.99638,-0.34587,0.3,0.36623,15,0,0,0,0.075349,-1405.9,16335,9.0386e+05,25295,-16.729,0.16129,-0.82132,2.3979
-0.30703,-0.08497,0.00027887,-0.99638,-0.34512,0.3,0.36617,15,0,0,0,0.074527,-1401.6,16037,9.056e+05,25004,-16.764,0.15163,-0.8667,2.3848
-0.30403,-0.084983,0.00028411,-0.99638,-0.34438,0.3,0.3661,15,0,0,0,0.072195,-1387.8,37797,9.0504e+05,22948,-16.753,0.54788,-0.85877,2.3707
-0.29903,-0.084967,0.00027238,-0.99638,-0.34364,0.3,0.36604,15,0,0,0,0.070132,-1365,66865,9.0437e+05,20583,-16.738,1.0808,-0.80505,2.3614
-0.29456,-0.084976,0.00026967,-0.99638,-0.3429,0.3,0.36598,15,0,0,0,0.069743,-1344.6,67770,9.105e+05,20954,-16.853,1.0959,-0.81614,2.3603
-0.29158,-0.084977,0.00027124,-0.99638,-0.34215,0.3,0.36591,15,0,0,0,0.071199,-1331.1,49562,9.2266e+05,23171,-17.088,0.75508,-0.90677,2.3695
-0.2902,-0.084977,0.00026271,-0.99638,-0.34142,0.3,0.36585,15,0,0,0,0.074046,-1324.7,36668,9.4057e+05,24846,-17.527,0.72922,-1.3928,2.4072
-0.29148,-0.084975,0.00026446,-0.99638,-0.34073,0.3,0.36579,15,0,0,0,0.080087,-1330.6,22374,9.8267e+05,27640,-18.427,0.68218,-2.0464,2.5017
-0.29041,-0.084955,0.00026965,-0.99638,-0.34017,0.3,0.36574,15,0,0,0,0.097828,-1325.7,19305,9.9802e+05,25509,-18.599,0.47622,-1.6609,2.5023
0.17547,0.69173,0.0083216,-0.72211,-0.48856,0.3,0.36279,16,0,0,0,3.152,801,-3.7275e+06,4.8301e+06,-3.4187e+06,-71.217,-100.63,-63.749,7.3192
0.46747,0.70643,0.0094107,-0.70772,-0.48888,0.3,0.36249,16,0,0,0,3.4007,2133.9,-3.8877e+06,4.648e+06,-4.3715e+06,-65.133,-117.8,-65.914,7.2899
0.05292,0.67674,0.0072288,-0.73618,-0.48823,0.3,0.3631,16,0,0,0,2.2234,241.58,-3.0895e+06,4.0173e+06,-2.4616e+06,-60.814,-76.435,-47.636,6.2712
-0.31132,0.32066,0.00031346,-0.94719,-0.4829,0.3,0.36599,17,0,0,0,1.2227,-1421.2,-1.9164e+06,2.3504e+06,-5.9141e+05,-42.027,-37.41,-12.606,4.5168
-0.25887,0.3189,9.4096e-06,-0.94779,-0.48226,0.3,0.3662,17,0,0,0,1.3537,-1181.7,-1.7637e+06,2.6595e+06,-5.2011e+05,-47.57,-34.107,-13.747,4.5131
-0.23149,0.32243,0.0006175,-0.94659,-0.4834,0.3,0.36581,17,0,0,0,1.2807,-1056.7,-1.7699e+06,2.8122e+06,-6.2615e+05,-49.035,-34.878,-18.847,4.7275
-0.40776,-0.078061,-0.00051617,-0.99695,-0.38404,0.3,0.36935,18,0,0,0,0.1118,-1861.4,75539,1.0041e+06,23502,-18.593,1.4122,-1.3093,2.5257
-0.4097,-0.078071,-0.00052031,-0.99695,-0.3833,0.3,0.36929,18,0,0,0,0.11053,-1870.2,18.641,9.9114e+05,29287,-18.372,-0.19323,-1.4462,2.5242
-0.40828,-0.07806,-0.00050419,-0.99695,-0.38477,0.3,0.36941,18,0,0,0,0.11827,-1863.7,3.7083e+05,1.0328e+06,-334.89,-19.095,7.0513,-1.0795,2.628
-0.40856,-0.078075,-0.00050413,-0.99695,-0.38256,0.3,0.36924,18,0,0,0,0.11143,-1865,-12382,9.9061e+05,30086,-18.362,-0.42405,-1.4415,2.5196
-0.40768,-0.078064,-0.00050683,-0.99695,-0.38181,0.3,0.36918,18,0,0,0,0.11305,-1861,-14136,9.9696e+05,30143,-18.479,-0.45762,-1.4457,2.5131
-0.40838,-0.078063,-0.00052396,-0.99695,-0.38107,0.3,0.36912,18,0,0,0,0.11124,-1864.2,-17510,1.0038e+06,30326,-18.613,-0.52212,-1.5292,2.5047
-0.40841,-0.078065,-0.00052633,-0.99695,-0.38032,0.3,0.36906,18,0,0,0,0.1056,-1864.4,-9460.3,1.0075e+06,29736,-18.695,-0.38153,-1.6723,2.4956
-0.40548,-0.078061,-0.0005242,-0.99695,-0.37958,0.3,0.369,18,0,0,0,0.10142,-1851,21003,1.0113e+06,27662,-18.776,0.16796,-1.7753,2.4925
-0.40163,-0.078062,-0.00052939,-0.99695,-0.37884,0.3,0.36894,18,0,0,0,0.10193,-1833.4,37547,1.0234e+06,27079,-19.017,0.46009,-1.8868,2.5064
-0.40108,-0.07807,-0.00052797,-0.99695,-0.37811,0.3,0.36889,18,0,0,0,0.10541,-1830.9,41917,1.045e+06,27544,-19.529,0.8191,-2.4071,2.5527
-0.40513,-0.07807,-0.00052231,-0.99695,-0.37741,0.3,0.36883,18,0,0,0,0.11112,-1849.4,35155,1.1004e+06,29883,-20.682,0.99417,-3.2841,2.6675
-0.40647,-0.078061,-0.00052171,-0.99695,-0.37685,0.3,0.36879,18,0,0,0,0.13277,-1855.5,15840,1.135e+06,30205,-21.223,0.61046,-3.1181,2.6839
-0.2431,0.22029,-4.9265e-07,-0.97544,-0.474,0.3,0.36844,19,0,0,0,0.6896,-1109.7,-5.7687e+05,2.1174e+06,-74449,-38.257,-10.726,-7.9678,3.6589
-0.24585,0.2203,-7.8509e-07,-0.97543,-0.47329,0.3,0.3686,19,0,0,0,0.65626,-1122.3,-5.5753e+05,2.1663e+06,-68688,-39.143,-10.27,-8.1479,3.6917
-0.24141,0.22029,-1.5009e-06,-0.97544,-0.4747,0.3,0.36829,19,0,0,0,0.80276,-1102,-6.2e+05,2.1435e+06,-82872,-38.741,-11.545,-8.1078,3.7327
-0.24305,0.22029,-1.7412e-05,-0.97543,-0.47537,0.3,0.36813,19,0,0,0,0.95939,-1109.5,-7.2726e+05,2.1661e+06,-1.0659e+05,-39.185,-13.588,-8.1834,3.8327
-0.25667,0.22029,-3.2023e-05,-0.97544,-0.47591,0.3,0.36801,19,0,0,0,0.97656,-1171.7,-9.4025e+05,2.2071e+06,-1.5437e+05,-39.966,-17.61,-8.2401,3.8962
-0.31208,0.13997,-0.00021424,-0.99016,-0.4695,0.3,0.36932,20,0,0,0,0.29579,-1424.6,-2.3122e+05,1.5416e+06,-27569,-27.998,-4.371,-4.1079,3.1114
-0.35129,0.13997,-0.00021351,-0.99016,-0.47023,0.3,0.36922,20,0,0,0,0.35536,-1603.6,-1.0725e+05,1.735e+06,-1780.5,-31.575,-1.9855,-4.8876,3.3167
-0.29372,0.13997,-0.00021274,-0.99016,-0.46878,0.3,0.36942,20,0,0,0,0.32202,-1340.8,-3.0865e+05,1.6135e+06,-395.27,-29.323,-5.5331,-4.1354,3.1725
-0.34477,0.16707,2.5162e-05,-0.98595,-0.47095,0.3,0.36911,20,0,0,0,0.52956,-1573.8,-4.2661e+05,2.1604e+06,-19854,-39.271,-7.8469,-7.099,3.7895
-0.28129,0.20718,0.00012933,-0.9783,-0.47165,0.3,0.36897,20,0,0,0,0.77559,-1284.1,-6.8392e+05,2.311e+06,-76652,-41.9,-12.714,-8.5713,4.0079
-0.24978,0.22028,-2.9594e-06,-0.97544,-0.47219,0.3,0.36885,20,0,0,0,0.7819,-1140.2,-5.513e+05,2.2368e+06,-63091,-40.459,-10.154,-8.4863,3.8596
-0.20713,0.31889,-1.7671e-05,-0.94779,-0.48065,0.3,0.36674,21,0,0,0,1.3662,-945.54,-1.1377e+06,2.6641e+06,-3.1431e+05,-47.311,-21.96,-14.503,4.3226
-0.21463,0.31888,-2.358e-05,-0.94779,-0.48002,0.3,0.36696,21,0,0,0,1.1735,-979.77,-1.0424e+06,2.7419e+06,-2.7784e+05,-48.628,-19.839,-14.918,4.2699
-0.21986,0.3189,-1.1762e-05,-0.94779,-0.48117,0.3,0.36657,21,0,0,0,1.4451,-1003.6,-1.4132e+06,2.7265e+06,-4.0167e+05,-48.569,-27.183,-14.558,4.4559
-0.25317,0.42415,-0.0036855,-0.90558,-0.48531,0.3,0.36493,22,0,0,0,1.2381,-1155.7,-2.7855e+06,3.5398e+06,-1.2099e+06,-60.925,-57.13,-27.309,5.4409
-0.16328,0.43113,-0.01143,-0.90222,-0.48596,0.3,0.36462,22,0,0,0,1.3887,-745.35,-2.368e+06,3.5408e+06,-1.1529e+06,-59.325,-49.648,-30.31,5.3729
-0.25317,0.42415,-0.0036854,-0.90558,-0.48531,0.3,0.36493,22,0,0,0,1.2381,-1155.7,-2.7855e+06,3.5398e+06,-1.2099e+06,-60.925,-57.13,-27.309,5.4409
-0.18285,0.42036,-2.4966e-05,-0.90736,-0.48492,0.3,0.36511,22,0,0,0,1.3689,-834.67,-2.3346e+06,3.4364e+06,-1.0029e+06,-59.049,-47.756,-26.249,5.252
-0.28219,0.077354,-6.6336e-06,-0.997,-0.45452,0.3,0.37098,23,0,0,0,0.051516,-1288.2,1.8613e+05,7.8008e+05,7008.6,-14.241,3.5053,-1.7093,2.2158
-0.28617,0.077355,1.2453e-05,-0.997,-0.45527,0.3,0.37092,23,0,0,0,0.045752,-1306.3,1.285e+05,7.7964e+05,-7390.5,-14.17,2.459,-2.1926,2.2098
-0.28219,0.077354,-6.634e-06,-0.997,-0.45452,0.3,0.37098,23,0,0,0,0.051517,-1288.2,1.8613e+05,7.8008e+05,7008.6,-14.241,3.5053,-1.7093,2.2158
-0.28225,0.077337,-2.4047e-05,-0.99701,-0.45421,0.3,0.371,23,0,0,0,0.056353,-1288.4,1.5936e+05,7.7093e+05,766.1,-14.042,2.9188,-2.0068,2.2184
-0.21648,-0.065448,0.00013544,-0.99786,-0.32937,0.3,0.36492,24,0,0,0,0.074705,-988.23,77934,8.464e+05,17557,-15.586,1.4255,-0.51056,2.3116
-0.22426,-0.065456,0.00014713,-0.99786,-0.33012,0.3,0.36497,24,0,0,0,0.077484,-1023.7,-26132,8.8254e+05,24758,-16.294,-0.59811,-1.1027,2.3377
-0.22426,-0.065456,0.00014713,-0.99786,-0.33012,0.3,0.36497,24,0,0,0,0.077484,-1023.7,-26132,8.8254e+05,24758,-16.294,-0.59812,-1.1027,2.3377
-0.22361,-0.065478,0.00016137,-0.99785,-0.33043,0.3,0.36499,24,0,0,0,0.067516,-1020.7,-5201.8,8.8501e+05,24576,-16.423,-0.067184,-1.4136,2.3659
-0.2692,0.22029,-1.0291e-05,-0.97543,-0.47625,0.3,0.36793,25,0,0,0,0.8982,-1228.9,-1.088e+06,2.2356e+06,-1.872e+05,-40.499,-20.385,-8.2407,3.8971
-0.28322,0.2203,-1.1325e-06,-0.97543,-0.47701,0.3,0.36776,25,0,0,0,0.86786,-1292.9,-1.1303e+06,2.1584e+06,-1.9682e+05,-39.082,-21.116,-7.9254,3.8654
-0.2692,0.22029,-1.0292e-05,-0.97543,-0.47625,0.3,0.36793,25,0,0,0,0.8982,-1228.9,-1.088e+06,2.2356e+06,-1.872e+05,-40.499,-20.385,-8.2407,3.8971
-0.25667,0.22027,-2.3067e-05,-0.97544,-0.47591,0.3,0.36801,25,0,0,0,0.97656,-1171.7,-9.4025e+05,2.2071e+06,-1.5437e+05,-39.966,-17.61,-8.2401,3.8962
-0.24638,0.2203,4.5832e-06,-0.97543,-0.47254,0.3,0.36877,26,0,0,0,0.67497,-1124.7,-5.3931e+05,2.2314e+06,-62594,-40.317,-9.833,-8.4484,3.7609
-0.24585,0.22028,2.7864e-05,-0.97544,-0.47329,0.3,0.3686,26,0,0,0,0.65626,-1122.3,-5.5753e+05,2.1663e+06,-68688,-39.143,-10.27,-8.1479,3.6917
-0.24638,0.2203,4.5829e-06,-0.97543,-0.47254,0.3,0.36877,26,0,0,0,0.67498,-1124.7,-5.3931e+05,2.2314e+06,-62594,-40.317,-9.833,-8.4484,3.7609
-0.24978,0.22031,-8.7601e-06,-0.97543,-0.47219,0.3,0.36885,26,0,0,0,0.7819,-1140.2,-5.513e+05,2.2368e+06,-63091,-40.459,-10.154,-8.4863,3.8596
-0.12164,0.42037,3.8204e-06,-0.90735,-0.48379,0.3,0.36563,27,0,0,0,1.4411,-555.29,-1.597e+06,3.466e+06,-6.3854e+05,-59.584,-31.775,-25.477,4.954
-0.11708,0.42037,6.1027e-06,-0.90735,-0.48445,0.3,0.36533,27,0,0,0,1.4705,-534.46,-1.7403e+06,3.3994e+06,-7.1723e+05,-58.378,-35.078,-25.333,5.0085
-0.12165,0.42037,3.8203e-06,-0.90735,-0.48379,0.3,0.36563,27,0,0,0,1.4411,-555.3,-1.597e+06,3.4659e+06,-6.3854e+05,-59.584,-31.775,-25.477,4.954
-0.23149,0.42036,-2.9365e-07,-0.90736,-0.4834,0.3,0.36581,27,0,0,0,1.2807,-1056.7,-1.7699e+06,2.8122e+06,-6.2615e+05,-49.035,-34.878,-18.847,4.7275
-0.47801,-0.078059,-0.00049603,-0.99695,-0.39451,0.3,0.37017,28,0,0,0,0.15007,-2182.1,12054,1.1469e+06,28064,-21.417,0.50622,-3.5851,2.6344
-0.47998,-0.078054,-0.00051396,-0.99695,-0.39528,0.3,0.37023,28,0,0,0,0.16457,-2191.1,29.187,1.1863e+06,29401,-22.17,0.30956,-3.8128,2.6868
-0.47998,-0.078054,-0.00051396,-0.99695,-0.39528,0.3,0.37023,28,0,0,0,0.16457,-2191.1,29.202,1.1863e+06,29402,-22.17,0.30956,-3.8128,2.6868
-0.48036,-0.078031,-0.0005327,-0.99695,-0.39557,0.3,0.37025,28,0,0,0,0.14197,-2192.8,52121,1.2136e+06,29823,-22.737,1.3195,-4.4357,2.7737
-0.14133,-0.027576,-1.5934e-05,-0.99962,-0.31816,0.3,0.36422,29,0,0,0,0.084446,-645.14,-23307,7.8679e+05,18662,-14.395,-0.42468,0.20905,2.2109
-0.14412,-0.032821,-0.0010246,-0.99946,-0.31891,0.3,0.36425,29,0,0,0,0.092955,-657.91,-20328,7.7872e+05,16002,-14.223,-0.33607,0.20589,2.199
-0.14412,-0.032821,-0.0010246,-0.99946,-0.31891,0.3,0.36425,29,0,0,0,0.092956,-657.91,-20328,7.7872e+05,16002,-14.223,-0.33607,0.20588,2.199
-0.15892,-0.040163,0.00064783,-0.99919,-0.3192,0.3,0.36426,29,0,0,0,0.080027,-725.44,17435,7.922e+05,18070,-14.591,0.37245,-0.32392,2.2549
-0.23644,0.3189,-6.2623e-06,-0.94779,-0.48154,0.3,0.36645,30,0,0,0,1.3822,-1079.3,-1.6374e+06,2.7767e+06,-4.7115e+05,-49.574,-31.375,-14.498,4.4936
-0.25887,0.3189,3.2734e-06,-0.94779,-0.48226,0.3,0.3662,30,0,0,0,1.3537,-1181.7,-1.7637e+06,2.6595e+06,-5.2011e+05,-47.57,-34.107,-13.747,4.5131
-0.23644,0.3189,-6.2624e-06,-0.94779,-0.48154,0.3,0.36645,30,0,0,0,1.3822,-1079.3,-1.6374e+06,2.7767e+06,-4.7115e+05,-49.574,-31.375,-14.498,4.4937
-0.21986,0.3189,-1.3512e-05,-0.94779,-0.48117,0.3,0.36657,30,0,0,0,1.4451,-1003.6,-1.4132e+06,2.7265e+06,-4.0167e+05,-48.569,-27.183,-14.558,4.4559
-0.35548,-0.084993,0.00028748,-0.99638,-0.35707,0.3,0.36718,31,0,0,0,0.11748,-1622.7,1.1889e+05,1.0326e+06,17048,-19.123,2.3146,-1.2702,2.5176
-0.36262,-0.084955,0.00027889,-0.99638,-0.35782,0.3,0.36725,31,0,0,0,0.13284,-1655.3,67933,1.0799e+06,22057,-20.025,1.4894,-1.6578,2.5675
-0.36262,-0.084955,0.00027889,-0.99638,-0.35782,0.3,0.36725,31,0,0,0,0.13285,-1655.3,67932,1.0799e+06,22057,-20.025,1.4893,-1.6578,2.5675
-0.3666,-0.08489,0.00025116,-0.99639,-0.35813,0.3,0.36727,31,0,0,0,0.11686,-1673.5,48495,1.0925e+06,26716,-20.416,1.1778,-2.3816,2.6336
-0.36589,-0.078078,-0.00051312,-0.99695,-0.36604,0.3,0.36794,32,0,0,0,0.10292,-1670.3,3.0372e+05,1.0238e+06,5076,-18.894,5.7853,-0.72776,2.5763
-0.37002,-0.078082,-0.00051583,-0.99695,-0.36676,0.3,0.368,32,0,0,0,0.1088,-1689.1,4.1922e+05,1.0536e+06,-3222.1,-19.435,7.9061,-0.70692,2.6427
-0.37002,-0.078082,-0.00051583,-0.99695,-0.36676,0.3,0.368,32,0,0,0,0.1088,-1689.1,4.1922e+05,1.0536e+06,-3222.1,-19.435,7.9061,-0.70694,2.6427
-0.3867,-0.078086,-0.00051632,-0.99695,-0.36711,0.3,0.36803,32,0,0,0,0.097817,-1765.2,2.2771e+05,1.082e+06,12579,-20.186,4.4581,-2.5055,2.6763
-0.40026,-0.078051,-0.00051882,-0.99695,-0.37579,0.3,0.36871,33,0,0,0,0.13552,-1827.1,53361,1.0849e+06,24099,-20.13,1.0269,-2.071,2.5664
-0.40473,-0.078065,-0.00052895,-0.99695,-0.37654,0.3,0.36876,33,0,0,0,0.15081,-1847.6,12975,1.1266e+06,27760,-20.939,0.51541,-2.5155,2.6189
-0.40473,-0.078065,-0.00052895,-0.99695,-0.37654,0.3,0.36876,33,0,0,0,0.15081,-1847.6,12975,1.1266e+06,27760,-20.939,0.5154,-2.5155,2.6189
-0.40647,-0.078076,-0.00053153,-0.99695,-0.37685,0.3,0.36879,33,0,0,0,0.13277,-1855.5,15840,1.135e+06,30205,-21.223,0.61046,-3.1181,2.6839
0.46747,0.77962,-0.0046036,-0.62623,-0.48888,0.3,0.36249,34,0,0,0,3.4007,2133.9,-3.8877e+06,4.648e+06,-4.3715e+06,-65.133,-117.8,-65.914,7.2899
0.69145,0.81603,0.014778,-0.57782,-0.48932,0.3,0.36194,34,0,0,0,3.2952,3156.4,-3.6044e+06,3.6446e+06,-4.776e+06,-47.318,-119.37,-54.696,6.6376
0.69146,0.81603,0.014778,-0.57782,-0.48932,0.3,0.36194,34,0,0,0,3.2952,3156.5,-3.6044e+06,3.6446e+06,-4.776e+06,-47.317,-119.37,-54.696,6.6376
0.90118,0.84938,-0.00053073,-0.52778,-0.4896,0.3,0.36148,34,0,0,0,4.0093,4113.8,-2.5974e+06,3.3417e+06,-4.1323e+06,-42.398,-96.465,-50.483,6.2012
-0.0016223,0.60329,-0.00020917,-0.79752,-0.48771,0.3,0.36351,35,0,0,0,1.6491,-7.4056,-2.895e+06,4.0259e+06,-2.0529e+06,-62.143,-67.845,-44.905,5.8461
0.05292,0.60974,-1.1695e-05,-0.7926,-0.48823,0.3,0.3631,35,0,0,0,2.2234,241.58,-3.0895e+06,4.0173e+06,-2.4616e+06,-60.814,-76.435,-47.636,6.2712
-0.0016245,0.60329,-0.00020922,-0.79752,-0.48771,0.3,0.36351,35,0,0,0,1.6491,-7.4158,-2.895e+06,4.0259e+06,-2.0529e+06,-62.143,-67.845,-44.905,5.8461
-0.064943,0.55688,-0.0027971,-0.83059,-0.48728,0.3,0.36382,35,0,0,0,1.5654,-296.46,-2.8081e+06,3.759e+06,-1.7928e+06,-59.715,-63.41,-38.72,5.6713
-0.12826,0.51789,-5.0519e-05,-0.85544,-0.48679,0.3,0.36412,35,0,0,0,1.4816,-585.5,-2.7213e+06,3.4921e+06,-1.5327e+06,-57.287,-58.976,-32.535,5.4965
-0.12826,0.51789,-5.0517e-05,-0.85545,-0.48679,0.3,0.36412,35,0,0,0,1.4816,-585.51,-2.7212e+06,3.4921e+06,-1.5327e+06,-57.287,-58.975,-32.535,5.4965
-0.10082,0.5179,-4.9619e-05,-0.85544,-0.48641,0.3,0.36435,35,0,0,0,1.5105,-460.25,-2.3359e+06,3.517e+06,-1.3142e+06,-57.506,-50.57,-32.923,5.4007
-0.40284,-0.052798,-0.00059959,-0.99861,-0.40873,0.3,0.37096,36,0,0,0,0.092039,-1838.9,4.9074e+05,9.5671e+05,1256,-17.637,9.1936,-1.3044,2.6105
-0.40187,-0.052799,-0.00058854,-0.99861,-0.40945,0.3,0.371,36,0,0,0,0.09734,-1834.5,7.4796e+05,9.6239e+05,-12950,-17.744,13.912,-1.2485,2.7435
-0.40187,-0.052799,-0.00058854,-0.99861,-0.40945,0.3,0.371,36,0,0,0,0.09734,-1834.5,7.4796e+05,9.6239e+05,-12950,-17.744,13.912,-1.2485,2.7435
-0.43381,-0.05281,-0.00057801,-0.9986,-0.40979,0.3,0.37101,36,0,0,0,0.092183,-1980.3,3.9063e+05,1.0324e+06,7709.9,-19.213,7.4414,-3.443,2.7229
-0.21827,0.31892,-1.6666e-05,-0.94778,-0.47929,0.3,0.3672,37,0,0,0,1.1227,-996.37,-9.9833e+05,2.8319e+06,-2.5926e+05,-50.199,-18.748,-15.447,4.3128
-0.21463,0.3189,-3.2787e-05,-0.94779,-0.48002,0.3,0.36696,37,0,0,0,1.1735,-979.77,-1.0424e+06,2.7419e+06,-2.7784e+05,-48.628,-19.839,-14.918,4.2699
-0.21827,0.31892,-1.6666e-05,-0.94778,-0.47929,0.3,0.3672,37,0,0,0,1.1226,-996.38,-9.9833e+05,2.8319e+06,-2.5926e+05,-50.199,-18.748,-15.447,4.3128
-0.30421,0.31896,1.1951e-05,-0.94777,-0.47892,0.3,0.36733,37,0,0,0,0.97462,-1388.7,-1.0012e+06,2.4426e+06,-2.2127e+05,-43.536,-18.804,-12.366,4.1235
-0.31138,-0.084998,0.00024192,-0.99638,-0.34808,0.3,0.36642,38,0,0,0,0.088896,-1421.4,3.0097e+05,9.5536e+05,515.09,-17.607,5.7112,-0.2164,2.4865
-0.31749,-0.084976,0.00028036,-0.99638,-0.34883,0.3,0.36648,38,0,0,0,0.094648,-1449.3,3.8195e+05,9.8215e+05,-6796.6,-18.098,7.2012,-0.2419,2.5405
-0.31749,-0.084976,0.00028037,-0.99638,-0.34883,0.3,0.36648,38,0,0,0,0.094648,-1449.3,3.8195e+05,9.8215e+05,-6796.5,-18.098,7.2012,-0.24192,2.5405
-0.3324,-0.084973,0.00030342,-0.99638,-0.34915,0.3,0.36651,38,0,0,0,0.084023,-1517.4,2.0855e+05,1.018e+06,10179,-18.97,4.0759,-1.8692,2.5822
-0.26857,0.13999,-0.00022065,-0.99015,-0.46278,0.3,0.37027,39,0,0,0,0.23544,-1226,-1.9797e+05,1.7307e+06,14067,-31.515,-3.4139,-4.4631,3.2738
-0.26509,0.13996,-0.00021029,-0.99016,-0.46353,0.3,0.37016,39,0,0,0,0.24353,-1210.1,-2.4611e+05,1.6865e+06,7713,-30.71,-4.3897,-4.3441,3.2294
-0.26857,0.13999,-0.00022065,-0.99015,-0.46278,0.3,0.37027,39,0,0,0,0.23545,-1226,-1.9797e+05,1.7307e+06,14067,-31.515,-3.4139,-4.4631,3.2738
-0.26872,0.14001,-0.0002187,-0.99015,-0.46244,0.3,0.37032,39,0,0,0,0.28125,-1226.7,-2.0232e+05,1.7256e+06,15034,-31.388,-3.4796,-4.5579,3.3294
-0.2754,-0.084989,0.00023117,-0.99638,-0.3391,0.3,0.36565,40,0,0,0,0.097438,-1257.2,1.621e+05,9.2533e+05,9034.7,-17.069,3.0368,-0.39932,2.3993
-0.28794,-0.084981,0.00025266,-0.99638,-0.33988,0.3,0.36572,40,0,0,0,0.11127,-1314.4,24530,9.8255e+05,21315,-18.181,0.42154,-1.0503,2.4386
-0.28794,-0.084981,0.00025266,-0.99638,-0.33988,0.3,0.36572,40,0,0,0,0.11127,-1314.4,24529,9.8255e+05,21315,-18.181,0.42152,-1.0503,2.4386
-0.29041,-0.08499,0.00026869,-0.99638,-0.34017,0.3,0.36574,40,0,0,0,0.097828,-1325.7,19305,9.9802e+05,25509,-18.599,0.47622,-1.6609,2.5023
-0.40828,-0.078065,-0.00048546,-0.99695,-0.38477,0.3,0.36941,41,0,0,0,0.11827,-1863.7,3.7083e+05,1.0328e+06,-334.89,-19.095,7.0513,-1.0795,2.628
-0.4109,-0.078057,-0.00051345,-0.99695,-0.38552,0.3,0.36947,41,0,0,0,0.12368,-1875.7,6.0407e+05,1.0514e+06,-19304,-19.426,11.335,-0.9837,2.7304
-0.4109,-0.078057,-0.00051345,-0.99695,-0.38552,0.3,0.36947,41,0,0,0,0.12368,-1875.7,6.0407e+05,1.0514e+06,-19304,-19.426,11.335,-0.98372,2.7304
-0.43701,-0.078019,-0.00054279,-0.99695,-0.38583,0.3,0.36949,41,0,0,0,0.11612,-1994.9,3.1405e+05,1.1187e+06,6075.4,-20.904,6.0914,-3.1526,2.7617
-0.28572,0.13997,-0.00021238,-0.99016,-0.46806,0.3,0.36952,42,0,0,0,0.36643,-1304.3,-3.2069e+05,1.673e+06,777.7,-30.458,-5.5543,-4.2505,3.2338
-0.29372,0.13995,-0.00022378,-0.99016,-0.46878,0.3,0.36942,42,0,0,0,0.32202,-1340.8,-3.0865e+05,1.6135e+06,-395.26,-29.323,-5.5331,-4.1354,3.1725
-0.28572,0.13997,-0.00021238,-0.99016,-0.46806,0.3,0.36952,42,0,0,0,0.36643,-1304.3,-3.2069e+05,1.673e+06,777.6,-30.458,-5.5544,-4.2505,3.2338
-0.2745,0.14001,-0.00018864,-0.99015,-0.46769,0.3,0.36958,42,0,0,0,0.44788,-1253.1,-3.4556e+05,1.6786e+06,-2522.7,-30.547,-6.043,-4.2654,3.2967
-0.1722,-0.037485,-5.5538e-06,0.9993,-0.31081,0.3,0.36097,0,0,0,0,19.809,-786.09,80527,-9.726e+05,61230,-32.994,-1.7282,-0.8622,87.637
-0.1919,-0.03747,-8.3142e-06,0.9993,-0.31,0.3,0.361,0,0,0,0,30.622,-876,-2119.7,-1.6881e+05,-2449.8,-26.677,0.15095,-1.1156,164.56
-0.15637,-0.037486,3.7484e-06,0.9993,-0.31148,0.3,0.36094,0,0,0,0,11.876,-713.81,1.198e+05,-1.2713e+06,66552,-32.621,-3.0655,-0.73677,16.399
-0.15078,-0.037482,8.8945e-06,0.9993,-0.3122,0.3,0.36092,0,0,0,0,9.942,-688.3,1.0822e+05,-1.1009e+06,21391,-28.776,-2.864,-1.5787,16.403
-0.13047,-0.037474,1.0951e-05,0.9993,-0.31295,0.3,0.36089,0,0,0,0,3.5876,-595.58,1.7742e+05,-1.5877e+06,52021,-32.882,-3.7854,-1.9824,8.9995
-0.11022,-0.037476,1.9553e-05,0.9993,-0.31369,0.3,0.36086,0,0,0,0,1.392,-503.12,2.3158e+05,-1.7764e+06,72491,-33.907,-4.5312,-1.6834,5.8998
-0.10665,-0.037486,1.4737e-05,0.9993,-0.31444,0.3,0.36083,0,0,0,0,0.44721,-486.83,2.7444e+05,-1.5061e+06,59959,-27.831,-5.1269,-1.3931,3.6621
-0.10742,-0.037474,2.9151e-06,0.9993,-0.31519,0.3,0.36081,0,0,0,0,0.13361,-490.35,2.8437e+05,-1.1134e+06,41195,-20.415,-5.2532,-0.93193,2.7033
-0.097708,-0.037476,1.1306e-05,0.9993,-0.31594,0.3,0.36078,0,0,0,0,0.10539,-446.03,2.7416e+05,-1.0009e+06,37430,-18.348,-5.0558,-0.7282,2.5778
-0.087616,-0.037484,2.2776e-05,0.9993,-0.31668,0.3,0.36075,0,0,0,0,0.09952,-399.96,2.9081e+05,-9.6157e+05,36971,-17.627,-5.3592,-0.66601,2.5415
-0.073971,-0.037487,2.0162e-05,0.9993,-0.31743,0.3,0.36072,0,0,0,0,0.095739,-337.67,3.2301e+05,-9.2202e+05,37126,-16.9,-5.9511,-0.66356,2.5084
-0.056982,-0.038484,-3.8154e-05,0.99926,-0.31818,0.3,0.36069,0,0,0,0,0.093103,-260.12,3.2985e+05,-7.9257e+05,18467,-14.526,-6.0507,-0.68554,2.3403
-0.067446,-0.063242,-4.5097e-05,0.998,-0.31892,0.3,0.36066,0,0,0,0,0.07468,-307.88,1.8526e+05,-5.875e+05,-4942,-10.751,-3.3757,-0.69111,1.9642
-0.097279,-0.086969,2.4654e-06,0.99621,-0.31963,0.3,0.3606,0,0,0,0,0.062184,-444.07,38839,-6.082e+05,1912.6,-11.117,-0.72697,-0.8376,1.9267
-0.10787,-0.08696,-6.4452e-06,0.99621,-0.3204,0.3,0.36053,0,0,0,0,0.0672,-492.42,22340,-7.3158e+05,13476,-13.382,-0.45677,-0.98466,2.121
-0.10667,-0.086986,-2.7495e-05,0.99621,-0.3207,0.3,0.36051,0,0,0,0,0.058184,-486.92,-10444,-7.0743e+05,-5935.3,-12.965,0.19642,-0.9977,2.1194
-0.10687,-0.086978,-1.415e-05,0.99621,-0.32126,0.3,0.36046,0,0,0,0,0.04418,-487.85,-36648,-6.7078e+05,-25757,-12.288,0.75475,-1.0058,2.0771
-0.10977,-0.086974,1.8916e-05,0.99621,-0.32196,0.3,0.3604,0,0,0,0,0.037302,-501.1,-38811,-6.6129e+05,-26922,-12.06,0.73568,-1.0496,2.0316
-0.11247,-0.086978,3.1687e-05,0.99621,-0.32269,0.3,0.36034,0,0,0,0,0.034943,-513.43,-47347,-6.6625e+05,-27757,-12.13,0.82032,-1.0934,2.03
-0.11477,-0.086969,2.1108e-05,0.99621,-0.32343,0.3,0.36027,0,0,0,0,0.034653,-523.9,-55030,-6.6615e+05,-28115,-12.127,0.9541,-1.0899,2.0345
-0.11775,-0.086975,9.0482e-06,0.99621,-0.32417,0.3,0.36021,0,0,0,0,0.036525,-537.52,-60018,-6.6994e+05,-28196,-12.208,1.013,-1.101,2.0485
-0.12158,-0.086982,-2.7868e-06,0.99621,-0.32491,0.3,0.36014,0,0,0,0,0.041586,-555,-33814,-6.9224e+05,-25559,-12.641,0.5504,-1.0661,2.0894
-0.12437,-0.086975,-4.3374e-06,0.99621,-0.32566,0.3,0.36008,0,0,0,0,0.047001,-567.75,3629.8,-7.1559e+05,-14065,-13.112,-0.061081,-0.93037,2.1366
-0.125,-0.086973,-7.3428e-06,0.99621,-0.3264,0.3,0.36001,0,0,0,0,0.049571,-570.62,11657,-7.2269e+05,-4792.8,-13.272,-0.1622,-0.88742,2.1616
-0.12383,-0.086967,-7.0531e-07,0.99621,-0.32714,0.3,0.35995,0,0,0,0,0.050969,-565.26,-7832.1,-7.2279e+05,-6758.3,-13.27,0.19412,-0.96755,2.1664
-0.12319,-0.086971,2.0852e-06,0.99621,-0.32788,0.3,0.35988,0,0,0,0,0.053272,-562.36,-37547,-7.1721e+05,-19897,-13.15,0.72636,-0.94855,2.1407
-0.12838,-0.086981,-6.62e-06,0.99621,-0.3286,0.3,0.35982,0,0,0,0,0.05423,-586.05,-27356,-7.3489e+05,-7200.7,-13.457,0.47762,-0.83234,2.1404
-0.13327,-0.086954,-4.0568e-06,0.99621,-0.32932,0.3,0.35976,0,0,0,0,0.053761,-608.35,-825.22,-7.5803e+05,16449,-13.881,-0.060818,-0.76715,2.1644
-0.1251,-0.08698,-4.2231e-06,0.99621,-0.32968,0.3,0.35972,0,0,0,0,0.045831,-571.05,-56443,-7.5045e+05,11690,-13.712,0.95324,-1.0538,2.1837
-0.11478,-0.086984,-1.2931e-05,0.99621,-0.33024,0.3,0.35968,0,0,0,0,0.038348,-523.97,-65296,-7.1764e+05,-4955.6,-13.116,1.2195,-1.2199,2.1337
-0.11299,-0.089702,-0.00010409,0.99597,-0.33094,0.3,0.35961,0,0,0,0,0.037238,-515.79,-39770,-6.4955e+05,-21291,-11.884,0.83425,-1.0052,1.9894
-0.12517,-0.1029,-2.5392e-05,0.99469,-0.33167,0.3,0.35955,0,0,0,0,0.034828,-571.38,-1.1955e+05,-6.1164e+05,-33180,-11.159,2.2871,-1.0001,1.9412
-0.14212,-0.11338,0.00013247,0.99355,-0.3324,0.3,0.35946,0,0,0,0,0.035965,-648.76,-1.5706e+05,-6.5805e+05,-39956,-12.03,2.9901,-1.13,2.0294
-0.15108,-0.11339,0.00014507,0.99355,-0.33314,0.3,0.35938,0,0,0,0,0.040311,-689.65,-1.0756e+05,-7.2205e+05,-23999,-13.218,2.0052,-1.1353,2.1222
-0.15605,-0.11338,0.00015992,0.99355,-0.33388,0.3,0.35929,0,0,0,0,0.045275,-712.36,-1.2203e+05,-7.3373e+05,-25886,-13.438,2.2739,-1.1655,2.1511
-0.16186,-0.11339,0.0001516,0.99355,-0.33462,0.3,0.35921,0,0,0,0,0.054985,-738.85,-1.9529e+05,-7.2848e+05,-46271,-13.347,3.6944,-1.1878,2.1538
-0.17705,-0.11338,0.00015067,0.99355,-0.33535,0.3,0.35913,0,0,0,0,0.072609,-808.21,-1.0941e+05,-7.9979e+05,-15133,-14.676,2.0141,-0.81925,2.2305
-0.18758,-0.11338,0.00014061,0.99355,-0.33612,0.3,0.35904,0,0,0,0,0.083131,-856.3,6785.7,-8.6547e+05,19207,-15.92,-0.22048,-0.49415,2.3018
-0.18762,-0.11336,0.00012765,0.99355,-0.33642,0.3,0.359,0,0,0,0,0.067903,-856.45,-25950,-8.557e+05,18769,-15.788,0.36751,-0.31843,2.3322
-0.18864,-0.11338,0.00015316,0.99355,-0.33698,0.3,0.35894,0,0,0,0,0.048488,-861.15,-67108,-8.3087e+05,11896,-15.381,1.1918,-0.21384,2.3228
-0.1911,-0.11339,0.00015921,0.99355,-0.33768,0.3,0.35886,0,0,0,0,0.043578,-872.37,-91162,-8.0832e+05,1466.8,-14.921,1.6587,-0.52263,2.2636
-0.19495,-0.11339,0.00015446,0.99355,-0.3384,0.3,0.35878,0,0,0,0,0.043109,-889.92,-1.0781e+05,-7.9961e+05,-2126,-14.71,1.9087,-0.76127,2.2409
-0.20007,-0.11338,0.00015299,0.99355,-0.33914,0.3,0.35869,0,0,0,0,0.044742,-913.31,-89252,-8.0516e+05,5056.3,-14.824,1.5788,-0.69408,2.2462
-0.20438,-0.1134,0.00015663,0.99355,-0.33988,0.3,0.35861,0,0,0,0,0.048396,-932.99,-56680,-8.1825e+05,14743,-15.084,0.98776,-0.61135,2.2659
-0.2046,-0.11338,0.00016255,0.99355,-0.34062,0.3,0.35853,0,0,0,0,0.053431,-934,-74050,-8.2593e+05,14173,-15.193,1.3027,-0.79677,2.2832
-0.20405,-0.11338,0.00015641,0.99355,-0.34135,0.3,0.35844,0,0,0,0,0.059927,-931.46,-1.7893e+05,-8.2194e+05,515.02,-15.097,3.3594,-1.041,2.2921
-0.21379,-0.1134,0.00012755,0.99355,-0.34208,0.3,0.35836,0,0,0,0,0.066308,-975.94,-1.6819e+05,-8.5389e+05,1125.9,-15.703,3.1448,-0.63553,2.316
-0.22274,-0.1134,0.00013746,0.99355,-0.34283,0.3,0.35827,0,0,0,0,0.068953,-1016.8,-82942,-8.9114e+05,11917,-16.398,1.4304,-0.18579,2.3373
-0.22274,-0.1134,0.00013746,0.99355,-0.34283,0.3,0.35827,0,0,0,0,0.068953,-1016.8,-82942,-8.9114e+05,11917,-16.398,1.4304,-0.18578,2.3373
-0.2255,-0.11343,0.00015059,0.99355,-0.34316,0.3,0.35824,0,0,0,0,0.05567,-1029.4,-67981,-8.8723e+05,14398,-16.427,1.1301,0.25554,2.366
-0.22891,-0.11338,0.00014879,0.99355,-0.34372,0.3,0.35817,0,0,0,0,0.043564,-1044.9,-44473,-8.6973e+05,18479,-16.199,0.68082,0.55145,2.3491
-0.22987,-0.11339,0.00013985,0.99355,-0.34441,0.3,0.35809,0,0,0,0,0.046983,-1049.3,-30823,-8.5254e+05,20195,-15.824,0.45974,0.13145,2.2863
-0.23035,-0.11339,0.00014799,0.99355,-0.34514,0.3,0.35801,0,0,0,0,0.050245,-1051.5,-25765,-8.4593e+05,20154,-15.639,0.39403,-0.21184,2.2675
-0.2296,-0.11339,0.00015852,0.99355,-0.34587,0.3,0.35793,0,0,0,0,0.052163,-1048.1,-41671,-8.3927e+05,17829,-15.489,0.69503,-0.39266,2.2696
-0.22855,-0.11459,6.4519e-05,0.99341,-0.34661,0.3,0.35784,0,0,0,0,0.054855,-1043.3,-79677,-8.3238e+05,12849,-15.327,1.3906,-0.64401,2.2786
-0.23075,-0.11912,-9.4586e-06,0.99288,-0.34735,0.3,0.35776,0,0,0,0,0.059574,-1053.4,-1.1475e+05,-8.3056e+05,8056.5,-15.256,2.031,-0.88199,2.2891
-0.23578,-0.12245,8.3485e-06,0.99247,-0.34808,0.3,0.35767,0,0,0,0,0.069282,-1076.3,-1.925e+05,-8.3681e+05,-2758.9,-15.352,3.6352,-1.0903,2.3076
-0.24861,-0.12247,7.7668e-06,0.99247,-0.34881,0.3,0.35758,0,0,0,0,0.088537,-1134.9,-1.7097e+05,-8.9551e+05,860.9,-16.428,3.2304,-0.93724,2.368
-0.25876,-0.12246,-1.452e-05,0.99247,-0.34956,0.3,0.35748,0,0,0,0,0.10101,-1181.2,-84625,-9.4936e+05,13316,-17.418,1.4608,-0.67466,2.4151
-0.26246,-0.12246,-3.7097e-06,0.99247,-0.34989,0.3,0.35744,0,0,0,0,0.08372,-1198.1,-77690,-9.4551e+05,16418,-17.476,1.291,-0.046265,2.456
-0.26772,-0.12247,4.5053e-06,0.99247,-0.35045,0.3,0.35737,0,0,0,0,0.061799,-1222.1,-82720,-9.2275e+05,17696,-17.19,1.3465,0.51535,2.4478
-0.27184,-0.12247,9.1103e-06,0.99247,-0.35114,0.3,0.35729,0,0,0,0,0.057847,-1240.9,-85925,-8.9754e+05,16055,-16.681,1.4447,0.21271,2.3758
-0.2768,-0.12245,-4.3699e-06,0.99247,-0.35187,0.3,0.3572,0,0,0,0,0.060386,-1263.5,-53208,-8.9278e+05,19220,-16.543,0.88185,-0.014017,2.3551
-0.27945,-0.12246,-9.5216e-06,0.99247,-0.3526,0.3,0.35711,0,0,0,0,0.06425,-1275.7,-31349,-8.9356e+05,22084,-16.544,0.48373,-0.076805,2.3648
-0.27863,-0.12247,-6.9761e-06,0.99247,-0.35334,0.3,0.35702,0,0,0,0,0.067865,-1271.9,-58754,-8.9383e+05,18730,-16.517,0.98121,-0.29191,2.3786
-0.27699,-0.12245,-1.5367e-05,0.99247,-0.35407,0.3,0.35693,0,0,0,0,0.07307,-1264.5,-1.4978e+05,-9.0215e+05,7414,-16.599,2.6671,-0.67531,2.3915
-0.28249,-0.12246,-1.1261e-05,0.99247,-0.3548,0.3,0.35684,0,0,0,0,0.080407,-1289.6,-2.2993e+05,-9.3796e+05,-2691,-17.218,4.3319,-0.80092,2.4375
-0.28855,-0.12247,-1.0187e-05,0.99247,-0.35551,0.3,0.35675,0,0,0,0,0.08415,-1317.2,-2.4437e+05,-9.6647e+05,-4713.2,-17.752,4.7708,-0.68631,2.4769
-0.29759,-0.12249,-2.213e-06,0.99247,-0.35588,0.3,0.3567,0,0,0,0,0.069298,-1358.5,-1.4699e+05,-9.6487e+05,8069.6,-18.004,2.8757,0.56245,2.5041
-0.30719,-0.12246,5.688e-06,0.99247,-0.35644,0.3,0.35663,0,0,0,0,0.055709,-1402.3,-43901,-9.4323e+05,21658,-17.777,0.74675,1.4563,2.471
-0.30793,-0.12246,8.6023e-06,0.99247,-0.35713,0.3,0.35655,0,0,0,0,0.059188,-1405.7,-36437,-9.1796e+05,21769,-17.126,0.51753,0.73591,2.3898
-0.30876,-0.12247,3.6041e-06,0.99247,-0.35786,0.3,0.35646,0,0,0,0,0.062371,-1409.5,-27207,-9.0929e+05,21939,-16.881,0.39379,0.29898,2.3669
-0.3094,-0.12247,-1.067e-05,0.99247,-0.35859,0.3,0.35637,0,0,0,0,0.064483,-1412.4,-22518,-9.0422e+05,22372,-16.769,0.3161,0.18264,2.3695
-0.30875,-0.12246,-1.9146e-05,0.99247,-0.35933,0.3,0.35628,0,0,0,0,0.068609,-1409.4,-37977,-9.0665e+05,20142,-16.792,0.5903,0.056057,2.3815
-0.30816,-0.12245,-2.072e-05,0.99247,-0.36007,0.3,0.35619,0,0,0,0,0.079195,-1406.7,-87369,-9.2863e+05,14369,-17.162,1.488,-0.13233,2.4006
-0.31244,-0.12247,-1.7527e-05,0.99247,-0.3608,0.3,0.3561,0,0,0,0,0.099963,-1426.3,-1.1137e+05,-9.8337e+05,12437,-18.156,1.9155,-0.091085,2.459
-0.3167,-0.12246,5.2037e-06,0.99247,-0.36154,0.3,0.356,0,0,0,0,0.11313,-1445.7,-98660,-1.0202e+06,14483,-18.841,1.6687,0.056891,2.5055
-0.32069,-0.12245,-2.1768e-06,0.99247,-0.36187,0.3,0.35596,0,0,0,0,0.095705,-1463.9,-70405,-1.0171e+06,20844,-18.966,1.1001,0.81794,2.5503
-0.32479,-0.12246,-1.2865e-05,0.99247,-0.36243,0.3,0.3559,0,0,0,0,0.073641,-1482.6,-53687,-9.8435e+05,24223,-18.512,0.77887,1.4022,2.5297
-0.32663,-0.12246,-1.5051e-05,0.99247,-0.36312,0.3,0.35581,0,0,0,0,0.069103,-1491,-57229,-9.463e+05,21265,-17.689,0.8917,0.89371,2.437
-0.32983,-0.12246,-3.8987e-07,0.99247,-0.36385,0.3,0.35572,0,0,0,0,0.071266,-1505.7,-35247,-9.3552e+05,23093,-17.391,0.50335,0.50556,2.4076
-0.33074,-0.12247,-2.4466e-06,0.99247,-0.36458,0.3,0.35563,0,0,0,0,0.07591,-1509.8,-27066,-9.3055e+05,24138,-17.275,0.35881,0.35199,2.4111
-0.32889,-0.12246,-2.0832e-05,0.99247,-0.36532,0.3,0.35554,0,0,0,0,0.079661,-1501.3,-50519,-9.2796e+05,21097,-17.197,0.78988,0.14096,2.4213
-0.32634,-0.12246,-2.4532e-05,0.99247,-0.36605,0.3,0.35545,0,0,0,0,0.083078,-1489.7,-1.1833e+05,-9.3619e+05,12794,-17.302,2.0497,-0.1477,2.4291
-0.32883,-0.12245,3.923e-06,0.99247,-0.36678,0.3,0.35536,0,0,0,0,0.089372,-1501.1,-2.7561e+05,-9.6437e+05,-7945.4,-17.776,5.1636,-0.3791,2.4902
-0.33257,-0.12244,-1.6945e-05,0.99248,-0.36753,0.3,0.35527,0,0,0,0,0.09342,-1518.2,-3.8273e+05,-9.8436e+05,-22662,-18.129,7.3395,-0.43583,2.5481
-0.33257,-0.12244,-1.6945e-05,0.99248,-0.36753,0.3,0.35527,0,0,0,0,0.09342,-1518.2,-3.8273e+05,-9.8437e+05,-22662,-18.129,7.3395,-0.43582,2.5481
-0.34775,-0.12241,-4.1431e-05,0.99248,-0.36786,0.3,0.35523,0,0,0,0,0.081008,-1587.4,-2.061e+05,-1.0076e+06,1584.9,-18.888,4.1199,1.1582,2.5813
-0.3631,-0.12245,-2.2664e-05,0.99247,-0.36842,0.3,0.35516,0,0,0,0,0.069443,-1657.5,-28872,-1.0019e+06,25512,-19.007,0.65921,2.2757,2.5445
-0.36266,-0.12247,-2.3077e-05,0.99247,-0.36911,0.3,0.35507,0,0,0,0,0.071394,-1655.5,-29946,-9.657e+05,24267,-18.114,0.42227,1.3367,2.4499
-0.36234,-0.12246,-3.096e-05,0.99247,-0.36984,0.3,0.35498,0,0,0,0,0.072852,-1654,-26093,-9.5319e+05,23765,-17.749,0.33593,0.78774,2.4212
-0.36274,-0.12246,-3.0802e-05,0.99247,-0.37057,0.3,0.35489,0,0,0,0,0.073812,-1655.9,-22957,-9.4478e+05,23779,-17.574,0.28801,0.65718,2.4206
-0.36253,-0.12247,-1.7027e-05,0.99247,-0.37131,0.3,0.3548,0,0,0,0,0.076942,-1654.9,-36474,-9.4504e+05,21956,-17.561,0.52469,0.54925,2.4305
-0.36194,-0.12245,1.0497e-07,0.99247,-0.37205,0.3,0.35471,0,0,0,0,0.086741,-1652.2,-86409,-9.6697e+05,16064,-17.928,1.4392,0.31145,2.4494
-0.36473,-0.12244,6.1941e-06,0.99248,-0.37278,0.3,0.35462,0,0,0,0,0.10858,-1665,-1.8125e+05,-1.0253e+06,4178.7,-18.96,3.3965,0.053411,2.5238
-0.36779,-0.12247,-1.6982e-05,0.99247,-0.37354,0.3,0.35452,0,0,0,0,0.12315,-1678.9,-2.3729e+05,-1.0651e+06,-3228.8,-19.675,4.6337,-0.030584,2.5856
-0.3777,-0.12248,-2.3051e-05,0.99247,-0.37386,0.3,0.35449,0,0,0,0,0.10551,-1724.2,-1.4095e+05,-1.0771e+06,12173,-20.207,2.9287,1.3144,2.6415
-0.38262,-0.11965,-5.8848e-05,0.99282,-0.37441,0.3,0.35442,0,0,0,0,0.080676,-1746.6,-1.0027e+05,-1.0481e+06,19337,-19.879,2.2291,2.2157,2.6241
-0.37067,-0.1129,-0.00011997,0.99361,-0.37511,0.3,0.35434,0,0,0,0,0.071165,-1692.1,-1.7821e+05,-9.8912e+05,9030.7,-18.536,3.3726,1.2814,2.5149
-0.36306,-0.10895,-0.00014616,0.99405,-0.37583,0.3,0.35426,0,0,0,0,0.069283,-1657.4,-1.2277e+05,-9.594e+05,14089,-17.841,2.0875,0.90363,2.454
-0.36328,-0.10895,-0.0001333,0.99405,-0.37657,0.3,0.35417,0,0,0,0,0.070339,-1658.3,-35945,-9.432e+05,22848,-17.54,0.49854,0.95529,2.4273
-0.36391,-0.10894,-0.00012486,0.99405,-0.37731,0.3,0.35409,0,0,0,0,0.073275,-1661.2,-34454,-9.3768e+05,23532,-17.421,0.47097,0.82193,2.43
-0.36169,-0.10895,-0.00013108,0.99405,-0.37805,0.3,0.35401,0,0,0,0,0.078409,-1651.1,-67210,-9.389e+05,19824,-17.415,1.0741,0.59161,2.4409
-0.35664,-0.10895,-0.00012622,0.99405,-0.37879,0.3,0.35393,0,0,0,0,0.083481,-1628,-1.2862e+05,-9.5043e+05,13415,-17.584,2.2195,0.27143,2.4498
-0.35601,-0.10895,-0.0001217,0.99405,-0.37951,0.3,0.35385,0,0,0,0,0.089808,-1625.2,-2.9397e+05,-9.7963e+05,-5575.4,-18.083,5.4703,0.026979,2.5169
-0.35845,-0.10896,-0.00015247,0.99405,-0.38026,0.3,0.35377,0,0,0,0,0.093892,-1636.3,-4.2307e+05,-9.996e+05,-20916,-18.435,8.0408,-0.055438,2.5817
-0.35845,-0.10896,-0.00015247,0.99405,-0.38026,0.3,0.35377,0,0,0,0,0.093892,-1636.3,-4.2307e+05,-9.996e+05,-20916,-18.435,8.0408,-0.055421,2.5817
-0.37486,-0.10894,-0.00013002,0.99405,-0.38059,0.3,0.35373,0,0,0,0,0.082753,-1711.2,-2.2907e+05,-1.0289e+06,2606.8,-19.265,4.5251,1.6605,2.6131
-0.39015,-0.10894,-0.00012468,0.99405,-0.38115,0.3,0.35367,0,0,0,0,0.071757,-1781,-40646,-1.0224e+06,23403,-19.389,1.0522,2.8867,2.5681
-0.38718,-0.10894,-0.00011432,0.99405,-0.38184,0.3,0.3536,0,0,0,0,0.072165,-1767.4,-54364,-9.7831e+05,20415,-18.382,1.0293,1.863,2.4636
-0.38454,-0.10894,-0.00011345,0.99405,-0.38257,0.3,0.35352,0,0,0,0,0.072205,-1755.4,-50441,-9.6227e+05,21222,-17.928,0.75216,1.2593,2.427
-0.38332,-0.10894,-0.00012411,0.99405,-0.38331,0.3,0.35344,0,0,0,0,0.072142,-1749.8,-35066,-9.4883e+05,22552,-17.661,0.48313,1.134,2.4191
-0.38215,-0.10895,-0.00013431,0.99405,-0.38405,0.3,0.35335,0,0,0,0,0.073059,-1744.5,-36143,-9.4061e+05,22103,-17.497,0.50386,1.0356,2.4238
-0.38029,-0.10895,-0.00012981,0.99405,-0.38479,0.3,0.35327,0,0,0,0,0.076739,-1736,-46302,-9.4238e+05,20616,-17.512,0.68287,0.90664,2.4343
-0.37812,-0.10894,-0.00011801,0.99405,-0.38553,0.3,0.35319,0,0,0,0,0.08723,-1726.1,-60932,-9.6676e+05,19599,-17.937,0.9472,0.75554,2.451
-0.37832,-0.10895,-0.00013781,0.99405,-0.38626,0.3,0.35311,0,0,0,0,0.10942,-1727,-1.1536e+05,-1.0266e+06,14066,-19.02,2.1715,0.69514,2.5167
-0.37954,-0.10895,-0.00013813,0.99405,-0.38703,0.3,0.35303,0,0,0,0,0.12405,-1732.6,-1.6091e+05,-1.0664e+06,8774.4,-19.746,3.2322,0.69999,2.5721
-0.38655,-0.10896,-0.00013726,0.99405,-0.38733,0.3,0.353,0,0,0,0,0.1085,-1764.6,-90604,-1.0745e+06,19620,-20.145,1.9983,1.816,2.6275
-0.39164,-0.10895,-0.00012162,0.99405,-0.38789,0.3,0.35293,0,0,0,0,0.08903,-1787.8,-35699,-1.0431e+06,27474,-19.756,0.91517,2.5292,2.6053
-0.3887,-0.10895,-0.00012546,0.99405,-0.38859,0.3,0.35286,0,0,0,0,0.083465,-1774.4,-46780,-9.9189e+05,24037,-18.62,0.81738,1.7255,2.4962
-0.38889,-0.10896,-0.00014184,0.99405,-0.38931,0.3,0.35278,0,0,0,0,0.080891,-1775.2,-49658,-9.7002e+05,22850,-18.075,0.70702,1.2581,2.453
-0.39233,-0.10895,-0.0001377,0.99405,-0.39005,0.3,0.3527,0,0,0,0,0.080571,-1790.9,-38375,-9.5619e+05,23978,-17.804,0.50989,1.1754,2.4408
-0.39514,-0.10894,-0.00012976,0.99405,-0.39079,0.3,0.35262,0,0,0,0,0.083718,-1803.8,-18534,-9.5185e+05,25989,-17.712,0.14558,1.0949,2.445
-0.3946,-0.10895,-0.00012632,0.99405,-0.39153,0.3,0.35254,0,0,0,0,0.087922,-1801.3,-40517,-9.5092e+05,23312,-17.674,0.55325,0.93067,2.4525
-0.38947,-0.10895,-0.00011416,0.99405,-0.39226,0.3,0.35245,0,0,0,0,0.090485,-1777.9,-1.337e+05,-9.549e+05,12995,-17.706,2.3445,0.58607,2.458
-0.38538,-0.10894,-0.00010749,0.99405,-0.39299,0.3,0.35237,0,0,0,0,0.095727,-1759.2,-4.3944e+05,-9.5884e+05,-22868,-17.735,8.2073,0.25657,2.5716
-0.3853,-0.10897,-0.00012275,0.99405,-0.39376,0.3,0.35229,0,0,0,0,0.10007,-1758.9,-6.7535e+05,-9.5854e+05,-51231,-17.714,12.716,0.17177,2.6824
-0.3853,-0.10897,-0.00012275,0.99405,-0.39376,0.3,0.35229,0,0,0,0,0.10007,-1758.9,-6.7535e+05,-9.5854e+05,-51231,-17.714,12.716,0.17179,2.6824
-0.41428,-0.10902,-0.00011314,0.99404,-0.39407,0.3,0.35226,0,0,0,0,0.092584,-1891.2,-3.5335e+05,-1.028e+06,-12150,-19.307,6.8537,2.2457,2.6872
-0.44401,-0.10895,-0.00011244,0.99405,-0.39463,0.3,0.3522,0,0,0,0,0.085787,-2026.9,-19865,-1.06e+06,27386,-20.184,0.75842,3.7769,2.6144
-0.44326,-0.10895,-0.00012081,0.99405,-0.39532,0.3,0.35212,0,0,0,0,0.085544,-2023.4,-26185,-1.0138e+06,25801,-19.147,0.54343,2.6919,2.5073
-0.4416,-0.10894,-0.00013559,0.99405,-0.39605,0.3,0.35204,0,0,0,0,0.083533,-2015.9,-33811,-9.9592e+05,24652,-18.645,0.38442,2.069,2.4687
-0.44169,-0.10894,-0.00014828,0.99405,-0.39679,0.3,0.35196,0,0,0,0,0.08183,-2016.3,-25041,-9.7947e+05,25143,-18.322,0.23474,1.9535,2.4588
-0.44208,-0.10895,-0.00015126,0.99405,-0.39753,0.3,0.35188,0,0,0,0,0.080861,-2018,-33426,-9.6715e+05,23816,-18.088,0.38774,1.8916,2.4598
-0.44115,-0.10895,-0.0001286,0.99405,-0.39827,0.3,0.3518,0,0,0,0,0.081755,-2013.8,-64173,-9.6343e+05,19461,-18.002,0.95824,1.7514,2.4653
-0.43596,-0.10895,-0.00011863,0.99405,-0.39901,0.3,0.35172,0,0,0,0,0.08875,-1990.1,-1.4364e+05,-9.8045e+05,10216,-18.281,2.6407,1.3705,2.4836
-0.42751,-0.10897,-0.00016635,0.99405,-0.39974,0.3,0.35164,0,0,0,0,0.1084,-1951.5,-3.7432e+05,-1.0259e+06,-15106,-19.038,7.1357,0.71816,2.5991
-0.42319,-0.10894,-0.00015249,0.99405,-0.40052,0.3,0.35155,0,0,0,0,0.12229,-1931.8,-5.4931e+05,-1.0555e+06,-34612,-19.526,10.393,0.33335,2.7002
-0.44611,-0.10894,-0.00013137,0.99405,-0.40081,0.3,0.35152,0,0,0,0,0.10639,-2036.4,-3.2939e+05,-1.0986e+06,-6331.4,-20.639,6.4365,2.312,2.733
-0.45113,-0.098051,-0.0005403,0.99518,-0.40137,0.3,0.35146,0,0,0,0,0.082992,-2059.4,-3.0137e+05,-1.1104e+06,4680.9,-20.949,5.943,3.1835,2.7491
-0.42185,-0.083284,-0.00070317,0.99653,-0.40207,0.3,0.3514,0,0,0,0,0.072005,-1925.7,-4.0381e+05,-1.0333e+06,-4815.8,-19.274,7.7304,1.9671,2.6298
-0.40539,-0.079417,-0.0004469,0.99684,-0.4028,0.3,0.35134,0,0,0,0,0.066855,-1850.6,-2.381e+05,-9.6018e+05,8533.3,-17.908,4.4253,1.9279,2.4716
-0.39729,-0.079415,-0.00043087,0.99684,-0.40354,0.3,0.35128,0,0,0,0,0.064204,-1813.6,-1.3316e+05,-9.2049e+05,16015,-17.153,2.2537,1.9379,2.3995
-0.39291,-0.079396,-0.00042698,0.99684,-0.40428,0.3,0.35122,0,0,0,0,0.062537,-1793.6,-81466,-8.9971e+05,18981,-16.731,1.2902,1.8523,2.3741
-0.39194,-0.079405,-0.00041708,0.99684,-0.40503,0.3,0.35116,0,0,0,0,0.061024,-1789.2,-46621,-8.8575e+05,21237,-16.468,0.65443,1.8415,2.3606
-0.39082,-0.079423,-0.00041061,0.99684,-0.40577,0.3,0.3511,0,0,0,0,0.060492,-1784,-54315,-8.7655e+05,20478,-16.29,0.80399,1.7522,2.3567
-0.38709,-0.079413,-0.0004262,0.99684,-0.40651,0.3,0.35104,0,0,0,0,0.0609,-1767,-90505,-8.7005e+05,17254,-16.155,1.4803,1.5475,2.3614
-0.38166,-0.079409,-0.00043289,0.99684,-0.40726,0.3,0.35098,0,0,0,0,0.060994,-1742.2,-1.3411e+05,-8.6811e+05,13992,-16.101,2.2962,1.285,2.371
-0.37247,-0.079411,-0.00043185,0.99684,-0.408,0.3,0.35092,0,0,0,0,0.062293,-1700.3,-2.2636e+05,-8.7512e+05,6856.7,-16.187,4.1759,0.88625,2.389
-0.36406,-0.079412,-0.00043439,0.99684,-0.40873,0.3,0.35086,0,0,0,0,0.0684,-1661.9,-5.2062e+05,-8.6852e+05,-19331,-16.027,9.7637,0.53048,2.5219
-0.36163,-0.079423,-0.00043554,0.99684,-0.40948,0.3,0.3508,0,0,0,0,0.073202,-1650.8,-7.4958e+05,-8.5585e+05,-40370,-15.786,13.976,0.41182,2.6424
-0.36163,-0.079423,-0.00043554,0.99684,-0.40948,0.3,0.3508,0,0,0,0,0.073202,-1650.8,-7.4958e+05,-8.5585e+05,-40370,-15.786,13.976,0.41184,2.6424
-0.39149,-0.079393,-0.00041486,0.99684,-0.40979,0.3,0.35078,0,0,0,0,0.067578,-1787.1,-4.0067e+05,-9.2804e+05,-8896.4,-17.352,7.6401,2.5227,2.6055
-0.42209,-0.079399,-0.00041035,0.99684,-0.41035,0.3,0.35073,0,0,0,0,0.063677,-1926.8,-38414,-9.7055e+05,23397,-18.359,1.0379,4.1476,2.4953
-0.42143,-0.079404,-0.00040792,0.99684,-0.41105,0.3,0.35068,0,0,0,0,0.064393,-1923.8,-45904,-9.3404e+05,21502,-17.56,0.88107,3.1752,2.3939
-0.41917,-0.079419,-0.00041186,0.99684,-0.41178,0.3,0.35062,0,0,0,0,0.062402,-1913.5,-58588,-9.198e+05,19983,-17.169,0.84521,2.6128,2.3553
-0.41825,-0.079424,-0.00041618,0.99684,-0.41253,0.3,0.35056,0,0,0,0,0.060282,-1909.3,-45763,-9.0532e+05,21403,-16.884,0.61639,2.5018,2.3417
-0.41824,-0.079411,-0.00042028,0.99684,-0.41327,0.3,0.3505,0,0,0,0,0.058586,-1909.2,-46454,-8.9321e+05,20968,-16.653,0.63298,2.4394,2.3397
-0.41891,-0.079408,-0.00042571,0.99684,-0.41401,0.3,0.35044,0,0,0,0,0.057289,-1912.3,-53716,-8.8397e+05,19998,-16.481,0.7683,2.4244,2.3429
-0.41994,-0.079403,-0.0004349,0.99684,-0.41476,0.3,0.35038,0,0,0,0,0.05641,-1917,-57035,-8.7695e+05,19499,-16.352,0.82906,2.4561,2.3488
-0.42074,-0.079412,-0.0004347,0.99684,-0.4155,0.3,0.35032,0,0,0,0,0.056506,-1920.6,-61916,-8.7229e+05,18995,-16.272,0.91658,2.5404,2.3564
-0.42069,-0.07941,-0.0004291,0.99684,-0.41625,0.3,0.35027,0,0,0,0,0.057408,-1920.4,-78194,-8.7153e+05,17528,-16.266,1.2136,2.6211,2.3605
-0.41883,-0.07941,-0.00042857,0.99684,-0.41699,0.3,0.35021,0,0,0,0,0.05762,-1911.9,-1.2361e+05,-8.7908e+05,13676,-16.4,2.0533,2.5094,2.3623
-0.41061,-0.079415,-0.00042119,0.99684,-0.41773,0.3,0.35015,0,0,0,0,0.059557,-1874.4,-2.4254e+05,-9.0186e+05,4102.3,-16.777,4.4658,2.0559,2.39
-0.39588,-0.079407,-0.00040348,0.99684,-0.41847,0.3,0.35009,0,0,0,0,0.070361,-1807.1,-5.2219e+05,-9.1844e+05,-19567,-17.006,9.8163,1.2036,2.5316
-0.38791,-0.0794,-0.00041113,0.99684,-0.41923,0.3,0.35003,0,0,0,0,0.078774,-1770.7,-7.1551e+05,-9.1871e+05,-36361,-16.969,13.359,0.67714,2.6472
-0.41433,-0.079383,-0.00042139,0.99684,-0.41953,0.3,0.35,0,0,0,0,0.069356,-1891.4,-4.4691e+05,-9.7328e+05,-13167,-18.204,8.5213,2.6419,2.6394
-0.42288,-0.070775,-0.00060275,0.99749,-0.42009,0.3,0.34996,0,0,0,0,0.054903,-1930.4,-3.9838e+05,-1.023e+06,0.62839,-19.17,7.6577,3.2969,2.6792
-0.38481,-0.05164,-0.00074418,0.99867,-0.42078,0.3,0.34992,0,0,0,0,0.046324,-1756.6,-6.197e+05,-9.7773e+05,-4636.3,-18.083,11.596,1.4632,2.6691
-0.36261,-0.041161,-0.0006988,0.99915,-0.42152,0.3,0.34989,0,0,0,0,0.043264,-1655.3,-3.7163e+05,-8.8282e+05,9090.8,-16.309,6.9011,1.7579,2.4355
-0.35462,-0.04114,-0.00068938,0.99915,-0.42226,0.3,0.34985,0,0,0,0,0.040771,-1618.8,-1.7157e+05,-8.1701e+05,15179,-15.135,3.2352,2.2585,2.2597
-0.34539,-0.041138,-0.00068173,0.99915,-0.42301,0.3,0.34982,0,0,0,0,0.036985,-1576.7,-1.8622e+05,-7.9401e+05,14116,-14.686,3.413,1.9797,2.2357
-0.33927,-0.041152,-0.00067648,0.99915,-0.42376,0.3,0.34979,0,0,0,0,0.035151,-1548.7,-1.4382e+05,-7.7382e+05,15352,-14.299,2.4575,2.0068,2.2017
-0.33466,-0.041152,-0.00067196,0.99915,-0.42451,0.3,0.34976,0,0,0,0,0.03363,-1527.7,-1.189e+05,-7.5908e+05,15870,-14.026,2.0034,2.0433,2.1823
-0.33204,-0.041156,-0.00067335,0.99915,-0.42525,0.3,0.34973,0,0,0,0,0.032773,-1515.7,-96587,-7.4846e+05,16333,-13.831,1.5932,2.0986,2.1675
-0.33258,-0.041145,-0.00068179,0.99915,-0.426,0.3,0.3497,0,0,0,0,0.031594,-1518.2,-84243,-7.4086e+05,16125,-13.692,1.3662,2.1251,2.1566
-0.33485,-0.041147,-0.00069065,0.99915,-0.42675,0.3,0.34967,0,0,0,0,0.030129,-1528.6,-69860,-7.3503e+05,16341,-13.587,1.1075,2.1764,2.1483
-0.33475,-0.041157,-0.00070051,0.99915,-0.4275,0.3,0.34964,0,0,0,0,0.029219,-1528.1,-73864,-7.294e+05,16186,-13.484,1.1909,2.1678,2.1468
-0.33298,-0.041162,-0.00070915,0.99915,-0.42824,0.3,0.34961,0,0,0,0,0.028833,-1520,-82760,-7.2298e+05,15642,-13.366,1.3585,2.1106,2.1477
-0.33221,-0.041155,-0.00070234,0.99915,-0.42899,0.3,0.34958,0,0,0,0,0.028513,-1516.5,-72416,-7.1656e+05,16082,-13.249,1.167,2.1101,2.1452
-0.33223,-0.041147,-0.00069012,0.99915,-0.42974,0.3,0.34955,0,0,0,0,0.028159,-1516.6,-71282,-7.1109e+05,15674,-13.15,1.145,2.114,2.144
-0.33275,-0.041147,-0.00067895,0.99915,-0.43049,0.3,0.34952,0,0,0,0,0.027882,-1519,-79933,-7.0694e+05,14900,-13.074,1.3024,2.1009,2.1451
-0.33386,-0.041149,-0.00066478,0.99915,-0.43123,0.3,0.34949,0,0,0,0,0.02773,-1524,-87436,-7.042e+05,14861,-13.024,1.4389,2.1086,2.1479
-0.33542,-0.041152,-0.00066358,0.99915,-0.43198,0.3,0.34945,0,0,0,0,0.027797,-1531.2,-95672,-7.0346e+05,14672,-13.011,1.588,2.1254,2.1537
-0.33746,-0.041152,-0.00066935,0.99915,-0.43273,0.3,0.34942,0,0,0,0,0.028179,-1540.5,-99782,-7.0546e+05,14341,-13.05,1.6616,2.1387,2.1628
-0.33938,-0.041151,-0.00067077,0.99915,-0.43348,0.3,0.34939,0,0,0,0,0.029102,-1549.2,-1.0224e+05,-7.1156e+05,14345,-13.163,1.709,2.1463,2.1757
-0.33898,-0.041151,-0.00068114,0.99915,-0.43422,0.3,0.34936,0,0,0,0,0.031146,-1547.4,-1.367e+05,-7.2283e+05,12889,-13.38,2.4914,2.0543,2.1986
-0.334,-0.041153,-0.00068595,0.99915,-0.43496,0.3,0.34933,0,0,0,0,0.035462,-1524.7,-2.7375e+05,-7.3759e+05,-1517.5,-13.613,5.1424,1.5725,2.2516
-0.33709,-0.041129,-0.00065416,0.99915,-0.43569,0.3,0.3493,0,0,0,0,0.042199,-1538.8,-5.2403e+05,-7.4206e+05,-16783,-13.657,9.7213,1.0552,2.3854
-0.34392,-0.041158,-0.00067346,0.99915,-0.4364,0.3,0.34927,0,0,0,0,0.046023,-1569.9,-6.7086e+05,-7.3868e+05,-19328,-13.602,12.414,0.92494,2.4818
-0.3637,-0.041188,-0.00067616,0.99915,-0.43674,0.3,0.34926,0,0,0,0,0.039299,-1660.3,-4.5274e+05,-7.9749e+05,-3419.4,-14.775,8.4825,2.3728,2.4475
-0.3611,-0.023485,-0.00072442,0.99972,-0.43731,0.3,0.34924,0,0,0,0,0.032393,-1648.4,-4.8685e+05,-8.936e+05,16719,-16.522,9.0876,2.3309,2.5456
-0.32912,0.00038552,-0.00038892,1,-0.438,0.3,0.34923,0,0,0,0,0.030334,-1502.4,-5.5044e+05,-8.4895e+05,21565,-15.569,10.16,1.1593,2.4502
-0.3146,0.0065795,-1.4235e-05,0.99998,-0.43874,0.3,0.34924,0,0,0,0,0.027961,-1436.1,-2.8704e+05,-7.4404e+05,20296,-13.611,5.3254,1.699,2.1516
-0.30595,0.0065701,3.5143e-06,0.99998,-0.43949,0.3,0.34924,0,0,0,0,0.027207,-1396.6,-1.9039e+05,-7.1038e+05,11165,-12.987,3.5142,1.9809,2.0573
-0.30008,0.006568,1.6515e-05,0.99998,-0.44023,0.3,0.34925,0,0,0,0,0.027034,-1369.9,-1.4348e+05,-6.9371e+05,-491.2,-12.69,2.5701,2.0707,2.0182
-0.2964,0.0065666,1.3941e-05,0.99998,-0.44098,0.3,0.34925,0,0,0,0,0.027321,-1353,-1.0782e+05,-6.8624e+05,-7066.8,-12.558,1.8702,2.1475,1.9979
-0.29386,0.0065666,9.6359e-06,0.99998,-0.44173,0.3,0.34926,0,0,0,0,0.027975,-1341.4,-90060,-6.8497e+05,-11318,-12.534,1.5419,2.2288,1.9916
-0.29212,0.0065772,5.7236e-06,0.99998,-0.44248,0.3,0.34926,0,0,0,0,0.029302,-1333.5,-81059,-6.8726e+05,-15302,-12.576,1.3756,2.2691,1.9926
-0.29079,0.0065737,2.3198e-06,0.99998,-0.44323,0.3,0.34926,0,0,0,0,0.031891,-1327.4,-80896,-6.9227e+05,-18702,-12.669,1.3732,2.2661,2.0045
-0.28896,0.0065633,3.4652e-06,0.99998,-0.44396,0.3,0.34927,0,0,0,0,0.037039,-1319.1,-94640,-6.9803e+05,-20231,-12.774,1.6291,2.1954,2.0366
-0.28633,0.0065777,1.0412e-05,0.99998,-0.44466,0.3,0.34927,0,0,0,0,0.046484,-1307.1,-1.2003e+05,-7.013e+05,-13765,-12.805,2.1786,1.942,2.0934
-0.2846,0.0065184,1.5714e-05,0.99998,-0.44523,0.3,0.34928,0,0,0,0,0.049293,-1299.2,-2.0239e+05,-7.0066e+05,-16573,-12.803,3.7552,1.2245,2.1367
-0.28427,0.0065587,1.0123e-05,0.99998,-0.44555,0.3,0.34928,0,0,0,0,0.046092,-1297.7,-2.7136e+05,-6.9953e+05,-25874,-12.821,5.0056,0.6991,2.1459
-0.28427,0.0065587,1.0123e-05,0.99998,-0.44555,0.3,0.34928,0,0,0,0,0.046092,-1297.7,-2.7136e+05,-6.9953e+05,-25874,-12.821,5.0056,0.6991,2.1459
-0.2915,0.0065997,-1.8842e-05,0.99998,-0.44626,0.3,0.34928,0,0,0,0,0.040708,-1330.7,-1.7325e+05,-7.1014e+05,-26038,-13.048,3.2287,1.2878,2.1424
-0.29632,0.006562,-3.1701e-06,0.99998,-0.44699,0.3,0.34929,0,0,0,0,0.036716,-1352.7,-1.1017e+05,-7.3498e+05,-26006,-13.504,2.0881,1.6055,2.185
-0.2931,0.006563,-1.4779e-05,0.99998,-0.44773,0.3,0.34929,0,0,0,0,0.039663,-1338,-1.4046e+05,-7.6343e+05,-25963,-13.991,2.6371,1.343,2.2568
-0.2926,0.0065775,-2.9496e-05,0.99998,-0.44847,0.3,0.3493,0,0,0,0,0.043389,-1335.7,-2.2225e+05,-7.8961e+05,-25579,-14.473,4.1208,0.91425,2.3316
-0.29965,0.00657,-2.9789e-05,0.99998,-0.44922,0.3,0.3493,0,0,0,0,0.048635,-1367.9,-3.4838e+05,-8.2279e+05,-25352,-15.086,6.4171,0.46332,2.428
-0.31888,0.0065684,-2.458e-05,0.99998,-0.44997,0.3,0.34931,0,0,0,0,0.058591,-1455.6,-2.7997e+05,-9.5772e+05,-29301,-17.565,5.182,0.94076,2.5756
-0.32544,0.017083,-2.8411e-05,0.99985,-0.45072,0.3,0.34931,0,0,0,0,0.081814,-1485.6,-2.1793e+05,-1.2084e+06,6363.6,-22.177,4.0606,1.3888,2.8408
-0.29207,0.045055,-8.6845e-05,0.99898,-0.45146,0.3,0.34933,0,0,0,0,0.1278,-1333.3,-97529,-1.3866e+06,40629,-25.444,1.8374,1.5015,3.0317
-0.2627,0.062497,-0.00014055,0.99805,-0.45224,0.3,0.34938,0,0,0,0,0.16487,-1199.2,67771,-1.4092e+06,35399,-25.839,-1.205,1.673,3.0338
-0.25797,0.062489,-0.00014489,0.99805,-0.45299,0.3,0.34943,0,0,0,0,0.1794,-1177.6,86280,-1.3911e+06,32396,-25.5,-1.5488,1.7016,3.0065
-0.2532,0.062491,-0.00014873,0.99805,-0.45374,0.3,0.34948,0,0,0,0,0.19082,-1155.8,1.214e+05,-1.389e+06,29797,-25.459,-2.1978,1.6955,2.9958
-0.25022,0.062501,-0.00014781,0.99804,-0.45448,0.3,0.34952,0,0,0,0,0.19555,-1142.2,1.3376e+05,-1.3817e+06,29623,-25.328,-2.4271,1.6363,2.9764
-0.24916,0.062493,-0.00014845,0.99805,-0.45523,0.3,0.34957,0,0,0,0,0.19699,-1137.4,1.3427e+05,-1.3799e+06,28878,-25.297,-2.4379,1.6024,2.9592
-0.24964,0.062496,-0.00014507,0.99805,-0.45598,0.3,0.34962,0,0,0,0,0.20379,-1139.6,1.4774e+05,-1.385e+06,27962,-25.391,-2.6838,1.6315,2.9497
-0.25158,0.062504,-0.00014491,0.99804,-0.45672,0.3,0.34966,0,0,0,0,0.21572,-1148.4,1.6439e+05,-1.3861e+06,26847,-25.41,-2.988,1.6893,2.9404
-0.25451,0.062503,-0.0001539,0.99804,-0.45747,0.3,0.34971,0,0,0,0,0.22434,-1161.8,1.7223e+05,-1.3897e+06,26548,-25.475,-3.1311,1.7336,2.9381
-0.25805,0.062497,-0.00015678,0.99805,-0.45821,0.3,0.34976,0,0,0,0,0.22574,-1178,1.7149e+05,-1.3984e+06,27007,-25.617,-3.1229,1.7357,2.9394
-0.26285,0.062481,-0.0001596,0.99805,-0.45896,0.3,0.3498,0,0,0,0,0.22433,-1199.9,1.6856e+05,-1.4058e+06,27111,-25.774,-3.1582,1.6582,2.9365
-0.26961,0.062505,-0.00015891,0.99804,-0.4597,0.3,0.34985,0,0,0,0,0.22516,-1230.7,1.5894e+05,-1.4135e+06,26919,-25.962,-3.0627,1.5955,2.9329
-0.27903,0.062503,-0.00015177,0.99804,-0.46045,0.3,0.3499,0,0,0,0,0.23261,-1273.7,1.2149e+05,-1.4075e+06,-6534.9,-25.821,-2.2895,1.7286,2.9189
-0.29611,0.06249,-0.00015209,0.99805,-0.46118,0.3,0.34994,0,0,0,0,0.2466,-1351.7,35337,-1.3697e+06,-42636,-25.067,-0.56123,1.7994,2.8936
-0.3344,0.062499,-0.00015249,0.99805,-0.46188,0.3,0.34999,0,0,0,0,0.27766,-1526.5,-82394,-1.5145e+06,6980.8,-27.749,1.6303,2.138,3.0976
-0.31778,0.099251,-0.00095594,0.99506,-0.46244,0.3,0.35002,0,0,0,0,0.33598,-1450.6,1.2809e+05,-1.89e+06,36165,-34.703,-2.2846,3.5907,3.4539
-0.27448,0.11648,0.0028659,0.99319,-0.46274,0.3,0.35005,0,0,0,0,0.37095,-1253,3.9919e+05,-2.093e+06,12988,-38.45,-7.2788,4.6503,3.5927
-0.263,0.12904,-1.4247e-05,0.99164,-0.46352,0.3,0.35015,0,0,0,0,0.40366,-1200.6,4.4017e+05,-2.0163e+06,1118.6,-36.964,-7.9984,4.4304,3.537
-0.24621,0.12906,-6.0166e-06,0.99164,-0.46425,0.3,0.35025,0,0,0,0,0.46405,-1123.9,4.4232e+05,-1.9313e+06,-6115.8,-35.342,-8.0583,4.1435,3.4845
-0.2391,0.12906,8.6985e-06,0.99164,-0.46498,0.3,0.35034,0,0,0,0,0.5175,-1091.5,3.9891e+05,-1.9348e+06,-689.48,-35.419,-7.3165,4.1354,3.4954
-0.23775,0.12906,7.739e-06,0.99164,-0.46572,0.3,0.35044,0,0,0,0,0.56738,-1085.3,4.1603e+05,-1.9524e+06,-2436.9,-35.744,-7.6389,4.1955,3.5096
-0.23918,0.12906,-5.6176e-06,0.99164,-0.46644,0.3,0.35053,0,0,0,0,0.62449,-1091.9,4.6327e+05,-1.9576e+06,-7813.1,-35.846,-8.5187,4.2033,3.5356
-0.24168,0.12905,-3.8595e-06,0.99164,-0.46713,0.3,0.35062,0,0,0,0,0.72124,-1103.2,5.266e+05,-1.9608e+06,-15703,-35.912,-9.7007,4.2862,3.6086
-0.25189,0.12906,3.8179e-06,0.99164,-0.46769,0.3,0.3507,0,0,0,0,0.71541,-1149.8,6.5141e+05,-1.9974e+06,-28599,-36.586,-12.014,4.4088,3.6577
-0.2606,0.12908,-1.4723e-05,0.99163,-0.46806,0.3,0.35074,0,0,0,0,0.6458,-1189.6,7.3842e+05,-2.0302e+06,-36443,-37.186,-13.621,4.4549,3.6534
-0.26746,0.12905,-2.9288e-05,0.99164,-0.46877,0.3,0.35084,0,0,0,0,0.58805,-1220.9,7.0962e+05,-1.9589e+06,-35353,-35.879,-13.092,4.2025,3.5882
-0.27972,0.12906,-3.1274e-05,0.99164,-0.4695,0.3,0.35093,0,0,0,0,0.55019,-1276.9,6.7875e+05,-1.8877e+06,-34437,-34.57,-12.525,4.0135,3.5446
-0.30076,0.12905,-2.4999e-05,0.99164,-0.47023,0.3,0.35103,0,0,0,0,0.5674,-1372.9,7.1811e+05,-1.859e+06,-40956,-34.001,-13.206,4.2207,3.5516
-0.35083,0.12914,-0.00031675,0.99163,-0.47096,0.3,0.35112,0,0,0,0,0.55611,-1601.5,5.8886e+05,-2.0474e+06,-19365,-37.434,-10.772,5.0409,3.6724
-0.30905,0.17051,0.00057102,0.98536,-0.47169,0.3,0.35122,0,0,0,0,0.79699,-1410.8,6.4638e+05,-2.4337e+06,-50884,-44.442,-11.993,7.3081,4.0005
-0.22298,0.2123,0.00088381,0.9772,-0.47238,0.3,0.35137,0,0,0,0,1.0971,-1017.9,7.991e+05,-2.5318e+06,-99872,-46.092,-14.941,8.886,4.1624
-0.21721,0.21311,9.813e-06,0.97703,-0.47292,0.3,0.35149,0,0,0,0,1.0232,-991.53,7.8146e+05,-2.4594e+06,-1.0397e+05,-44.706,-14.545,8.6824,4.0604
-0.22128,0.21311,2.2652e-05,0.97703,-0.47326,0.3,0.35156,0,0,0,0,0.89863,-1010.1,8.3929e+05,-2.4582e+06,-1.1853e+05,-44.681,-15.575,8.4915,3.9895
-0.21705,0.21311,2.6534e-06,0.97703,-0.47402,0.3,0.35173,0,0,0,0,0.87861,-990.83,8.4574e+05,-2.3886e+06,-1.215e+05,-43.404,-15.726,8.2207,3.9324
-0.20801,0.21312,-7.6255e-07,0.97703,-0.47472,0.3,0.35188,0,0,0,0,0.92602,-949.55,8.6006e+05,-2.3261e+06,-1.2581e+05,-42.267,-16.065,8.0353,3.9278
-0.20005,0.21312,-2.9334e-06,0.97703,-0.47539,0.3,0.35203,0,0,0,0,1.1105,-913.19,9.1076e+05,-2.3643e+06,-1.3661e+05,-42.992,-17.077,8.3136,4.0624
-0.21337,0.21318,-4.0633e-06,0.97701,-0.47594,0.3,0.35214,0,0,0,0,1.1445,-974.02,1.1336e+06,-2.4375e+06,-1.8105e+05,-44.383,-21.267,8.4361,4.1547
-0.22985,0.21313,-3.2058e-06,0.97702,-0.4763,0.3,0.35222,0,0,0,0,1.0616,-1049.2,1.3136e+06,-2.4794e+06,-2.1603e+05,-45.189,-24.632,8.3657,4.1649
-0.24246,0.21308,2.5923e-05,0.97703,-0.47704,0.3,0.35238,0,0,0,0,1.0092,-1106.8,1.302e+06,-2.4226e+06,-2.1637e+05,-44.165,-24.454,8.0623,4.1174
-0.27146,0.21312,-7.6431e-07,0.97703,-0.47775,0.3,0.35254,0,0,0,0,1.0027,-1239.2,1.3568e+06,-2.3961e+06,-2.2999e+05,-43.701,-25.5,7.9543,4.1526
-0.32882,0.21312,-9.5628e-06,0.97703,-0.47845,0.3,0.35269,0,0,0,0,0.9983,-1501,1.4381e+06,-2.4861e+06,-2.4478e+05,-45.303,-27.059,8.837,4.3133
-0.28321,0.25973,0.0026578,0.96568,-0.47912,0.3,0.35284,0,0,0,0,1.2698,-1292.8,1.3816e+06,-2.7158e+06,-2.8798e+05,-49.025,-26.324,12.252,4.5201
-0.18346,0.31391,1.2766e-05,0.94945,-0.47965,0.3,0.35301,0,0,0,0,1.4759,-837.47,1.301e+06,-2.9128e+06,-3.385e+05,-52.053,-24.92,15.229,4.5567
-0.17029,0.31392,-1.3201e-06,0.94945,-0.48002,0.3,0.35313,0,0,0,0,1.3602,-777.38,1.2915e+06,-2.9397e+06,-3.4731e+05,-52.4,-24.588,15.479,4.4646
-0.16483,0.31395,-3.0967e-05,0.94944,-0.48074,0.3,0.35337,0,0,0,0,1.3531,-752.44,1.3188e+06,-2.8151e+06,-3.6165e+05,-50.186,-25.301,14.765,4.3945
-0.1532,0.31393,-1.5154e-05,0.94945,-0.48138,0.3,0.35358,0,0,0,0,1.4824,-699.35,1.4012e+06,-2.7024e+06,-3.9492e+05,-48.21,-27.126,14.214,4.43
-0.17613,0.31387,-1.3549e-05,0.94947,-0.48189,0.3,0.35375,0,0,0,0,1.5403,-804.01,1.7542e+06,-2.7362e+06,-5.0737e+05,-49.018,-34,14.066,4.6179
-0.20522,0.31391,-6.7723e-06,0.94945,-0.48226,0.3,0.35387,0,0,0,0,1.462,-936.82,2.0523e+06,-2.7581e+06,-6.0088e+05,-49.588,-39.762,13.753,4.7003
-0.24633,0.31623,0.0022617,0.94868,-0.48295,0.3,0.3541,0,0,0,0,1.26,-1124.5,2.0095e+06,-2.3845e+06,-6.1604e+05,-42.671,-39.096,12.42,4.5238
-0.2049,0.41468,-0.0011801,0.90997,-0.48347,0.3,0.35427,0,0,0,0,1.149,-935.34,1.771e+06,-2.6507e+06,-6.2717e+05,-46.089,-34.818,17.648,4.5554
-0.12235,0.41576,-0.00039431,0.90948,-0.48388,0.3,0.35446,0,0,0,0,1.2399,-558.51,1.5753e+06,-3.2907e+06,-6.2313e+05,-56.423,-31.205,24.208,4.7635
-0.12823,0.4163,-5.9385e-06,0.90923,-0.48456,0.3,0.35477,0,0,0,0,1.2545,-585.35,1.7047e+06,-3.1163e+06,-6.9443e+05,-53.412,-34.169,22.975,4.7475
-0.14516,0.41627,-1.1744e-05,0.90924,-0.48515,0.3,0.35504,0,0,0,0,1.2427,-662.63,2.0474e+06,-2.6533e+06,-8.7393e+05,-45.434,-41.61,19.645,4.7717
-0.094517,0.42865,-0.00014184,0.90347,-0.48562,0.3,0.35526,0,0,0,0,1.4151,-431.46,2.2516e+06,-3.0043e+06,-1.0138e+06,-50.841,-46.576,25.037,5.0062
-0.032824,0.47554,0.01283,0.8796,-0.48598,0.3,0.35543,0,0,0,0,1.614,-149.84,2.2424e+06,-3.6439e+06,-1.0454e+06,-61.215,-47.065,32.524,5.2007
-0.023707,0.51476,-2.0734e-05,0.85733,-0.48651,0.3,0.35575,0,0,0,0,1.6321,-108.22,2.754e+06,-3.5807e+06,-1.4751e+06,-59.8,-59.422,32.496,5.3957
-0.014589,0.5232,-0.0028869,0.8522,-0.48691,0.3,0.35599,0,0,0,0,1.6502,-66.595,3.2657e+06,-3.5175e+06,-1.9048e+06,-58.385,-71.778,32.469,5.5907
0.053636,0.60699,-7.2531e-06,0.79471,-0.4875,0.3,0.35636,0,0,0,0,1.8113,244.84,3.3236e+06,-3.0014e+06,-2.2196e+06,-48.699,-75.992,29.545,5.6613
0.20622,0.60758,4.8267e-06,0.79426,-0.4879,0.3,0.35667,0,0,0,0,2.1374,941.37,4.028e+06,-3.1161e+06,-3.1698e+06,-48.15,-99.549,36.462,6.2054
0.29058,0.65173,0.015495,0.75829,-0.48829,0.3,0.35696,0,0,0,0,2.3022,1326.5,4.6744e+06,-3.7469e+06,-3.8051e+06,-57.287,-118.89,46.304,6.6789
0.4995,0.71194,-4.5193e-05,0.70224,-0.48869,0.3,0.35735,0,0,0,0,2.7362,2280.2,4.0315e+06,-3.59e+06,-3.7846e+06,-53.525,-108.86,45.572,6.4456
0.70843,0.76251,0.014067,0.64682,-0.48906,0.3,0.35774,0,0,0,0,3.1701,3233.9,3.3885e+06,-3.433e+06,-3.7642e+06,-49.763,-98.836,44.841,6.2124
0.84757,0.85699,0.0037297,0.51532,-0.48935,0.3,0.35813,0,0,0,0,3.529,3869.1,2.7461e+06,-3.2766e+06,-3.558e+06,-45.84,-87.393,44.204,6.054
1.0704,0.89909,-0.00079376,0.43776,-0.48962,0.3,0.35857,0,0,0,0,3.8083,4886.5,1.7078e+06,-2.5141e+06,-3.3243e+06,-35.217,-71.6,35.414,5.5008
1.1892,0.97153,-0.011555,0.23666,-0.48988,0.3,0.3592,0,0,0,0,3.7686,5428.6,8.4381e+05,-9.782e+05,-3.39e+06,-24.243,-66.598,12.912,4.9112
1.2242,0.99346,-0.017616,0.11277,-0.48999,0.3,0.36009,0,0,0,0,3.8084,5588.5,3.7564e+05,-48435,-3.4833e+06,-19.969,-65.947,-1.4366,4.7164
-0.58459,-0.9935,-0.11384,1.0638e-06,0.024375,0.3,0.43127,0,0,0,0,9.8503,-2668.6,-9259.2,99252,29471,2.9218,-0.30199,2.1763,7.5111
-0.5934,-0.9935,-0.11384,9.0907e-07,0.024375,0.3,0.43208,0,0,0,0,16.864,-2708.8,1136.6,-1.007e+05,1.0415e+05,-4.9119,-4.2362,-3.993,19.923
-0.69229,-0.9935,-0.11384,6.4157e-07,0.024375,0.3,0.43107,0,0,0,0,8.7492,-3160.2,-2750.7,63066,33104,-2.2712,-1.2631,1.1162,7.6606
-0.66862,-0.9935,-0.11384,9.2228e-07,0.024375,0.3,0.43275,0,0,0,0,18.897,-3052.2,5315.5,-1.3868e+05,39856,-12.478,-4.8222,-6.5908,29.489
-1.0127,-0.9935,-0.11384,-2.7869e-06,0.024375,0.3,0.43047,0,0,0,0,5.4428,-4623.1,18480,-61687,29197,-17.61,-3.8263,-2.387,8.014
-1.0265,-0.99356,-0.11313,0.0012637,0.024375,0.3,0.43039,0,0,0,0,6.025,-4685.7,18498,-64283,26209,-18.148,-3.7569,-2.4421,8.2897
-1.3811,-0.99476,-0.098196,0.028068,0.024375,0.3,0.42975,0,0,0,0,6.6819,-6304.7,52178,-3.619e+05,1.5682e+05,-36.408,-9.7642,-9.8639,9.897
0.061798,-0.23562,0.020075,0.97164,-0.77991,0.3,0.18525,0,0,0,0,40.199,282.1,73243,-1.4743e+05,20247,-9.7095,-5.0841,-1.9942,54.675
0.078815,-0.2331,0.016842,0.97231,-0.77863,0.3,0.18556,0,0,0,0,38.245,359.78,74985,-1.4136e+05,19836,-9.1344,-5.0932,-1.8544,53.389
0.043644,-0.25395,0.031318,0.96668,-0.78201,0.3,0.18473,0,0,0,0,43.224,199.23,70502,-1.5414e+05,22556,-10.373,-5.044,-2.2019,56.121
0.094004,-0.22406,0.013809,0.97447,-0.77726,0.3,0.18589,0,0,0,0,36.592,429.12,77103,-1.3522e+05,19220,-8.5862,-5.1205,-1.7059,52.153
0.015046,-0.27706,0.040473,0.95999,-0.78328,0.3,0.18438,0,0,0,0,46.976,68.683,66081,-1.6322e+05,25401,-11.288,-4.9319,-2.4865,58.057
0.10842,-0.20591,0.005229,0.97853,-0.7759,0.3,0.18619,0,0,0,0,35.374,494.93,79102,-1.3071e+05,16981,-8.1942,-5.1449,-1.582,51.261
-0.029856,-0.29022,0.045149,0.9559,-0.7845,0.3,0.18401,0,0,0,0,50.622,-136.29,60883,-1.7508e+05,26313,-12.537,-4.7639,-2.7925,60.629
0.11987,-0.18406,-0.0082559,0.98285,-0.77459,0.3,0.18645,0,0,0,0,34.516,547.2,80423,-1.2702e+05,13676,-7.8766,-5.1251,-1.4546,50.476
-0.057653,-0.29025,0.045351,0.95588,-0.78659,0.3,0.18337,0,0,0,0,55.674,-263.18,55524,-1.8783e+05,25243,-13.933,-4.5409,-3.1269,63.443
0.13523,-0.15521,-0.021998,0.98761,-0.77244,0.3,0.18683,0,0,0,0,34.866,617.32,80622,-1.2687e+05,9630.9,-7.8625,-5.0878,-1.4242,50.383
-0.087512,-0.29365,0.046276,0.95479,-0.78784,0.3,0.18299,0,0,0,0,61.174,-399.48,50739,-1.983e+05,24646,-15.171,-4.3092,-3.354,65.824
0.14612,-0.13496,-0.030454,0.99038,-0.77112,0.3,0.18701,0,0,0,0,36.076,667.01,79181,-1.3122e+05,6672.2,-8.2403,-5.0319,-1.4697,51.174
-0.16645,-0.30505,0.049765,0.95103,-0.78907,0.3,0.18261,0,0,0,0,66.17,-759.83,44399,-2.111e+05,25452,-16.844,-3.9903,-3.5736,68.893
0.14465,-0.13322,-0.033176,0.99053,-0.76969,0.3,0.1872,0,0,0,0,36.674,660.29,77599,-1.3513e+05,6050.1,-8.5883,-4.9841,-1.4587,51.887
-0.23126,-0.30976,0.048126,0.94958,-0.79113,0.3,0.18192,0,0,0,0,73.085,-1055.7,36215,-2.2839e+05,23921,-19.139,-3.507,-3.869,73.01
0.14544,-0.12623,-0.03982,0.99118,-0.76821,0.3,0.1874,0,0,0,0,37.355,663.93,77353,-1.3774e+05,4620.6,-8.8453,-5.0026,-1.4392,52.464
-0.27059,-0.29527,0.040476,0.95454,-0.79235,0.3,0.18153,0,0,0,0,80.015,-1235.2,30677,-2.4173e+05,19791,-20.947,-3.0906,-3.9233,76.14
0.15481,-0.10357,-0.053278,0.99316,-0.76673,0.3,0.18758,0,0,0,0,38.704,706.69,76742,-1.416e+05,640.81,-9.234,-4.9951,-1.443,53.303
-0.37193,-0.30533,0.039067,0.95145,-0.79362,0.3,0.18116,0,0,0,0,85.875,-1697.8,25329,-2.541e+05,18015,-22.955,-2.658,-3.7738,79.325
0.16092,-0.086335,-0.063418,0.99424,-0.76525,0.3,0.18771,0,0,0,0,39.862,734.6,74898,-1.465e+05,-2641.3,-9.7126,-4.925,-1.4127,54.262
-0.43122,-0.30533,0.03907,0.95144,-0.79447,0.3,0.18089,0,0,0,0,89.047,-1968.5,21756,-2.6175e+05,18241,-24.232,-2.407,-3.7538,81.329
0.16258,-0.073628,-0.071614,0.9947,-0.76374,0.3,0.18784,0,0,0,0,40.72,742.15,73073,-1.511e+05,-5158.6,-10.178,-4.8622,-1.3618,55.196
-0.46684,-0.30533,0.039069,0.95144,-0.79522,0.3,0.18064,0,0,0,0,91.949,-2131.1,18329,-2.6881e+05,16890,-25.376,-2.0957,-3.7008,83.129
0.16531,-0.056652,-0.082748,0.99489,-0.76236,0.3,0.18793,0,0,0,0,41.608,754.64,70764,-1.5631e+05,-8457.6,-10.724,-4.7703,-1.3108,56.281
-0.49954,-0.30534,0.039074,0.95144,-0.79567,0.3,0.1805,0,0,0,0,94.4,-2280.3,14119,-2.7518e+05,16218,-26.415,-1.739,-3.5894,84.709
0.16627,-0.054078,-0.083661,0.99495,-0.76212,0.3,0.18794,0,0,0,0,41.827,758.99,70342,-1.5738e+05,-9053.8,-10.835,-4.7547,-1.3145,56.51
-0.53314,-0.26689,0.016206,0.96358,-0.79676,0.3,0.18017,0,0,0,0,101.2,-2433.7,8231,-2.8821e+05,9592.2,-28.462,-1.1269,-3.1723,87.857
0.16639,-0.045357,-0.088711,0.99502,-0.76167,0.3,0.18796,0,0,0,0,42.138,759.56,69538,-1.5923e+05,-10027,-11.03,-4.7237,-1.2958,56.903
-0.61969,-0.25553,0.0091279,0.96675,-0.79818,0.3,0.17979,0,0,0,0,107.74,-2828.8,3842,-3.0109e+05,5052,-30.88,-0.657,-2.3305,91.266
0.16412,-0.041271,-0.090118,0.99508,-0.76065,0.3,0.188,0,0,0,0,42.492,749.19,67322,-1.6292e+05,-11450,-11.412,-4.6184,-1.233,57.621
-0.77534,-0.24588,0.0010923,0.96926,-0.79951,0.3,0.17944,0,0,0,0,114.55,-3539.3,-2953.2,-3.2045e+05,143.93,-34.771,0.057534,-1.266,96.557
0.1591,-0.039636,-0.090968,0.99506,-0.75939,0.3,0.18806,0,0,0,0,42.969,726.29,64859,-1.6757e+05,-13203,-11.912,-4.5106,-1.139,58.573
-0.80493,-0.22144,-0.011067,0.97487,-0.79996,0.3,0.17934,0,0,0,0,116.19,-3674.4,-3659.4,-3.2598e+05,-2325.4,-35.8,0.1293,-0.90982,97.964
0.15789,-0.039522,-0.091085,0.99506,-0.7591,0.3,0.18807,0,0,0,0,43.076,720.75,64258,-1.6864e+05,-13510,-12.023,-4.4836,-1.118,58.786
-0.85799,-0.20367,-0.028914,0.97859,-0.80134,0.3,0.17899,0,0,0,0,120.85,-3916.7,-8619.4,-3.4014e+05,-8718.8,-38.437,0.64715,-0.10785,101.58
0.15615,-0.016904,-0.10245,0.99458,-0.75761,0.3,0.18812,0,0,0,0,43.873,712.83,62231,-1.736e+05,-16518,-12.585,-4.4006,-1.0805,59.854
-0.86877,-0.18838,-0.037568,0.98117,-0.8016,0.3,0.17895,0,0,0,0,122.05,-3965.9,-8728.7,-3.4287e+05,-10587,-39.014,0.65348,0.27951,102.33
0.14945,-0.0026423,-0.11166,0.99374,-0.75617,0.3,0.18812,0,0,0,0,44.731,682.25,59035,-1.8091e+05,-20053,-13.368,-4.2393,-1.0076,61.09
-0.92224,-0.18121,-0.043937,0.98244,-0.80278,0.3,0.17874,0,0,0,0,126.86,-4209.9,-14107,-3.5523e+05,-17140,-41.672,1.2246,1.7339,105.74
0.13357,0.0017128,-0.11545,0.99331,-0.7547,0.3,0.18812,0,0,0,0,45.336,609.72,55838,-1.909e+05,-21980,-14.212,-4.0466,-0.88422,61.638
-1.0493,-0.16355,-0.05655,0.98485,-0.8042,0.3,0.17847,0,0,0,0,131.14,-4790,-23663,-3.7159e+05,-23467,-45.292,2.1924,4.077,110.33
0.1175,0.0035685,-0.11631,0.99321,-0.75326,0.3,0.18812,0,0,0,0,45.924,536.36,55205,-2.0734e+05,-24696,-15.063,-3.9118,-0.78022,59.902
-1.1493,-0.12034,-0.078748,0.9895,-0.80564,0.3,0.17826,0,0,0,0,134.17,-5246.4,-33072,-3.9107e+05,-33676,-49.078,2.9474,6.8659,115.37
0.10698,0.0065383,-0.11775,0.99302,-0.75178,0.3,0.18811,0,0,0,0,46.617,488.38,57891,-2.3264e+05,-29970,-15.927,-3.8614,-0.66748,55.704
-1.2385,-0.079982,-0.10195,0.99149,-0.80711,0.3,0.17812,0,0,0,0,135.35,-5653.5,-40254,-4.0642e+05,-44009,-52.735,3.5334,10.253,119.96
0.10461,0.030897,-0.13425,0.99046,-0.75147,0.3,0.1881,0,0,0,0,46.934,477.56,59153,-2.4278e+05,-32120,-16.226,-3.8574,-0.63002,54.212
-1.2862,-0.039767,-0.12441,0.99135,-0.80859,0.3,0.17803,0,0,0,0,134.39,-5871.3,-45774,-4.1675e+05,-53711,-55.532,4.1132,13.019,123.37
0.096522,0.03847,-0.13632,0.98991,-0.75019,0.3,0.18805,0,0,0,0,48.836,440.61,68516,-3.0848e+05,-44273,-17.868,-3.8919,-0.44247,45.974
-1.2803,0.0032058,-0.14921,0.98872,-0.81008,0.3,0.178,0,0,0,0,131.39,-5844.3,-49053,-4.2269e+05,-63831,-56.672,4.2445,14.323,124.98
0.092224,0.041035,-0.13881,0.98947,-0.74966,0.3,0.18803,0,0,0,0,49.423,420.99,69994,-3.2625e+05,-47593,-18.363,-3.8635,-0.37828,43.944
-1.2474,0.047943,-0.1744,0.98342,-0.81157,0.3,0.17804,0,0,0,0,126.89,-5694,-51102,-4.2602e+05,-73728,-56.892,3.8542,15.879,125.8
0.084284,0.041034,-0.13881,0.98947,-0.74921,0.3,0.18801,0,0,0,0,50.181,384.75,72290,-3.4997e+05,-51346,-19.02,-3.8681,-0.30161,41.858
-1.1986,0.097422,-0.19915,0.97501,-0.81306,0.3,0.17814,0,0,0,0,121.2,-5471.6,-51503,-4.2677e+05,-83131,-56.548,3.0112,18.507,126.25
0.079371,0.041034,-0.13881,0.98947,-0.74889,0.3,0.188,0,0,0,0,51.051,362.32,75033,-3.7322e+05,-55174,-19.64,-3.8851,-0.2452,39.837
-1.1376,0.14915,-0.22401,0.96301,-0.81452,0.3,0.17833,0,0,0,0,114.41,-5193,-50587,-4.2533e+05,-92455,-55.671,1.7923,21.385,126.31
0.068896,0.041035,-0.13881,0.98947,-0.74864,0.3,0.18799,0,0,0,0,52.028,314.5,73799,-3.8574e+05,-57374,-20.182,-3.8191,-0.16217,39.55
-1.0511,0.19708,-0.24595,0.94902,-0.81598,0.3,0.1786,0,0,0,0,106.72,-4798.2,-50828,-4.2234e+05,-1.0256e+05,-54.309,0.52857,24.036,125.94
0.067546,0.041038,-0.13882,0.98947,-0.74853,0.3,0.18798,0,0,0,0,52.111,308.34,74711,-3.907e+05,-57981,-20.306,-3.8442,-0.15306,39.22
-0.93625,0.28877,-0.3034,0.9079,-0.81725,0.3,0.17892,0,0,0,0,98.893,-4273.9,-52222,-4.1747e+05,-1.1437e+05,-52.507,-0.74784,26.192,124.99
0.048272,0.041039,-0.13882,0.98947,-0.74785,0.3,0.18795,0,0,0,0,54.021,220.36,73327,-4.2323e+05,-63716,-21.402,-3.6877,0.0050572,37.663
-0.8193,0.30652,-0.30374,0.90172,-0.81815,0.3,0.17921,0,0,0,0,92.456,-3740,-52155,-4.1181e+05,-1.2316e+05,-50.421,-1.9063,27.233,123.1
0.029023,0.041133,-0.13884,0.98946,-0.74712,0.3,0.18792,0,0,0,0,56.383,132.49,68996,-4.4984e+05,-70656,-22.462,-3.4701,0.21058,37.1
-0.75822,0.31567,-0.3101,0.89654,-0.81871,0.3,0.17939,0,0,0,0,88.682,-3461.2,-52134,-4.0838e+05,-1.2829e+05,-49.209,-2.5858,27.829,122.03
0.0056633,0.041263,-0.13888,0.98945,-0.74636,0.3,0.18789,0,0,0,0,59.425,25.853,69158,-5.0822e+05,-85215,-24.451,-3.3614,0.25795,35.454
-0.70697,0.33259,-0.31984,0.88709,-0.81913,0.3,0.17956,0,0,0,0,86.03,-3227.3,-52143,-4.063e+05,-1.3185e+05,-48.172,-3.0876,28.13,120.7
-0.036234,0.041299,-0.1389,0.98945,-0.74561,0.3,0.18786,0,0,0,0,62.796,-165.4,72169,-6.0835e+05,-1.1225e+05,-27.554,-3.2847,-0.40832,32.855
-0.48233,0.49632,-0.38485,0.77784,-0.82034,0.3,0.18011,0,0,0,0,76.903,-2201.8,-53886,-4.0098e+05,-1.4866e+05,-43.939,-4.8835,28.547,113.15
-0.071741,0.041298,-0.1389,0.98945,-0.74508,0.3,0.18784,0,0,0,0,64.769,-327.49,72630,-6.8238e+05,-1.3518e+05,-29.628,-3.1742,-1.1313,30.852
-0.15065,0.55558,-0.41793,0.71555,-0.82128,0.3,0.18075,0,0,0,0,70.622,-687.71,-64321,-4.1035e+05,-1.9018e+05,-38.686,-6.5666,26.936,96.842
0.021391,0.56387,-0.43237,0.7003,-0.82174,0.3,0.18104,0,0,0,0,66.523,97.648,-69336,-4.1858e+05,-2.1158e+05,-36.17,-7.5911,26.579,88.437
0.099524,0.54527,-0.442,0.70985,-0.82192,0.3,0.18116,0,0,0,0,65.309,454.32,-72595,-4.2666e+05,-2.2392e+05,-35.323,-7.9806,26.325,84.012
0.18341,0.60729,-0.42066,0.6738,-0.82212,0.3,0.18134,0,0,0,0,64.489,837.25,-73287,-4.3817e+05,-2.4621e+05,-33.398,-8.8474,25.605,77.361
0.26461,0.63566,-0.45808,0.6108,-0.82233,0.3,0.1816,0,0,0,0,63.122,1207.9,-67920,-4.2738e+05,-2.5886e+05,-31.231,-9.4727,24.309,73.201
0.76852,0.72552,-0.47108,0.49931,-0.82321,0.3,0.18293,0,0,0,0,51.822,3508.2,-45989,-2.9461e+05,-3.2465e+05,-19.46,-10.91,13.484,45.981
0.78808,0.73104,-0.47211,0.4924,-0.82324,0.3,0.18298,0,0,0,0,51.407,3597.5,-44990,-2.9097e+05,-3.2758e+05,-19.008,-11.014,13.118,44.854
0.79789,0.85847,-0.4654,0.21546,-0.82326,0.3,0.18301,0,0,0,0,51.215,3642.3,-44729,-2.8937e+05,-3.2923e+05,-18.787,-11.055,12.938,44.258
0.88327,0.86655,-0.46547,0.1738,-0.82331,0.3,0.18324,0,0,0,0,48.485,4032,-30528,-2.1194e+05,-3.3906e+05,-16.12,-10.977,8.9072,38.857
0.98861,0.87669,-0.46538,0.12177,-0.82338,0.3,0.18352,0,0,0,0,45.102,4512.9,-12666,-1.1523e+05,-3.5111e+05,-12.841,-10.883,3.9059,32.221
1.0362,0.88658,-0.46175,0.027595,-0.82339,0.3,0.18416,0,0,0,0,43.331,4730,-1820.8,-16179,-3.4849e+05,-11.852,-10.188,0.41613,29.806
-0.52045,-0.87158,-0.49026,-2.4028e-06,0.10875,0.3,0.27111,0,0,0,0,0.46445,-2375.8,-1.1321e+05,2.6136e+05,-8.3141e+05,-12.978,10.459,5.0564,4.607
-0.32057,-0.87158,-0.49026,-3.1688e-06,0.10875,0.3,0.27183,0,0,0,0,0.62724,-1463.4,-13098,20817,-1.0844e+06,-8.4529,18.647,0.4989,5.1811
-0.58451,-0.87157,-0.49026,5.1789e-06,0.10875,0.3,0.2708,0,0,0,0,0.3755,-2668.2,82174,-94418,-7.2989e+05,-13.643,7.9028,-2.5473,4.1955
-0.67376,-0.87157,-0.49026,-1.3797e-06,0.10875,0.3,0.27258,0,0,0,0,0.63877,-3075.7,1.7567e+05,-3.9997e+05,-1.2403e+06,-28.948,10.572,-7.1865,5.2207
-0.68364,-0.87158,-0.49026,3.7172e-06,0.10875,0.3,0.27038,0,0,0,0,0.34739,-3120.7,2.3471e+05,-3.7473e+05,-6.2534e+05,-16.131,4.0994,-8.677,3.7597
-0.86244,-0.87158,-0.49026,-5.1641e-06,0.10875,0.3,0.27297,0,0,0,0,0.54919,-3937,1.1379e+05,-2.9422e+05,-1.2828e+06,-39.36,5.7147,-4.3859,5.3423
-1.0531,-0.87158,-0.49026,-3.7473e-06,0.10875,0.3,0.27338,0,0,0,0,0.46695,-4807.5,32473,-1.5324e+05,-1.3348e+06,-50.149,0.83131,-0.859,5.3876
1.1573,0.90049,-0.062846,-0.43028,-0.17573,0.3,0.23323,0,0,0,0,2.7862,5282.8,-5516,1.737e+06,-2.6919e+05,-18.454,-4.3623,-27.751,5.3105
1.2692,0.93215,-0.056462,-0.35756,-0.17597,0.3,0.23272,0,0,0,0,2.0227,5793.7,-11699,9.8927e+05,-2.0962e+05,-7.8596,-3.5869,-16.457,3.5212
1.1254,0.81776,-0.069753,-0.57061,-0.17568,0.3,0.23332,0,0,0,0,3.1022,5137.1,-13042,1.923e+06,-2.8363e+05,-21.526,-4.6626,-30.379,5.7714
1.3161,0.97832,-0.0414,-0.20273,-0.17616,0.3,0.23208,0,0,0,0,2.866,6008,-27599,-22957,-1.2242e+05,-4.0854,-2.1189,1.297,3.1195
0.9156,0.76697,-0.073065,-0.63602,-0.17507,0.3,0.23411,0,0,0,0,4.2131,4179.6,-15094,2.3633e+06,-3.0651e+05,-32.247,-4.9902,-36.101,7.9146
1.3263,0.99206,-0.032711,-0.12108,-0.17625,0.3,0.23136,0,0,0,0,3.5011,6054.4,-40837,-7.9566e+05,-51671,-2.7927,-0.86546,15.338,3.1664
0.76697,0.74242,-0.080345,-0.66508,-0.17463,0.3,0.23468,0,0,0,0,5.0357,3501.1,-30126,2.6587e+06,-3.1909e+05,-39.449,-5.3653,-39.97,9.3908
0.63593,0.69567,-0.078281,-0.70901,-0.17427,0.3,0.23498,0,0,0,0,5.2087,2902.9,-33415,2.6675e+06,-3.2671e+05,-42.578,-5.4832,-39.398,10.211
0.31512,0.55844,-0.087328,-0.82257,-0.17321,0.3,0.23583,0,0,0,0,6.6418,1438.5,-49795,2.6451e+06,-3.1792e+05,-50.881,-5.5067,-37.328,12.708
0.22493,0.53306,-0.097521,-0.8402,-0.17296,0.3,0.236,0,0,0,0,7.2385,1026.8,-54257,2.6213e+06,-3.1503e+05,-53.289,-5.5572,-36.347,13.516
0.19398,0.50012,-0.093854,-0.86056,-0.17264,0.3,0.2362,0,0,0,0,7.5646,885.49,-31094,2.6101e+06,-3.006e+05,-54.276,-4.8724,-35.969,13.846
0.096758,0.48291,-0.093666,-0.86877,-0.17227,0.3,0.23637,0,0,0,0,8.4203,441.69,-26565,2.5455e+06,-2.7967e+05,-56.119,-4.4385,-34.549,15.04
-0.33696,0.29459,-0.089149,-0.95146,-0.17062,0.3,0.23724,0,0,0,0,10.618,-1538.2,-29081,2.3104e+06,-2.6868e+05,-63.446,-4.1707,-28.947,19.14
-0.7807,0.29459,-0.089149,-0.95146,-0.16606,0.3,0.23864,0,0,0,0,13.319,-3563.8,-7479.1,1.9404e+06,-2.1314e+05,-68.647,-2.3073,-19.341,25.659
-0.79349,0.17028,-0.10414,-0.97982,-0.16597,0.3,0.23866,0,0,0,0,13.295,-3622.2,-10297,1.928e+06,-2.1876e+05,-68.583,-2.4319,-18.976,25.781
-0.80545,0.16621,-0.10328,-0.98066,-0.16583,0.3,0.23869,0,0,0,0,13.232,-3676.8,-13030,1.9115e+06,-2.1831e+05,-68.408,-2.5038,-18.601,25.935
-0.82739,0.16116,-0.10247,-0.98144,-0.16547,0.3,0.23872,0,0,0,0,16.647,-3776.9,-11774,1.8889e+06,-2.1467e+05,-68.612,-2.3679,-17.86,26.568
-1.1857,-0.029571,-0.10244,-0.9943,-0.16109,0.3,0.23928,0,0,0,0,78.737,-5412.8,7978.8,1.5757e+06,-1.6219e+05,-72.923,-0.30659,-7.5857,34.976
-1.5166,-0.079189,-0.10155,-0.99166,-0.15559,0.3,0.23912,0,0,0,0,152.73,-6923.3,12010,1.2623e+06,-1.3e+05,-70.999,0.68989,-0.10489,43.76
-1.5614,-0.13845,-0.099833,-0.98533,-0.14999,0.3,0.23842,0,0,0,0,157.14,-7127.4,11352,1.0263e+06,-1.0567e+05,-61.109,1.0383,3.4872,46.922
-1.3984,-0.15097,-0.099475,-0.98352,-0.14445,0.3,0.23756,0,0,0,0,144.54,-6383.4,10592,9.1933e+05,-95441,-52.242,1.1885,5.5481,44.511
-1.1802,-0.14928,-0.099992,-0.98373,-0.13967,0.3,0.23684,0,0,0,0,125.46,-5387.5,10650,9.2457e+05,-97248,-43.951,1.0569,5.1741,35.54
-0.91491,-0.11003,-0.10042,-0.98883,-0.13198,0.3,0.23597,0,0,0,0,114.55,-4176.5,18697,1.0927e+06,-1.156e+05,-40.492,1.0855,3.9513,25.803
-0.89515,-0.10953,-0.10038,-0.98889,-0.1315,0.3,0.23591,0,0,0,0,113.44,-4086.3,19381,1.1036e+06,-1.1675e+05,-40.102,1.0922,3.8533,24.963
-0.88465,-0.10732,-0.10013,-0.98917,-0.13116,0.3,0.23587,0,0,0,0,113.03,-4038.3,19437,1.1105e+06,-1.173e+05,-39.938,1.0859,3.8138,24.541
-0.87651,-0.10679,-0.099638,-0.98927,-0.13102,0.3,0.23586,0,0,0,0,112.89,-4001.2,18667,1.1155e+06,-1.1743e+05,-39.883,1.0531,3.7919,24.343
-0.86734,-0.07235,-0.10263,-0.99209,-0.13094,0.3,0.23585,0,0,0,0,113.18,-3959.3,18862,1.1216e+06,-1.1874e+05,-40.045,1.0608,3.7639,24.292
-0.66693,-0.064962,-0.10248,-0.99261,-0.12852,0.3,0.23567,0,0,0,0,114.25,-3044.5,25538,1.3205e+06,-1.3893e+05,-41.182,1.108,2.9769,19.644
-0.65608,-0.052419,-0.10238,-0.99336,-0.12601,0.3,0.23553,0,0,0,0,77.458,-2994.9,24866,1.5212e+06,-1.5765e+05,-42.157,0.97363,2.6875,16.462
-0.62933,-0.052094,-0.10237,-0.99338,-0.12424,0.3,0.23543,0,0,0,0,38.266,-2872.8,22623,1.7243e+06,-1.7829e+05,-42.22,0.77235,2.1238,13.258
-0.61423,-0.028833,-0.10357,-0.9942,-0.12361,0.3,0.2354,0,0,0,0,25.788,-2803.9,24619,1.8186e+06,-1.9125e+05,-42.625,0.772,1.846,11.991
-0.55945,-0.022534,-0.10321,-0.9944,-0.12115,0.3,0.23533,0,0,0,0,12.221,-2553.8,26029,1.9669e+06,-2.0619e+05,-42.002,0.66726,1.0548,9.572
-0.57351,-0.017595,-0.10329,-0.9945,-0.11981,0.3,0.23531,0,0,0,0,8.554,-2618,29136,2.1355e+06,-2.214e+05,-43.04,0.66267,0.73376,7.9155
-0.57643,-0.017601,-0.10329,-0.9945,-0.11938,0.3,0.2353,0,0,0,0,7.8702,-2631.4,29207,2.2192e+06,-2.3056e+05,-43.978,0.64171,0.60535,7.3304
-0.58269,-0.017609,-0.10329,-0.9945,-0.11858,0.3,0.23528,0,0,0,0,6.4552,-2659.9,31754,2.3799e+06,-2.4775e+05,-45.831,0.64588,0.32854,6.2564
-0.57859,-0.017628,-0.10329,-0.9945,-0.11845,0.3,0.23528,0,0,0,0,6.4146,-2641.2,28887,2.4314e+06,-2.5356e+05,-46.69,0.58599,0.29917,6.1285
-0.57473,-0.014542,-0.10332,-0.99454,-0.11765,0.3,0.23527,0,0,0,0,5.611,-2623.6,32738,2.5656e+06,-2.6957e+05,-48.541,0.60941,-0.10112,5.3598
-0.59527,-0.012526,-0.10334,-0.99457,-0.11693,0.3,0.23526,0,0,0,0,3.5852,-2717.4,18558,2.8308e+06,-3.0287e+05,-53.14,0.44691,0.85814,4.7705
-0.60754,-0.012528,-0.10334,-0.99457,-0.11625,0.3,0.23525,0,0,0,0,1.981,-2773.4,1661.2,3.0578e+06,-3.3126e+05,-57.2,0.25283,1.9913,4.4266
-0.26526,-0.03158,-0.49265,-0.86964,0.015498,0.3,0.43296,0,0,0,0,15.173,-1210.9,-66541,9.9861e+05,-5.6236e+05,-25.709,-0.69867,1.8002,11.192
-0.26258,-0.031098,-0.49261,-0.86967,0.014729,0.3,0.43298,0,0,0,0,17.652,-1198.6,-62071,9.3734e+05,-5.2686e+05,-24.904,-0.63638,1.7919,11.944
-0.26344,-0.02368,-0.49224,-0.87014,0.017362,0.3,0.43292,0,0,0,0,9.7413,-1202.6,-83657,1.1353e+06,-6.3904e+05,-27.455,-0.98731,1.8349,9.4497
-0.29309,-0.051491,-0.49327,-0.86835,0.011706,0.3,0.43317,0,0,0,0,37.761,-1337.9,-47032,7.7705e+05,-4.3719e+05,-23.185,-0.30854,1.934,14.919
-0.26811,-0.026528,-0.49236,-0.86998,0.01798,0.3,0.4329,0,0,0,0,9.5064,-1223.9,-80183,1.156e+06,-6.5111e+05,-27.777,-0.87243,1.8672,9.271
-0.29847,-0.060148,-0.49456,-0.86706,0.010697,0.3,0.43323,0,0,0,0,45.253,-1362.5,-45984,7.4032e+05,-4.1682e+05,-22.948,-0.32753,1.9469,15.974
-0.28125,-0.028476,-0.4924,-0.8699,0.019403,0.3,0.43285,0,0,0,0,10.975,-1283.9,-97347,1.244e+06,-7.048e+05,-30.129,-1.1659,2.1223,9.3548
-0.29842,-0.061988,-0.49473,-0.86683,0.010281,0.3,0.43326,0,0,0,0,49.715,-1362.2,-47997,7.3277e+05,-4.1233e+05,-23.229,-0.37515,2.03,16.551
-0.29493,-0.027641,-0.49265,-0.86979,0.020301,0.3,0.43282,0,0,0,0,10.237,-1346.3,-89177,1.1693e+06,-6.6045e+05,-29.449,-1.129,1.9882,10.474
-0.33604,-0.064752,-0.49513,-0.8664,0.0072975,0.3,0.4335,0,0,0,0,59.142,-1534,-42713,6.4283e+05,-3.6289e+05,-22.451,-0.26952,2.1917,19.681
-0.29779,-0.027343,-0.49296,-0.86962,0.020909,0.3,0.4328,0,0,0,0,10.435,-1359.4,-89426,1.1532e+06,-6.5029e+05,-29.81,-1.2353,1.904,11.167
-0.35681,-0.091397,-0.49619,-0.86339,0.0055973,0.3,0.43362,0,0,0,0,65.31,-1628.8,-41062,5.9226e+05,-3.3633e+05,-21.88,-0.2291,2.2916,21.037
-0.30169,-0.02241,-0.49361,-0.86938,0.021646,0.3,0.43278,0,0,0,0,10.316,-1377.2,-86157,1.1464e+06,-6.4648e+05,-30.303,-1.1524,1.9906,11.689
-0.45166,-0.096463,-0.49624,-0.86281,-9.6216e-05,0.3,0.43422,0,0,0,0,65.151,-2061.8,-35469,4.9076e+05,-2.7873e+05,-21.274,-0.091607,2.5337,26.196
-0.30563,-0.017458,-0.49299,-0.86986,0.021997,0.3,0.43277,0,0,0,0,9.6162,-1395.2,-81240,1.1191e+06,-6.2935e+05,-30.148,-1.1488,1.8485,12.166
-0.56139,-0.10167,-0.49624,-0.86221,-0.0058108,0.3,0.4349,0,0,0,0,68.769,-2562.7,-30631,4.6413e+05,-2.6368e+05,-22.425,-0.062595,2.4922,30.182
-0.30312,-0.01139,-0.49142,-0.87085,0.022462,0.3,0.43277,0,0,0,0,11.856,-1383.7,-83511,1.1471e+06,-6.4328e+05,-31.92,-1.0273,2.3136,12.957
-0.72441,-0.10093,-0.49575,-0.86258,-0.011318,0.3,0.43555,0,0,0,0,76.276,-3306.9,-29751,4.9126e+05,-2.7924e+05,-25.709,-0.23467,2.3178,33.358
-0.30531,-0.010032,-0.49098,-0.87111,0.022569,0.3,0.43276,0,0,0,0,14.119,-1393.7,-82477,1.1371e+06,-6.3846e+05,-32.432,-1.0371,2.3409,13.815
-0.73586,-0.10026,-0.49576,-0.86265,-0.011853,0.3,0.43562,0,0,0,0,76.686,-3359.1,-29688,4.92e+05,-2.7964e+05,-25.881,-0.24567,2.3084,33.59
-0.33228,-0.0069293,-0.49085,-0.87122,0.023311,0.3,0.43276,0,0,0,0,32.274,-1516.8,-70708,1.0036e+06,-5.7411e+05,-34.588,-1.3057,1.9529,19.532
-0.74502,-0.10001,-0.49654,-0.86223,-0.012164,0.3,0.43565,0,0,0,0,76.847,-3401,-29423,4.93e+05,-2.8035e+05,-25.986,-0.2412,2.2958,33.677
-0.45108,-0.006944,-0.49086,-0.87121,0.024232,0.3,0.43275,0,0,0,0,45.531,-2059.1,-53934,8.3948e+05,-5.007e+05,-34.135,-1.3176,1.567,51.409
-0.93711,-0.078051,-0.49521,-0.86526,-0.018196,0.3,0.43635,0,0,0,0,85.559,-4277.8,-31188,5.5848e+05,-3.1643e+05,-31.171,-0.82506,1.6133,36.238
-0.41106,-0.0069272,-0.49086,-0.87121,0.024315,0.3,0.43275,0,0,0,0,44.822,-1876.5,-20661,2.9136e+05,-1.7846e+05,-30.711,-0.71864,2.2212,96.164
-1.0847,-0.029295,-0.49184,-0.87019,-0.023947,0.3,0.43674,0,0,0,0,86.208,-4951.3,-34665,6.6224e+05,-3.7324e+05,-37.075,-2.1505,-0.37378,36.508
-0.41496,-0.0069248,-0.49086,-0.87121,0.024375,0.3,0.43275,0,0,0,0,44.911,-1894.3,-16370,2.3703e+05,-1.4252e+05,-30.175,-0.64269,2.2537,102.65
-1.1695,-0.0003165,-0.48954,-0.87198,-0.029597,0.3,0.43674,0,0,0,0,46.816,-5338.7,-44429,8.7916e+05,-4.901e+05,-43.952,-3.9276,-3.0834,32.621
-1.231,0.076553,-0.48051,-0.87359,-0.034327,0.3,0.43635,0,0,0,0,13.422,-5619.3,-71516,1.1548e+06,-6.5011e+05,-48.853,-6.6644,-6.6081,26.632
-1.2502,0.16137,-0.47333,-0.86598,-0.034991,0.3,0.43631,0,0,0,0,8.3975,-5707.1,-69576,1.2054e+06,-6.7452e+05,-49.33,-6.9852,-7.5026,25.4
-1.2366,0.17845,-0.46864,-0.86504,-0.03872,0.3,0.43561,0,0,0,0,7.0354,-5645,-90280,1.5846e+06,-8.7018e+05,-55.669,-10.206,-12.885,20.816
-1.1793,0.24751,-0.4541,-0.85512,-0.040037,0.3,0.43525,0,0,0,0,7.3906,-5383.5,-89392,1.8262e+06,-9.8782e+05,-59.034,-11.675,-16.271,19.547
-1.1439,0.27213,-0.45082,-0.8501,-0.040962,0.3,0.435,0,0,0,0,7.0676,-5221.9,-95766,2.0167e+06,-1.0969e+06,-61.4,-13.118,-18.725,18.121
-1.121,0.29699,-0.42156,-0.85629,-0.041604,0.3,0.43478,0,0,0,0,6.5849,-5117.3,-1.3072e+05,2.0958e+06,-1.1375e+06,-61.795,-14.411,-19.456,17.063
-1.0841,0.32313,-0.42145,-0.84711,-0.04196,0.3,0.43466,0,0,0,0,6.7912,-4949,-1.4826e+05,2.2152e+06,-1.1904e+06,-63.846,-15.377,-20.58,16.654
-0.99909,0.35009,-0.40863,-0.84222,-0.04356,0.3,0.434,0,0,0,0,6.3481,-4560.7,-1.6932e+05,2.5018e+06,-1.3514e+06,-66.297,-18.57,-26.042,15.216
-0.96119,0.35824,-0.39752,-0.84453,-0.044146,0.3,0.43377,0,0,0,0,5.9144,-4387.7,-1.8525e+05,2.6744e+06,-1.4328e+06,-68.348,-20.177,-28.744,14.501
-0.93115,0.39224,-0.41233,-0.82189,-0.044529,0.3,0.43359,0,0,0,0,6.0983,-4250.6,-1.7629e+05,2.7566e+06,-1.4936e+06,-69.393,-21.077,-30.784,14.412
-0.82646,0.46619,-0.39571,-0.78896,-0.045142,0.3,0.43324,0,0,0,0,5.9876,-3772.7,-1.9828e+05,3.013e+06,-1.6267e+06,-70.947,-23.851,-35.77,13.406
-0.68063,0.4975,-0.37807,-0.77763,-0.045668,0.3,0.43291,0,0,0,0,6.2035,-3107,-2.0171e+05,3.3493e+06,-1.7833e+06,-71.317,-26.035,-40.879,12.531
-0.56698,0.54077,-0.36754,-0.75652,-0.046099,0.3,0.43266,0,0,0,0,6.6437,-2588.2,-2.1131e+05,3.5807e+06,-1.8889e+06,-72.232,-27.78,-44.54,12.013
-0.39452,0.56966,-0.34931,-0.74262,-0.046648,0.3,0.43223,0,0,0,0,6.0397,-1800.9,-2.5024e+05,3.8089e+06,-1.9926e+06,-70.354,-30.514,-49.541,11.016
-0.20985,0.61379,-0.32771,-0.71817,-0.047184,0.3,0.4318,0,0,0,0,5.079,-957.94,-2.7879e+05,4.1155e+06,-2.1485e+06,-69.635,-33.76,-55.669,9.7923
-0.10149,0.66372,-0.3094,-0.67882,-0.047538,0.3,0.43144,0,0,0,0,4.1892,-463.31,-2.8905e+05,4.1976e+06,-2.2277e+06,-66.637,-35.636,-58.749,9.1853
0.083271,0.72788,-0.27339,-0.62836,-0.047688,0.3,0.43128,0,0,0,0,3.9054,380.12,-2.991e+05,4.2766e+06,-2.212e+06,-62.817,-36.334,-62.167,8.7669
0.19643,0.81925,-0.19832,-0.53805,-0.047738,0.3,0.43122,0,0,0,0,3.9114,896.67,-2.8587e+05,4.205e+06,-2.1701e+06,-58.856,-36.272,-62.821,8.543
0.66714,0.89525,-0.13564,-0.4232,-0.048375,0.3,0.43027,0,0,0,0,3.3314,3045.4,-2.714e+05,3.5712e+06,-1.7322e+06,-37.895,-31.356,-58.607,6.9701
1.0505,0.95802,-0.053279,-0.27556,-0.048609,0.3,0.42968,0,0,0,0,3.7709,4795.6,-1.5841e+05,2.3851e+06,-9.8151e+05,-16.862,-18.059,-41.551,5.4267
1.2267,0.98795,0.01952,-0.1479,-0.048734,0.3,0.429,0,0,0,0,3.9883,5599.6,-97046,1.54e+06,-4.1947e+05,-9.7574,-7.9873,-27.476,4.2084
-0.67739,0.40748,-0.11058,-0.90649,-0.15414,0.3,0.26793,0,0,0,0,3.5693,-3092.2,71095,2.7657e+06,-3.0238e+05,-60.444,-2.0589,-32.919,13.495
-0.44148,0.49252,-0.11056,-0.8632,-0.1552,0.3,0.2674,0,0,0,0,4.8277,-2015.3,78627,3.16e+06,-3.499e+05,-64.496,-3.2112,-43.187,13.249
-0.77352,0.31392,-0.1083,-0.94308,-0.15179,0.3,0.26887,0,0,0,0,5.0057,-3531,48650,2.4645e+06,-2.709e+05,-59.38,-1.5526,-24.532,14.798
0.0826,0.70786,-0.10557,-0.69754,-0.1569,0.3,0.26627,0,0,0,0,5.486,377.06,63655,3.6236e+06,-4.5246e+05,-60.57,-5.6733,-53.752,11.094
-0.78135,0.30086,-0.10807,-0.94753,-0.15168,0.3,0.26891,0,0,0,0,5.2567,-3566.8,45286,2.4385e+06,-2.6673e+05,-59.336,-1.559,-24.081,14.995
0.48598,0.75067,-0.099694,-0.64972,-0.15778,0.3,0.26535,0,0,0,0,4.7995,2218.5,71809,3.5422e+06,-4.9287e+05,-49.537,-6.6866,-54.647,9.0477
-0.80341,0.29619,-0.10788,-0.94897,-0.15124,0.3,0.26903,0,0,0,0,5.6004,-3667.5,44258,2.3603e+06,-2.571e+05,-59.188,-1.4168,-22.845,15.718
0.64693,0.7721,-0.098578,-0.62763,-0.15809,0.3,0.26504,0,0,0,0,4.4386,2953.2,71317,3.4887e+06,-5.0923e+05,-44.617,-7.143,-54.715,8.1722
-0.89889,0.21312,-0.10482,-0.97139,-0.14933,0.3,0.26959,0,0,0,0,7.0027,-4103.3,27016,2.0371e+06,-2.2185e+05,-58.916,-1.1554,-17.942,18.924
0.71714,0.81666,-0.10338,-0.56379,-0.15812,0.3,0.265,0,0,0,0,4.1876,3273.7,83739,3.3392e+06,-5.0552e+05,-40.75,-7.019,-52.862,7.7074
-1.0197,0.18089,-0.10315,-0.97808,-0.14641,0.3,0.27023,0,0,0,0,6.2898,-4654.8,18852,1.6119e+06,-1.706e+05,-52.304,-0.77709,-13.253,21.698
0.80978,0.84698,-0.10603,-0.52056,-0.15816,0.3,0.26493,0,0,0,0,3.8267,3696.6,88531,3.1241e+06,-4.9138e+05,-35.526,-6.8561,-50.024,7.0927
-1.0534,0.088147,-0.097384,-0.99126,-0.14278,0.3,0.27077,0,0,0,0,7.8244,-4808.8,8246.3,1.3191e+06,-1.3289e+05,-48.065,-0.59653,-8.7346,25.534
0.92581,0.8637,-0.11192,-0.49059,-0.15828,0.3,0.2647,0,0,0,0,3.5535,4226.2,82155,2.6991e+06,-4.5205e+05,-28.387,-6.4423,-43.84,6.2733
-1.0525,0.083506,-0.097077,-0.99176,-0.14265,0.3,0.27078,0,0,0,0,7.9359,-4804.7,7125.2,1.3102e+06,-1.3187e+05,-48.048,-0.61312,-8.5272,25.745
1.1265,0.87911,-0.11116,-0.46346,-0.15855,0.3,0.26419,0,0,0,0,3.1601,5142.2,68074,2.0738e+06,-3.9544e+05,-17.201,-5.9403,-34.79,5.0063
-1.0526,0.081578,-0.096856,-0.99195,-0.14218,0.3,0.27082,0,0,0,0,11.669,-4804.8,6925.8,1.2836e+06,-1.2868e+05,-47.783,-0.58353,-8.0978,26.383
1.2743,0.98645,-0.072884,-0.14622,-0.15872,0.3,0.26353,0,0,0,0,2.8472,5817,10209,7.2921e+05,-2.4746e+05,-6.0894,-4.2127,-12.618,2.9942
-1.0439,0.069298,-0.093493,-0.9932,-0.13753,0.3,0.27114,0,0,0,0,47.984,-4765.2,-2420.6,1.0163e+06,-98223,-44.671,-0.54036,-4.1929,32.515
1.3028,0.99788,-0.063425,-0.014414,-0.15873,0.3,0.26284,0,0,0,0,2.4957,5947,-8409.9,-1.0649e+05,-1.5932e+05,-2.4855,-2.742,2.0039,1.608
-0.99165,-0.027063,-0.092665,-0.99533,-0.1317,0.3,0.27114,0,0,0,0,89.198,-4526.8,-7603.3,7.8146e+05,-73840,-38.437,-0.49168,-0.98983,36.813
-0.86012,-0.072651,-0.089168,-0.99336,-0.12578,0.3,0.27082,0,0,0,0,89.28,-3926.4,-10803,6.6196e+05,-58194,-32.791,-0.43711,1.1982,37.08
-0.70493,-0.099305,-0.086574,-0.99128,-0.11983,0.3,0.27027,0,0,0,0,81.519,-3217.9,-16639,5.903e+05,-48900,-27.987,-0.61011,2.1508,35.164
-0.54965,-0.10549,-0.086122,-0.99068,-0.1139,0.3,0.26963,0,0,0,0,73.653,-2509.1,-21655,5.4539e+05,-44169,-24.356,-0.76906,2.4471,32.602
-0.43877,-0.10693,-0.086139,-0.99053,-0.10798,0.3,0.26901,0,0,0,0,68.371,-2003,-24740,5.3585e+05,-43093,-22.295,-0.82669,2.4918,29.75
-0.3465,-0.098889,-0.086785,-0.99131,-0.10217,0.3,0.26836,0,0,0,0,64.957,-1581.7,-28980,5.7064e+05,-46620,-21.188,-0.88794,2.2835,25.581
-0.25837,-0.068236,-0.088977,-0.99369,-0.096554,0.3,0.26787,0,0,0,0,55.782,-1179.4,-39223,6.884e+05,-58415,-21.67,-1.0691,1.9111,20.356
-0.21502,-0.06598,-0.088827,-0.99386,-0.092207,0.3,0.26757,0,0,0,0,35.458,-981.57,-50126,8.4981e+05,-73480,-22.951,-1.2182,1.6426,16.027
-0.20992,-0.065701,-0.088814,-0.99388,-0.09171,0.3,0.26753,0,0,0,0,33.293,-958.26,-51706,8.6932e+05,-75419,-23.1,-1.2396,1.6114,15.44
-0.20885,-0.064093,-0.088973,-0.99397,-0.091578,0.3,0.26753,0,0,0,0,33.022,-953.39,-51978,8.7608e+05,-76327,-23.174,-1.2389,1.5985,15.306
-0.17965,-0.025959,-0.091779,-0.99544,-0.086652,0.3,0.26728,0,0,0,0,14.474,-820.1,-61898,1.0903e+06,-97869,-25.001,-1.3166,1.1746,11.578
-0.17775,-0.025958,-0.091778,-0.99544,-0.086299,0.3,0.26727,0,0,0,0,13.301,-811.42,-63146,1.1333e+06,-1.0187e+05,-25.522,-1.3231,1.1398,11.15
-0.16752,-0.025718,-0.091677,-0.99546,-0.084362,0.3,0.26722,0,0,0,0,8.9995,-764.69,-71031,1.3152e+06,-1.1972e+05,-27.712,-1.4083,0.97713,9.2987
-0.16865,-0.025527,-0.091907,-0.99544,-0.084197,0.3,0.26721,0,0,0,0,8.6804,-769.85,-71426,1.3447e+06,-1.2194e+05,-28.138,-1.4037,1.0196,9.1115
-0.19013,-0.022022,-0.091978,-0.99551,-0.083049,0.3,0.26719,0,0,0,0,6.4186,-867.94,-74567,1.5241e+06,-1.4056e+05,-30.363,-1.4117,0.85395,7.5703
-0.1974,-0.019667,-0.092032,-0.99556,-0.082576,0.3,0.26717,0,0,0,0,5.583,-901.12,-73087,1.588e+06,-1.4721e+05,-31.128,-1.3661,0.7603,6.9923
-0.20618,-0.018846,-0.091992,-0.99558,-0.081884,0.3,0.26716,0,0,0,0,5.0139,-941.19,-69202,1.6826e+06,-1.582e+05,-32.531,-1.2952,0.52474,6.4478
-0.22032,-0.016256,-0.092236,-0.9956,-0.080681,0.3,0.26714,0,0,0,0,4.1276,-1005.7,-69429,1.8463e+06,-1.7628e+05,-35.049,-1.3015,0.17786,5.6105
-0.22172,-0.016235,-0.092263,-0.9956,-0.080597,0.3,0.26714,0,0,0,0,4.068,-1012.1,-67590,1.9001e+06,-1.8191e+05,-36.003,-1.2709,0.10241,5.5052
-0.24327,-0.010751,-0.092551,-0.99565,-0.080004,0.3,0.26713,0,0,0,0,3.3375,-1110.5,-50779,2.1152e+06,-2.0396e+05,-39.688,-0.9782,-0.30272,4.8461
-0.2779,-0.005019,-0.092942,-0.99566,-0.079397,0.3,0.26713,0,0,0,0,2.2151,-1268.6,-75840,2.5209e+06,-2.4838e+05,-47.162,-1.2808,1.1674,4.468
-0.29752,-0.0047749,-0.093045,-0.99565,-0.07875,0.3,0.26713,0,0,0,0,1.4087,-1358.1,-1.1696e+05,2.8624e+06,-2.8636e+05,-53.51,-1.873,2.7914,4.2674
-0.52104,-0.86378,-0.50387,9.5221e-06,0.115,0.3,0.50996,0,0,0,0,8.3301,-2378.5,99321,-2.4505e+05,-5.5588e+05,-8.593,9.3411,-4.5381,12.019
-0.52561,-0.86378,-0.50387,9.5285e-06,0.115,0.3,0.50997,0,0,0,0,8.6001,-2399.4,96350,-2.4166e+05,-5.5292e+05,-8.6523,9.2594,-4.3987,12.146
-0.42543,-0.86378,-0.50387,-2.8915e-06,0.115,0.3,0.50911,0,0,0,0,3.6693,-1942.1,73867,-1.3205e+05,-6.1491e+05,-6.6153,12.806,-3.1389,13.038
-0.66347,-0.86377,-0.50388,1.6057e-05,0.115,0.3,0.51087,0,0,0,0,15.161,-3028.7,-10827,-98243,-4.1451e+05,-10.714,4.9241,0.13417,14.411
-0.61201,-0.86378,-0.50387,7.3369e-07,0.115,0.3,0.50835,0,0,0,0,13.963,-2793.8,11783,24363,-4.1848e+05,-16.765,6.3658,0.6375,47.668
-0.63154,-0.86378,-0.50387,6.9936e-07,0.115,0.3,0.50833,0,0,0,0,14.393,-2882.9,14248,22832,-4.197e+05,-17.318,6.0342,0.49467,46.97
-0.75887,-0.86378,-0.50387,4.2863e-06,0.115,0.3,0.50787,0,0,0,0,22.406,-3464.2,81277,-72608,-3.0027e+05,-26.678,0.81036,-1.5046,78.379
-0.35346,-0.93993,0.31982,-0.11933,-1.0239,0.3,0.11613,0,0,0,0,33.254,-1613.5,-63582,-95723,1.4042e+05,-6.6584,-1.8421,-4.6152,16.272
-0.21997,-0.93997,0.31964,-0.11954,-1.024,0.3,0.11682,0,0,0,0,24.83,-1004.1,-50399,-1.0191e+05,1.1521e+05,0.32858,-3.285,-2.792,14.665
-0.46145,-0.93992,0.31985,-0.11932,-1.0238,0.3,0.11562,0,0,0,0,38.972,-2106.5,-84838,-1.2612e+05,1.4735e+05,-11.698,-0.64466,-7.3469,19.178
-0.52772,-0.93969,0.31869,-0.12414,-1.024,0.3,0.11743,0,0,0,0,42.971,-2409,-40434,-72511,1.6182e+05,-14.795,-1.0243,-2.3474,21.95
-0.49495,-0.93993,0.31984,-0.11933,-1.0238,0.3,0.11541,0,0,0,0,40.738,-2259.4,-88529,-1.3191e+05,1.5382e+05,-13.475,-0.33083,-8.1049,19.84
-0.59669,-0.9397,0.3187,-0.12407,-1.0241,0.3,0.1176,0,0,0,0,46.556,-2723.8,-38510,-70126,1.7057e+05,-17.845,-0.53518,-2.2417,23.499
-0.81857,-0.93943,0.31694,-0.13047,-1.0242,0.3,0.1184,0,0,0,0,60.151,-3736.7,-24510,-25460,2.0878e+05,-28.819,1.1298,-0.93032,27.682
0.89365,0.94766,-0.29392,-0.10574,-1.0212,0.3,0.12879,0,0,0,0,39.121,4079.4,1.0257e+05,3.0675e+05,-2.3157e+05,-16.479,-5.1726,-13.186,59.722
1.1627,0.94095,-0.29613,0.15954,-1.0212,0.3,0.12807,0,0,0,0,39.484,5307.7,1.1956e+05,88022,-2.853e+05,-11.947,-7.1057,-6.9507,26.21
1.1352,0.85529,-0.28928,0.42846,-1.021,0.3,0.1276,0,0,0,0,39.91,5182,1.043e+05,-2.2822e+05,-2.8313e+05,-13.793,-8.1023,3.3499,26.354
1.1348,0.79687,-0.30539,0.52112,-1.021,0.3,0.12759,0,0,0,0,39.91,5180.3,1.0414e+05,-2.3175e+05,-2.8322e+05,-13.816,-8.1206,3.462,26.36
1.1339,0.79615,-0.30505,0.52251,-1.021,0.3,0.12759,0,0,0,0,39.93,5176.1,1.0391e+05,-2.3328e+05,-2.8267e+05,-13.846,-8.1148,3.514,26.41
1.0671,0.74748,-0.27986,0.6019,-1.0208,0.3,0.12739,0,0,0,0,41.042,4871.1,88311,-3.0375e+05,-2.4459e+05,-15.599,-7.9041,5.7583,30.119
0.86826,0.69937,-0.24048,0.67238,-1.0205,0.3,0.12701,0,0,0,0,46.548,3963.5,62452,-4.1847e+05,-2.0187e+05,-20.44,-7.4964,10.653,37.423
0.79955,0.69035,-0.23708,0.68349,-1.0203,0.3,0.12683,0,0,0,0,48.644,3649.9,51711,-4.6944e+05,-1.8555e+05,-22.468,-7.3438,12.605,40.257
0.52536,0.53232,-0.21357,0.81856,-1.0193,0.3,0.12613,0,0,0,0,54.956,2398.2,25086,-5.1803e+05,-1.5038e+05,-29.282,-6.312,16.517,52.287
0.48289,0.49931,-0.21001,0.84039,-1.0192,0.3,0.12608,0,0,0,0,54.613,2204.4,23320,-5.0497e+05,-1.4396e+05,-29.791,-6.0974,16.453,54.809
0.39296,0.47975,-0.20324,0.85342,-1.0189,0.3,0.12589,0,0,0,0,55.942,1793.8,17103,-4.8622e+05,-1.3054e+05,-31.762,-5.578,16.905,62.422
0.25818,0.45314,-0.19889,0.86893,-1.0182,0.3,0.12552,0,0,0,0,57.418,1178.6,7954,-4.5056e+05,-1.0853e+05,-34.682,-4.7603,17.421,73.864
0.079182,0.43154,-0.19843,0.87963,-1.0172,0.3,0.12504,0,0,0,0,61.447,361.46,4734.9,-3.9828e+05,-85298,-36.095,-4.0214,17.083,89.115
-0.0045242,0.35513,-0.16686,0.9198,-1.0165,0.3,0.12473,0,0,0,0,63.357,-20.653,2695.2,-3.7822e+05,-75027,-37.097,-3.6693,17.132,96.058
-0.12334,0.34502,-0.16554,0.92388,-1.0153,0.3,0.12425,0,0,0,0,70.094,-563.02,2152.4,-3.6151e+05,-63993,-38.449,-3.1555,16.497,104.14
-0.17675,0.32961,-0.1507,0.93201,-1.014,0.3,0.12382,0,0,0,0,74.051,-806.86,1192.2,-3.6138e+05,-60589,-39.184,-2.854,16.167,105.87
-0.19839,0.32256,-0.15399,0.9339,-1.0135,0.3,0.12363,0,0,0,0,76.21,-905.63,447.98,-3.615e+05,-59515,-39.676,-2.6882,15.961,106.96
-0.21712,0.27661,-0.1437,0.95018,-1.0132,0.3,0.12354,0,0,0,0,77.517,-991.14,379.74,-3.6167e+05,-58560,-39.789,-2.6362,15.97,107.19
-0.28134,0.276,-0.14319,0.95043,-1.0121,0.3,0.12321,0,0,0,0,82.076,-1284.3,-305.33,-3.6473e+05,-55713,-40.81,-2.3242,15.341,108.41
-0.34605,0.2512,-0.13686,0.95819,-1.0107,0.3,0.1228,0,0,0,0,86.921,-1579.7,-2130,-3.6965e+05,-52498,-42.057,-1.8632,14.768,109.6
-0.4133,0.22166,-0.12962,0.96646,-1.0094,0.3,0.12249,0,0,0,0,91.892,-1886.7,-1746.2,-3.6846e+05,-47262,-42.08,-1.5923,13.933,109.21
-0.42014,0.19983,-0.11991,0.97247,-1.0089,0.3,0.1224,0,0,0,0,92.922,-1917.9,-1145.9,-3.6722e+05,-46367,-41.881,-1.6051,13.697,108.88
-0.40744,0.19983,-0.1199,0.97247,-1.0075,0.3,0.12211,0,0,0,0,95.192,-1859.9,-134.1,-3.6391e+05,-44644,-41.365,-1.5513,12.707,107.92
-0.40035,0.19982,-0.11991,0.97247,-1.0073,0.3,0.12206,0,0,0,0,95.78,-1827.5,237.98,-3.6289e+05,-44624,-41.208,-1.5554,12.349,107.62
-0.38557,0.19983,-0.11991,0.97247,-1.0061,0.3,0.12182,0,0,0,0,97.37,-1760.1,25.081,-3.6279e+05,-44801,-41.337,-1.4264,11.438,107.49
-0.41733,0.19975,-0.11996,0.97248,-1.0047,0.3,0.12153,0,0,0,0,98.872,-1905.1,-2121.2,-3.6779e+05,-45469,-42.497,-1.1031,10.855,108.71
-0.48877,0.19092,-0.11663,0.97465,-1.0032,0.3,0.12123,0,0,0,0,100.66,-2231.2,-6052.1,-3.7746e+05,-44836,-44.589,-0.5511,10.596,111.13
-0.59326,0.15338,-0.10661,0.98238,-1.0018,0.3,0.12096,0,0,0,0,103.31,-2708.2,-8357.6,-3.8259e+05,-40441,-45.75,-0.14161,10.718,112.46
-0.62941,0.1178,-0.094906,0.98849,-1.0004,0.3,0.12079,0,0,0,0,105.92,-2873.2,-6515.3,-3.7658e+05,-35898,-44.615,-0.18559,10.003,110.89
-0.62349,0.1178,-0.094907,0.98849,-1,0.3,0.12074,0,0,0,0,106.33,-2846.2,-5844.9,-3.7504e+05,-35283,-44.318,-0.22694,9.7014,110.46
-0.58563,0.1178,-0.094907,0.98849,-0.99857,0.3,0.12057,0,0,0,0,107.22,-2673.4,-4427.3,-3.7003e+05,-34684,-43.352,-0.29168,8.5911,109.07
-0.57765,0.1178,-0.094908,0.98849,-0.99833,0.3,0.12054,0,0,0,0,107.41,-2636.9,-3543.8,-3.6854e+05,-34700,-43.054,-0.38129,8.4157,108.67
-0.55639,0.1178,-0.094907,0.98849,-0.99712,0.3,0.1204,0,0,0,0,107.72,-2539.9,-3427.1,-3.6761e+05,-34919,-42.944,-0.33024,7.586,108.36
-0.57328,0.1178,-0.094906,0.98849,-0.99567,0.3,0.12022,0,0,0,0,107.91,-2616.9,-4312.2,-3.6951e+05,-35247,-43.408,-0.17307,7.0272,108.83
-0.61093,0.1163,-0.095111,0.98865,-0.99422,0.3,0.12005,0,0,0,0,108.05,-2788.8,-6084.3,-3.746e+05,-35928,-44.521,0.077301,6.6458,110.13
-0.67471,0.10159,-0.090767,0.99067,-0.99274,0.3,0.11988,0,0,0,0,108.93,-3080,-9305.4,-3.8136e+05,-34510,-45.977,0.54065,6.3398,111.85
-0.74311,0.069354,-0.080746,0.9943,-0.99126,0.3,0.11975,0,0,0,0,110.6,-3392.2,-10930,-3.8303e+05,-30293,-46.384,0.82605,6.1737,112.27
-0.74704,0.049811,-0.07464,0.99597,-0.98976,0.3,0.11967,0,0,0,0,111.82,-3410.1,-9381.5,-3.7792e+05,-27546,-45.351,0.70191,5.6446,110.93
-0.71023,0.049175,-0.074006,0.99604,-0.98827,0.3,0.1196,0,0,0,0,112.24,-3242.1,-8083,-3.7244e+05,-27062,-44.22,0.59812,4.8184,109.45
-0.69476,0.049174,-0.074005,0.99604,-0.98678,0.3,0.11953,0,0,0,0,112.22,-3171.5,-7813.1,-3.6949e+05,-27003,-43.634,0.60205,4.2691,108.65
-0.69567,0.049173,-0.074005,0.99604,-0.98529,0.3,0.11945,0,0,0,0,111.93,-3175.7,-8043.3,-3.6842e+05,-26997,-43.437,0.65808,3.8638,108.37
-0.70643,0.049161,-0.074017,0.99604,-0.9838,0.3,0.11938,0,0,0,0,111.42,-3224.8,-8685.3,-3.6916e+05,-27130,-43.611,0.7594,3.5388,108.57
-0.73127,0.046624,-0.074332,0.99614,-0.98231,0.3,0.1193,0,0,0,0,110.92,-3338.2,-10123,-3.725e+05,-27573,-44.317,0.95716,3.2387,109.44
-0.77959,0.036047,-0.071426,0.99679,-0.98081,0.3,0.11924,0,0,0,0,111.15,-3558.8,-12538,-3.7582e+05,-26208,-45.009,1.2854,2.9854,110.3
-0.8156,0.0035574,-0.060483,0.99815,-0.97929,0.3,0.11921,0,0,0,0,111.76,-3723.2,-13002,-3.7434e+05,-22731,-44.666,1.3633,2.6355,109.86
-0.7948,-0.0089609,-0.056624,0.99836,-0.97779,0.3,0.11923,0,0,0,0,111.73,-3628.2,-10894,-3.6841e+05,-20679,-43.407,1.1214,2.0608,108.26
-0.7562,-0.0091805,-0.056403,0.99837,-0.9763,0.3,0.11924,0,0,0,0,111.12,-3452,-9231.6,-3.6279e+05,-20350,-42.266,0.94425,1.5332,106.78
-0.73929,-0.0091804,-0.056403,0.99837,-0.9748,0.3,0.11925,0,0,0,0,110.28,-3374.8,-8460.5,-3.5956e+05,-20245,-41.624,0.86753,1.1746,105.94
-0.73545,-0.0091809,-0.056403,0.99837,-0.9733,0.3,0.11927,0,0,0,0,109.35,-3357.3,-8015,-3.5771e+05,-20178,-41.262,0.82737,0.89794,105.46
-0.73736,-0.0091811,-0.056403,0.99837,-0.9718,0.3,0.11928,0,0,0,0,108.35,-3366,-7692.9,-3.5687e+05,-20152,-41.094,0.80063,0.66971,105.25
-0.74557,-0.0097065,-0.056698,0.99834,-0.9703,0.3,0.1193,0,0,0,0,107.38,-3403.4,-7411.2,-3.5747e+05,-20376,-41.199,0.78101,0.45651,105.41
-0.76481,-0.013945,-0.056605,0.9983,-0.96881,0.3,0.11931,0,0,0,0,106.67,-3491.3,-7861.6,-3.5982e+05,-20677,-41.647,0.84059,0.21392,106.01
-0.79764,-0.03103,-0.05238,0.99814,-0.96731,0.3,0.11933,0,0,0,0,106.53,-3641.2,-9193.2,-3.6111e+05,-19331,-41.916,1.0085,0.043939,106.36
-0.8082,-0.051111,-0.045322,0.99766,-0.96582,0.3,0.1194,0,0,0,0,106.45,-3689.3,-8874.9,-3.5776e+05,-16459,-41.258,0.97069,-0.16209,105.49
-0.77543,-0.057851,-0.04211,0.99744,-0.96432,0.3,0.11949,0,0,0,0,105.76,-3539.8,-6724.6,-3.5127e+05,-14858,-39.953,0.71694,-0.5184,103.79
-0.73857,-0.057851,-0.042111,0.99744,-0.96283,0.3,0.11958,0,0,0,0,104.65,-3371.5,-5081.8,-3.4561e+05,-14640,-38.839,0.54566,-0.8281,102.32
-0.71958,-0.057851,-0.042111,0.99744,-0.96134,0.3,0.11966,0,0,0,0,103.44,-3284.8,-4238.2,-3.4194e+05,-14526,-38.13,0.46402,-1.0445,101.38
-0.71043,-0.057852,-0.042111,0.99744,-0.95985,0.3,0.11975,0,0,0,0,102.24,-3243,-3708.2,-3.3932e+05,-14422,-37.628,0.4161,-1.2113,100.71
-0.70564,-0.057851,-0.042111,0.99744,-0.95835,0.3,0.11984,0,0,0,0,101.1,-3221.2,-3335.6,-3.3733e+05,-14336,-37.249,0.38435,-1.346,100.21
-0.70485,-0.057861,-0.04212,0.99744,-0.95686,0.3,0.11992,0,0,0,0,100.05,-3217.6,-3095.1,-3.3619e+05,-14305,-37.032,0.36811,-1.4687,99.93
-0.71069,-0.05992,-0.04262,0.99729,-0.95537,0.3,0.12001,0,0,0,0,99.135,-3244.2,-2915.8,-3.3597e+05,-14582,-36.981,0.35875,-1.591,99.887
-0.72191,-0.066014,-0.041929,0.99694,-0.95388,0.3,0.1201,0,0,0,0,98.431,-3295.5,-3613.5,-3.3629e+05,-14526,-37.023,0.44185,-1.7585,99.975
-0.73497,-0.081028,-0.037593,0.996,-0.9524,0.3,0.1202,0,0,0,0,97.892,-3355.1,-4508.6,-3.355e+05,-12965,-36.857,0.52409,-1.8413,99.763
-0.72667,-0.094331,-0.032924,0.99499,-0.95096,0.3,0.12034,0,0,0,0,97.184,-3317.2,-3466.8,-3.3158e+05,-10921,-36.093,0.39493,-1.9673,98.725
-0.69652,-0.09666,-0.031421,0.99482,-0.9495,0.3,0.12048,0,0,0,0,95.989,-3179.5,-1194.3,-3.2561e+05,-10004,-34.971,0.16067,-2.2073,97.177
-0.6864,-0.096662,-0.031421,0.99482,-0.94882,0.3,0.12055,0,0,0,0,95.487,-3133.3,-656.53,-3.2361e+05,-9951,-34.605,0.10964,-2.2575,96.662
-0.67135,-0.09666,-0.031423,0.99482,-0.94763,0.3,0.12066,0,0,0,0,94.256,-3064.7,792.19,-3.1948e+05,-9827.3,-33.852,-0.037362,-2.3275,95.601
-0.65138,-0.096661,-0.031422,0.99482,-0.94626,0.3,0.1208,0,0,0,0,93.038,-2973.5,910.88,-3.1602e+05,-9769.8,-33.217,-0.035394,-2.4309,94.705
-0.63631,-0.096661,-0.03142,0.99482,-0.94483,0.3,0.12093,0,0,0,0,91.624,-2904.7,1228.6,-3.1279e+05,-9638.1,-32.626,-0.060779,-2.5196,93.872
-0.62731,-0.09666,-0.03142,0.99482,-0.94337,0.3,0.12108,0,0,0,0,90.249,-2863.6,1654.5,-3.1024e+05,-9527,-32.166,-0.10027,-2.5907,93.221
-0.62121,-0.09666,-0.031421,0.99482,-0.94188,0.3,0.12122,0,0,0,0,88.975,-2835.8,1992.4,-3.0820e+05,-9446.9,-31.802,-0.13115,-2.6498,92.708
-0.6182,-0.097738,-0.031898,0.9947,-0.9404,0.3,0.12137,0,0,0,0,87.829,-2822,2324.8,-3.0676e+05,-9577.5,-31.54,-0.15967,-2.7129,92.348
-0.61877,-0.10151,-0.032681,0.9943,-0.93892,0.3,0.12151,0,0,0,0,86.838,-2824.6,2227.6,-3.0575e+05,-9932.6,-31.353,-0.14379,-2.7993,92.099
-0.62079,-0.1098,-0.030998,0.99347,-0.93746,0.3,0.12166,0,0,0,0,85.982,-2833.9,1430.4,-3.0461e+05,-9401.7,-31.14,-0.064649,-2.8639,91.804
-0.61611,-0.12016,-0.027024,0.99238,-0.93608,0.3,0.12183,0,0,0,0,85.135,-2812.5,1329.8,-3.0223e+05,-7828,-30.704,-0.066584,-2.9325,91.17
-0.59792,-0.12508,-0.024878,0.99183,-0.93476,0.3,0.12199,0,0,0,0,83.774,-2729.4,2688.7,-2.9707e+05,-6811.5,-29.798,-0.20728,-2.998,89.82
-0.57241,-0.12525,-0.024722,0.99182,-0.93263,0.3,0.12226,0,0,0,0,82.214,-2613,3972.4,-2.9158e+05,-6614.1,-28.85,-0.32829,-3.0305,88.392
-0.55081,-0.12525,-0.024723,0.99182,-0.93132,0.3,0.12243,0,0,0,0,80.873,-2514.4,4526.7,-2.8783e+05,-6515.6,-28.204,-0.37737,-3.0657,87.409
-0.53692,-0.12525,-0.024722,0.99182,-0.92989,0.3,0.12261,0,0,0,0,79.506,-2451,4999.4,-2.8477e+05,-6398.6,-27.685,-0.41935,-3.0887,86.612
-0.52712,-0.12525,-0.024721,0.99182,-0.92842,0.3,0.12279,0,0,0,0,78.199,-2406.2,5470.7,-2.8219e+05,-6285.6,-27.252,-0.46161,-3.1019,85.943
-0.51833,-0.12525,-0.024721,0.99182,-0.92694,0.3,0.12298,0,0,0,0,76.98,-2366.1,5921.6,-2.7984e+05,-6176.1,-26.861,-0.502,-3.1065,85.336
-0.51081,-0.12525,-0.024722,0.99182,-0.92549,0.3,0.12316,0,0,0,0,75.888,-2331.8,6345,-2.7788e+05,-6081.6,-26.537,-0.53974,-3.1118,84.833
-0.5058,-0.12573,-0.025005,0.99175,-0.92411,0.3,0.12334,0,0,0,0,74.957,-2308.9,6796.9,-2.765e+05,-6098,-26.309,-0.57913,-3.1269,84.485
-0.50434,-0.12858,-0.025356,0.99137,-0.9228,0.3,0.1235,0,0,0,0,73.966,-2302.3,6953.4,-2.7523e+05,-6167.1,-26.102,-0.59143,-3.1246,84.162
-0.50236,-0.13581,-0.023933,0.99044,-0.92066,0.3,0.12379,0,0,0,0,73.026,-2293.2,6574.7,-2.7357e+05,-5692.9,-25.824,-0.55946,-3.1196,83.723
-0.49217,-0.14341,-0.021111,0.98944,-0.91935,0.3,0.12397,0,0,0,0,72.16,-2246.7,6662.5,-2.7062e+05,-4692.2,-25.334,-0.5739,-3.1428,82.939
-0.47427,-0.14628,-0.019662,0.98905,-0.91792,0.3,0.12418,0,0,0,0,71.102,-2165,7588.7,-2.6654e+05,-4046,-24.673,-0.65849,-3.1655,81.868
-0.45643,-0.14638,-0.019564,0.98904,-0.91646,0.3,0.1244,0,0,0,0,69.951,-2083.5,8506.8,-2.6275e+05,-3852.2,-24.069,-0.73563,-3.168,80.873
-0.44205,-0.14638,-0.019564,0.98903,-0.91501,0.3,0.12461,0,0,0,0,68.811,-2017.9,9175.1,-2.5955e+05,-3719,-23.564,-0.79004,-3.157,80.032
-0.42987,-0.14638,-0.019564,0.98903,-0.91364,0.3,0.12482,0,0,0,0,67.742,-1962.3,9734.9,-2.5687e+05,-3593.5,-23.147,-0.83521,-3.143,79.33
-0.41944,-0.14638,-0.019564,0.98904,-0.91233,0.3,0.12501,0,0,0,0,66.429,-1914.7,10411,-2.5362e+05,-3429.6,-22.651,-0.88965,-3.0953,78.482
-0.40704,-0.14638,-0.019563,0.98904,-0.91018,0.3,0.12533,0,0,0,0,65.119,-1858.1,11042,-2.5017e+05,-3264.3,-22.126,-0.93884,-3.0432,77.578
-0.39337,-0.14638,-0.019562,0.98904,-0.90888,0.3,0.12552,0,0,0,0,64.067,-1795.7,11487,-2.4741e+05,-3137.9,-21.709,-0.97151,-3.016,76.856
-0.38288,-0.14638,-0.019562,0.98903,-0.90745,0.3,0.12573,0,0,0,0,62.998,-1747.8,11971,-2.4491e+05,-3010.8,-21.334,-1.0079,-2.9866,76.201
-0.37398,-0.14638,-0.019563,0.98904,-0.90598,0.3,0.12595,0,0,0,0,61.973,-1707.2,12469,-2.4258e+05,-2885,-20.99,-1.0453,-2.9563,75.594
-0.36504,-0.14638,-0.019565,0.98904,-0.90453,0.3,0.12617,0,0,0,0,60.994,-1666.4,12969,-2.4027e+05,-2757.7,-20.65,-1.0826,-2.9232,74.989
-0.35637,-0.14638,-0.019564,0.98904,-0.9031,0.3,0.12638,0,0,0,0,60.112,-1626.8,13563,-2.3811e+05,-2677.3,-20.337,-1.1274,-2.8896,74.427
-0.34901,-0.14638,-0.019562,0.98904,-0.90191,0.3,0.12655,0,0,0,0,59.194,-1593.2,14133,-2.3567e+05,-2577.9,-19.989,-1.1689,-2.8346,73.793
-0.34722,-0.14637,-0.019938,0.98903,-0.90165,0.3,0.12659,0,0,0,0,58.969,-1585,14176,-2.3504e+05,-2724.6,-19.898,-1.1684,-2.8225,73.626
-0.34026,-0.14637,-0.019893,0.98903,-0.90025,0.3,0.1268,0,0,0,0,58.239,-1553.3,14544,-2.3305e+05,-2615.6,-19.614,-1.1934,-2.7832,73.104
-0.33701,-0.14638,-0.019565,0.98904,-0.89979,0.3,0.12687,0,0,0,0,58.014,-1538.4,14671,-2.3242e+05,-2681,-19.524,-1.201,-2.7764,72.941
-0.32666,-0.14747,-0.022029,0.98882,-0.89842,0.3,0.12707,0,0,0,0,57.15,-1491.2,15126,-2.3013e+05,-2816.6,-19.198,-1.2284,-2.7465,72.34
-0.3179,-0.14781,-0.023533,0.98873,-0.89698,0.3,0.12729,0,0,0,0,56.289,-1451.2,15662,-2.2794e+05,-3061.6,-18.89,-1.2613,-2.7164,71.767
-0.30968,-0.14815,-0.025125,0.98864,-0.89553,0.3,0.1275,0,0,0,0,55.467,-1413.6,16138,-2.2583e+05,-3328.7,-18.596,-1.289,-2.687,71.218
-0.30154,-0.14883,-0.026506,0.98851,-0.89412,0.3,0.12771,0,0,0,0,54.702,-1376.5,16538,-2.2382e+05,-3545.7,-18.318,-1.3112,-2.6558,70.689
-0.29272,-0.14934,-0.027736,0.9884,-0.89279,0.3,0.12792,0,0,0,0,53.754,-1336.2,17052,-2.2108e+05,-3646.9,-17.945,-1.3409,-2.6006,69.971
-0.28227,-0.14972,-0.029098,0.9883,-0.89068,0.3,0.12824,0,0,0,0,52.803,-1288.5,17515,-2.1817e+05,-3720.2,-17.546,-1.3653,-2.5466,69.198
-0.2716,-0.14972,-0.029097,0.9883,-0.88939,0.3,0.12843,0,0,0,0,52.047,-1239.8,17768,-2.1589e+05,-3711,-17.235,-1.3755,-2.5161,68.588
-0.26258,-0.14972,-0.029098,0.9883,-0.88797,0.3,0.12865,0,0,0,0,51.27,-1198.7,18145,-2.1369e+05,-3564.3,-16.939,-1.3971,-2.4828,68.003
-0.25394,-0.14896,-0.029585,0.9884,-0.88651,0.3,0.12887,0,0,0,0,50.5,-1159.2,18685,-2.1145e+05,-3522.2,-16.643,-1.4297,-2.4408,67.411
-0.24442,-0.14597,-0.030921,0.98881,-0.88506,0.3,0.12908,0,0,0,0,49.77,-1115.7,19158,-2.0934e+05,-3739.7,-16.368,-1.4546,-2.396,66.857
-0.23651,-0.14318,-0.032152,0.98917,-0.88368,0.3,0.12929,0,0,0,0,49.128,-1079.6,19320,-2.078e+05,-3987.9,-16.17,-1.4579,-2.3538,66.451
-0.23073,-0.14261,-0.032531,0.98924,-0.88236,0.3,0.12947,0,0,0,0,48.375,-1053.3,19415,-2.0599e+05,-3989.9,-15.937,-1.4578,-2.2963,65.97
-0.22326,-0.14261,-0.032533,0.98924,-0.88022,0.3,0.12978,0,0,0,0,47.642,-1019.1,19635,-2.0392e+05,-3871.7,-15.67,-1.4668,-2.2457,65.423
-0.215,-0.14261,-0.032534,0.98924,-0.87892,0.3,0.12997,0,0,0,0,47.078,-981.46,19925,-2.0224e+05,-3762.3,-15.454,-1.4821,-2.2155,64.979
-0.2081,-0.14261,-0.032534,0.98924,-0.87749,0.3,0.13018,0,0,0,0,46.507,-949.97,20338,-2.0062e+05,-3638.8,-15.249,-1.5069,-2.1859,64.557
-0.20141,-0.14273,-0.03265,0.98922,-0.87603,0.3,0.13039,0,0,0,0,45.951,-919.41,20846,-1.9899e+05,-3525.6,-15.043,-1.5382,-2.1571,64.132
-0.19423,-0.1432,-0.033166,0.98914,-0.87458,0.3,0.1306,0,0,0,0,45.409,-886.65,21416,-1.9722e+05,-3479.7,-14.821,-1.5721,-2.1275,63.67
-0.18649,-0.14399,-0.034178,0.98899,-0.8732,0.3,0.1308,0,0,0,0,44.902,-851.32,21972,-1.9544e+05,-3526.8,-14.6,-1.6035,-2.0975,63.204
-0.17768,-0.14494,-0.035308,0.98881,-0.8719,0.3,0.13099,0,0,0,0,44.165,-811.11,22585,-1.9261e+05,-3520.9,-14.252,-1.6332,-2.0411,62.452
-0.16555,-0.14566,-0.036096,0.98868,-0.86977,0.3,0.1313,0,0,0,0,43.343,-755.73,23305,-1.8907e+05,-3361.1,-13.818,-1.667,-1.9732,61.501
-0.1513,-0.14188,-0.038594,0.98913,-0.86845,0.3,0.1315,0,0,0,0,42.642,-690.68,24370,-1.8591e+05,-3643.5,-13.443,-1.7218,-1.9137,60.673
-0.13821,-0.12991,-0.044179,0.99053,-0.86701,0.3,0.1317,0,0,0,0,42.051,-630.9,25155,-1.8451e+05,-4895.7,-13.283,-1.7577,-1.8992,60.325
-0.13183,-0.12039,-0.048581,0.99154,-0.86553,0.3,0.13188,0,0,0,0,41.668,-601.77,24892,-1.8506e+05,-6067.3,-13.358,-1.7322,-1.8872,60.483
-0.13171,-0.11895,-0.049662,0.99166,-0.86406,0.3,0.13205,0,0,0,0,41.379,-601.24,24350,-1.8555e+05,-6364.6,-13.425,-1.6964,-1.8308,60.613
-0.13079,-0.11895,-0.049664,0.99166,-0.8626,0.3,0.13223,0,0,0,0,41.137,-597.05,24049,-1.8542e+05,-6343,-13.414,-1.6772,-1.7815,60.58
-0.12752,-0.11895,-0.049665,0.99166,-0.86116,0.3,0.1324,0,0,0,0,40.923,-582.1,23971,-1.8482e+05,-6297.2,-13.345,-1.6706,-1.7373,60.421
-0.12315,-0.11896,-0.049669,0.99166,-0.85997,0.3,0.13255,0,0,0,0,40.581,-562.19,24004,-1.8358e+05,-6218.7,-13.2,-1.6678,-1.6898,60.09
-0.12229,-0.11896,-0.049667,0.99166,-0.85971,0.3,0.13258,0,0,0,0,40.509,-558.24,24019,-1.8331e+05,-6205.7,-13.168,-1.6675,-1.6824,60.018
-0.11793,-0.11895,-0.049668,0.99166,-0.8583,0.3,0.13275,0,0,0,0,40.265,-538.33,24179,-1.8232e+05,-6131.5,-13.05,-1.6742,-1.6545,59.754
-0.11646,-0.11895,-0.049668,0.99166,-0.85785,0.3,0.1328,0,0,0,0,40.212,-531.65,24252,-1.8211e+05,-6141.4,-13.026,-1.6782,-1.6483,59.699
-0.11049,-0.11967,-0.050431,0.99153,-0.85648,0.3,0.13296,0,0,0,0,39.929,-504.38,24659,-1.8097e+05,-6141.7,-12.894,-1.7007,-1.6247,59.405
-0.10456,-0.12067,-0.051532,0.99135,-0.85503,0.3,0.13314,0,0,0,0,39.607,-477.32,25191,-1.796e+05,-6185,-12.735,-1.7299,-1.6003,59.046
-0.097356,-0.12146,-0.052489,0.99121,-0.85355,0.3,0.13332,0,0,0,0,39.231,-444.42,25775,-1.7784e+05,-6136.7,-12.53,-1.7603,-1.5723,58.576
-0.088625,-0.1214,-0.053324,0.99117,-0.85207,0.3,0.1335,0,0,0,0,38.77,-404.56,26589,-1.7536e+05,-6000.2,-12.246,-1.8018,-1.5278,57.915
-0.076578,-0.1133,-0.057542,0.99189,-0.8506,0.3,0.13368,0,0,0,0,38.298,-349.57,27765,-1.7291e+05,-6708.4,-11.977,-1.8623,-1.4818,57.293
-0.064384,-0.097899,-0.065224,0.99304,-0.84909,0.3,0.13384,0,0,0,0,38.002,-293.91,28300,-1.7235e+05,-8494,-11.931,-1.8837,-1.4586,57.185
-0.060558,-0.086855,-0.070743,0.99371,-0.84774,0.3,0.13396,0,0,0,0,37.799,-276.44,27795,-1.7303e+05,-9576.6,-12.021,-1.8498,-1.4095,57.374
-0.06052,-0.086857,-0.070742,0.99371,-0.84748,0.3,0.13398,0,0,0,0,37.78,-276.27,27572,-1.7324e+05,-9709.5,-12.046,-1.8361,-1.39,57.425
-0.061312,-0.086852,-0.07074,0.99371,-0.8468,0.3,0.13404,0,0,0,0,37.622,-279.88,27241,-1.7324e+05,-9635,-12.049,-1.8167,-1.3439,57.417
-0.061318,-0.086847,-0.070739,0.99371,-0.84615,0.3,0.1341,0,0,0,0,37.543,-279.91,27048,-1.7336e+05,-9747.9,-12.064,-1.8049,-1.3243,57.448
-0.061201,-0.086855,-0.070753,0.99371,-0.84585,0.3,0.13413,0,0,0,0,37.533,-279.38,26898,-1.7358e+05,-9895,-12.09,-1.7958,-1.3151,57.507
-0.06016,-0.087967,-0.07099,0.99359,-0.84442,0.3,0.13425,0,0,0,0,37.434,-274.62,26648,-1.7353e+05,-9850.2,-12.084,-1.7806,-1.272,57.474
-0.055854,-0.087016,-0.073004,0.99353,-0.843,0.3,0.13438,0,0,0,0,37.211,-254.97,27094,-1.7211e+05,-10059,-11.928,-1.8031,-1.219,57.097
-0.046278,-0.074276,-0.079148,0.99408,-0.84153,0.3,0.13451,0,0,0,0,37.119,-211.25,27691,-1.7137e+05,-11428,-11.861,-1.834,-1.1949,56.938
-0.039899,-0.05907,-0.086201,0.99452,-0.84004,0.3,0.1346,0,0,0,0,37.239,-182.13,27281,-1.7285e+05,-13310,-12.052,-1.8098,-1.1621,57.364
-0.042333,-0.054925,-0.088945,0.99452,-0.83855,0.3,0.13468,0,0,0,0,37.387,-193.25,26191,-1.7505e+05,-14150,-12.314,-1.7517,-1.0863,57.939
-0.045847,-0.055127,-0.089044,0.9945,-0.83706,0.3,0.13477,0,0,0,0,37.47,-209.29,25454,-1.7637e+05,-14211,-12.466,-1.7141,-1.0231,58.265
-0.046206,-0.055635,-0.08982,0.9944,-0.83556,0.3,0.13485,0,0,0,0,37.471,-210.92,25242,-1.7642e+05,-14256,-12.47,-1.7027,-0.97295,58.251
-0.04024,-0.045916,-0.095485,0.99436,-0.83406,0.3,0.13493,0,0,0,0,37.497,-183.69,25609,-1.7588e+05,-15466,-12.426,-1.7235,-0.93585,58.132
-0.032812,-0.024677,-0.10561,0.99408,-0.83256,0.3,0.13499,0,0,0,0,37.753,-149.78,25261,-1.7717e+05,-18116,-12.62,-1.7005,-0.89141,58.532
-0.036755,-0.012631,-0.11154,0.99368,-0.83106,0.3,0.13501,0,0,0,0,38.186,-167.78,23370,-1.8121e+05,-20026,-13.098,-1.5913,-0.79287,59.484
-0.048475,-0.011894,-0.11236,0.9936,-0.82956,0.3,0.13503,0,0,0,0,38.614,-221.28,21438,-1.8627e+05,-20625,-13.567,-1.4789,-0.69067,60.072
-0.058109,-0.01249,-0.11253,0.99357,-0.82806,0.3,0.13504,0,0,0,0,39.033,-265.26,20603,-1.9333e+05,-21168,-13.903,-1.4099,-0.62841,59.208
-0.06102,-0.0031901,-0.11822,0.99297,-0.82657,0.3,0.13506,0,0,0,0,39.556,-278.55,21825,-2.0898e+05,-24261,-14.289,-1.4173,-0.60364,55.697
-0.062126,0.019685,-0.12911,0.99142,-0.82509,0.3,0.13506,0,0,0,0,40.586,-283.6,24198,-2.4942e+05,-33189,-15.281,-1.4006,-0.51243,48.82
-0.075559,0.038049,-0.13737,0.98978,-0.82368,0.3,0.135,0,0,0,0,42.813,-344.92,25591,-3.237e+05,-46810,-17.231,-1.3083,-0.2437,40.787
-0.084001,0.039816,-0.13943,0.98943,-0.82323,0.3,0.13498,0,0,0,0,43.758,-383.46,25122,-3.4898e+05,-50999,-17.958,-1.2535,-0.13372,38.891
-0.096209,0.039652,-0.13946,0.98943,-0.82261,0.3,0.13496,0,0,0,0,45.235,-439.18,24130,-3.8484e+05,-56907,-18.984,-1.177,0.015281,36.527
-0.1075,0.039464,-0.13954,0.98943,-0.82221,0.3,0.13494,0,0,0,0,46.409,-490.74,23274,-4.0215e+05,-60092,-19.627,-1.1535,0.19095,36.072
-0.1125,0.038509,-0.13964,0.98945,-0.82205,0.3,0.13493,0,0,0,0,46.858,-513.53,22566,-4.0868e+05,-61496,-19.854,-1.1272,0.25262,35.896
-0.14305,0.037508,-0.14055,0.98936,-0.82122,0.3,0.1349,0,0,0,0,50.143,-653.01,21014,-4.6989e+05,-73415,-22.015,-1.0404,0.35833,34.292
-0.19038,0.039306,-0.14131,0.98918,-0.8204,0.3,0.13487,0,0,0,0,54.184,-869.08,22700,-5.7154e+05,-93196,-25.52,-0.9944,-0.27616,32.284
-0.22329,0.041992,-0.14136,0.98907,-0.81984,0.3,0.13485,0,0,0,0,56.246,-1019.3,23526,-6.4302e+05,-1.0628e+05,-27.781,-0.90127,-1.0222,30.722
-0.22795,-0.011502,-0.10314,-0.9946,-0.076234,0.3,0.49531,0,0,0,0,4.8823,-1040.5,-97774,1.5191e+06,-1.5744e+05,-29.578,-1.8235,0.78333,6.6644
-0.21291,-0.01154,-0.10315,-0.9946,-0.077464,0.3,0.49533,0,0,0,0,8.1025,-971.93,-87051,1.2873e+06,-1.3311e+05,-26.669,-1.7023,1.0038,8.7578
-0.24932,-0.016871,-0.10289,-0.99455,-0.075533,0.3,0.4953,0,0,0,0,3.8642,-1138.1,-97351,1.5887e+06,-1.6478e+05,-30.353,-1.796,0.62105,5.768
-0.2147,-0.020556,-0.10256,-0.99451,-0.077543,0.3,0.49533,0,0,0,0,8.3029,-980.09,-85996,1.2674e+06,-1.3081e+05,-26.391,-1.6821,1.0768,8.8875
-0.26236,-0.016871,-0.10289,-0.99455,-0.075114,0.3,0.49529,0,0,0,0,3.1806,-1197.7,-97923,1.6181e+06,-1.6755e+05,-30.536,-1.785,0.60987,5.1474
-0.23799,-0.039376,-0.10239,-0.99396,-0.080858,0.3,0.49543,0,0,0,0,14.051,-1086.4,-71451,1.0167e+06,-1.0073e+05,-23.272,-1.5133,1.2594,11.339
-0.26214,-0.016872,-0.10289,-0.99455,-0.074894,0.3,0.49529,0,0,0,0,3.1018,-1196.7,-99532,1.6153e+06,-1.6676e+05,-30.409,-1.8131,0.59017,4.9903
-0.23863,-0.039743,-0.10238,-0.99395,-0.080943,0.3,0.49543,0,0,0,0,14.241,-1089.3,-71126,1.0093e+06,-99845,-23.181,-1.5101,1.268,11.416
-0.28258,-0.016871,-0.10289,-0.99455,-0.074105,0.3,0.49528,0,0,0,0,2.614,-1289.9,-1.052e+05,1.6753e+06,-1.7584e+05,-31.293,-1.9268,0.3494,4.4124
-0.23923,-0.040007,-0.10235,-0.99394,-0.081032,0.3,0.49544,0,0,0,0,14.631,-1092.1,-70909,1.0053e+06,-99383,-23.143,-1.5084,1.2728,11.489
-0.2946,-0.016884,-0.10288,-0.99455,-0.073736,0.3,0.49527,0,0,0,0,2.0823,-1344.8,-98539,1.6796e+06,-1.7659e+05,-31.378,-1.7826,0.46141,4.1325
-0.2716,-0.056055,-0.1018,-0.99322,-0.084907,0.3,0.49562,0,0,0,0,40.071,-1239.8,-58348,7.7222e+05,-77592,-20.885,-1.4314,1.5105,15.933
-0.30267,-0.016881,-0.10287,-0.99455,-0.073503,0.3,0.49527,0,0,0,0,1.7315,-1381.6,-94669,1.6928e+06,-1.7829e+05,-31.624,-1.6925,0.5801,3.9547
-0.27373,-0.05838,-0.10181,-0.99309,-0.084977,0.3,0.49563,0,0,0,0,41.292,-1249.6,-58505,7.6577e+05,-76972,-20.825,-1.4424,1.5255,16.08
-0.30992,-0.016875,-0.10289,-0.99455,-0.07298,0.3,0.49526,0,0,0,0,0.94932,-1414.8,-85466,1.7502e+06,-1.8403e+05,-32.694,-1.4315,1.3074,3.5845
-0.28007,-0.058998,-0.10178,-0.99305,-0.085435,0.3,0.49566,0,0,0,0,43.066,-1278.5,-57304,7.4711e+05,-74979,-20.627,-1.4293,1.5441,16.575
-0.31144,-0.016875,-0.10288,-0.99455,-0.0725,0.3,0.49525,0,0,0,0,0.61528,-1421.7,-75721,1.7787e+06,-1.8764e+05,-33.224,-1.2085,1.641,3.426
-0.33615,-0.087953,-0.099451,-0.99115,-0.090333,0.3,0.496,0,0,0,0,58.306,-1534.5,-44287,5.864e+05,-56940,-18.891,-1.2556,1.7111,20.918
-0.40794,-0.095845,-0.098987,-0.99046,-0.096042,0.3,0.4965,0,0,0,0,59.158,-1862.2,-34057,5.0063e+05,-46176,-18.627,-1.0755,2.0264,25.525
-0.51769,-0.10792,-0.098443,-0.98927,-0.10192,0.3,0.49712,0,0,0,0,63.229,-2363.2,-28557,4.8798e+05,-44860,-19.917,-0.95482,2.2483,28.908
-0.65403,-0.10871,-0.098609,-0.98917,-0.10785,0.3,0.49779,0,0,0,0,69.718,-2985.6,-23827,5.1534e+05,-48224,-22.537,-0.8302,2.2338,31.648
-0.81335,-0.096955,-0.099646,-0.99029,-0.11376,0.3,0.49842,0,0,0,0,78.151,-3712.8,-19068,5.6557e+05,-54613,-26.312,-0.71159,1.8028,34.215
-0.99152,-0.069892,-0.10184,-0.99234,-0.11969,0.3,0.49895,0,0,0,0,87.226,-4526.2,-14494,6.3632e+05,-64130,-31.257,-0.65893,0.52527,36.44
-1.1774,-0.03366,-0.10373,-0.99403,-0.12563,0.3,0.49925,0,0,0,0,91.353,-5374.7,-9391.7,7.6003e+05,-82043,-37.93,-0.75545,-2.3932,37.198
-1.2551,-5.6379e-05,-0.10462,-0.99451,-0.13137,0.3,0.49926,0,0,0,0,51.39,-5729.5,-5440.4,1.0047e+06,-1.0683e+05,-44.878,-0.87746,-5.8097,33.331
-1.2578,0.057558,-0.10574,-0.99264,-0.13174,0.3,0.49923,0,0,0,0,48.481,-5741.6,-5359.3,1.0227e+06,-1.0926e+05,-44.95,-0.90042,-6.0485,32.799
-1.2746,0.11798,-0.10623,-0.9873,-0.13663,0.3,0.49888,0,0,0,0,9.8944,-5818.2,10361,1.2529e+06,-1.3768e+05,-47.52,-0.57176,-8.3054,26.956
-1.2825,0.13166,-0.10657,-0.98542,-0.13688,0.3,0.49884,0,0,0,0,9.4342,-5854.4,13877,1.2707e+06,-1.4088e+05,-47.386,-0.47586,-8.4951,26.362
-1.3418,0.16854,-0.11538,-0.97888,-0.13984,0.3,0.49837,0,0,0,0,7.2457,-6125.1,28315,1.5522e+06,-1.7945e+05,-51.786,-0.48586,-12.626,22.687
-1.3489,0.21064,-0.10901,-0.97142,-0.14061,0.3,0.49825,0,0,0,0,6.8713,-6157.5,28096,1.6123e+06,-1.8587e+05,-52.572,-0.61411,-13.68,21.901
-1.2186,0.21572,-0.10896,-0.97036,-0.14358,0.3,0.49759,0,0,0,0,7.9375,-5562.9,3695.6,1.9746e+06,-2.3364e+05,-57.545,-2.1003,-19.198,19.383
-1.2098,0.28952,-0.11139,-0.95056,-0.14401,0.3,0.49745,0,0,0,0,7.5755,-5522.8,5433.3,2.049e+06,-2.4323e+05,-57.522,-2.2409,-20.628,18.653
-1.169,0.32846,-0.11351,-0.93766,-0.14589,0.3,0.49684,0,0,0,0,6.0216,-5336.5,-2764.5,2.3796e+06,-2.9425e+05,-56.346,-3.4735,-27.275,14.904
-1.1773,0.37216,-0.10923,-0.92172,-0.14598,0.3,0.49681,0,0,0,0,5.7622,-5374,-214.04,2.3991e+06,-2.9303e+05,-55.988,-3.4242,-27.675,14.614
-1.0978,0.43954,-0.10951,-0.89146,-0.14831,0.3,0.49587,0,0,0,0,4.0182,-5011.4,3667.7,2.932e+06,-3.5218e+05,-61.48,-4.5279,-37.752,13
-0.74751,0.48074,-0.10938,-0.87001,-0.14938,0.3,0.49528,0,0,0,0,5.8048,-3412.3,16691,3.7764e+06,-4.809e+05,-71.942,-6.277,-50.971,12.172
-0.60856,0.59108,-0.11058,-0.79885,-0.14989,0.3,0.49491,0,0,0,0,5.3649,-2778,26361,4.0084e+06,-5.1312e+05,-70.813,-6.8275,-55.739,11.335
-0.32231,0.61456,-0.11107,-0.78099,-0.15095,0.3,0.49414,0,0,0,0,4.5191,-1471.3,65758,4.5646e+06,-5.9575e+05,-69.381,-7.785,-66.938,9.6221
-0.2702,0.73596,-0.099779,-0.66963,-0.15102,0.3,0.49408,0,0,0,0,4.0709,-1233.4,62108,4.6251e+06,-6.0148e+05,-68.199,-8.0379,-68.568,9.2745
0.20065,0.78675,-0.095022,-0.60982,-0.1518,0.3,0.49322,0,0,0,0,2.4831,915.93,37367,4.5926e+06,-6.4412e+05,-53.555,-10.052,-74.349,7.8522
0.72119,0.92727,-0.092095,-0.36058,-0.15213,0.3,0.4927,0,0,0,0,3.0591,3292.2,58539,3.897e+06,-6.1863e+05,-34.343,-10.309,-67.677,7.0483
0.87288,0.9378,-0.099915,-0.33213,-0.15222,0.3,0.49243,0,0,0,0,3.1246,3984.6,58857,3.2037e+06,-5.6342e+05,-26.723,-9.3958,-55.966,6.2324
1.1529,0.93695,-0.095498,-0.33565,-0.15245,0.3,0.49181,0,0,0,0,3.4032,5262.7,62992,2.1277e+06,-4.5512e+05,-14.464,-7.5977,-37.899,4.9408
1.3018,0.99545,-0.046351,-0.083017,-0.1525,0.3,0.49119,0,0,0,0,3.4789,5942.5,10895,1.026e+06,-3.5487e+05,-6.664,-6.3018,-18.186,3.5824
0.27772,0.12193,0.059601,-0.99075,-1.0287,0.3,0.11784,0,0,0,0,51.975,1267.8,-14895,3.4392e+05,19492,-21.759,-0.81166,-2.3733,52.186
0.3012,0.12195,0.059643,-0.99074,-1.0301,0.3,0.11766,0,0,0,0,49.391,1374.9,-13433,2.6869e+05,14988,-19.684,-0.87025,-2.1282,61.795
0.25903,0.12197,0.059562,-0.99075,-1.0278,0.3,0.11795,0,0,0,0,54.595,1182.4,-14674,4.0774e+05,22659,-23.575,-0.71783,-2.6164,46.925
0.31867,0.12197,0.059684,-0.99074,-1.0312,0.3,0.11753,0,0,0,0,48.256,1454.7,-13630,2.3814e+05,12840,-18.648,-0.95835,-2.0208,66.542
0.25164,0.12208,0.059524,-0.99073,-1.0274,0.3,0.118,0,0,0,0,55.64,1148.7,-14846,4.3633e+05,24092,-24.357,-0.68543,-2.7182,44.082
0.32508,0.12197,0.059689,-0.99074,-1.0317,0.3,0.11747,0,0,0,0,47.883,1484,-13876,2.3171e+05,12339,-18.326,-0.99084,-2.0065,67.372
0.25083,0.12182,0.059454,-0.99077,-1.0273,0.3,0.11801,0,0,0,0,55.812,1145,-14627,4.4633e+05,24602,-24.593,-0.66046,-2.741,43.241
0.33261,0.12197,0.05969,-0.99074,-1.0325,0.3,0.11737,0,0,0,0,47.527,1518.3,-14288,2.2704e+05,11940,-18.028,-1.0307,-1.9764,67.693
0.21752,0.12177,0.059413,-0.99078,-1.0264,0.3,0.11812,0,0,0,0,59.072,992.96,-10509,4.9799e+05,26900,-26.54,-0.38905,-3.0429,41.15
0.34176,0.12196,0.059689,-0.99074,-1.0333,0.3,0.11727,0,0,0,0,47.045,1560.1,-14727,2.1973e+05,11377,-17.616,-1.0785,-1.9357,68.411
0.16683,0.12175,0.059346,-0.99079,-1.0256,0.3,0.11821,0,0,0,0,63.33,761.55,-4394,5.5066e+05,28984,-28.972,-0.018156,-3.4738,40.424
0.35784,0.12197,0.05969,-0.99074,-1.0347,0.3,0.1171,0,0,0,0,46.431,1633.5,-15854,2.1387e+05,10812,-17.046,-1.1663,-1.8415,67.872
0.10049,0.12172,0.059282,-0.99079,-1.0249,0.3,0.11831,0,0,0,0,69.44,458.71,6397.1,6.7673e+05,37152,-33.778,0.43701,-3.2971,38.169
0.37305,0.1205,0.06074,-0.99085,-1.0362,0.3,0.11692,0,0,0,0,46.104,1702.9,-17074,2.0953e+05,10650,-16.519,-1.252,-1.6943,66.889
0.065797,0.12169,0.059245,-0.9908,-1.0242,0.3,0.1184,0,0,0,0,73.088,300.36,11153,7.6025e+05,43576,-36.937,0.58291,-2.8964,36.797
0.37493,0.10752,0.064396,-0.99211,-1.0377,0.3,0.11674,0,0,0,0,46.02,1711.5,-17907,2.067e+05,11476,-16.156,-1.3028,-1.6028,66.164
0.36751,0.093473,0.068567,-0.99326,-1.0392,0.3,0.1166,0,0,0,0,46.156,1677.6,-17658,2.0693e+05,12751,-16.188,-1.28,-1.5885,66.238
0.36423,0.090958,0.070136,-0.99338,-1.0406,0.3,0.11646,0,0,0,0,46.313,1662.7,-17180,2.0835e+05,13251,-16.379,-1.2498,-1.5734,66.631
0.36301,0.090959,0.070137,-0.99338,-1.0421,0.3,0.11633,0,0,0,0,46.383,1657.1,-17056,2.0916e+05,13247,-16.488,-1.2453,-1.5653,66.862
0.36288,0.090957,0.070137,-0.99338,-1.0436,0.3,0.11619,0,0,0,0,46.396,1656.5,-17029,2.0962e+05,13254,-16.553,-1.2463,-1.5541,66.995
0.36374,0.09096,0.070135,-0.99338,-1.0448,0.3,0.11608,0,0,0,0,46.378,1660.4,-17049,2.0984e+05,13262,-16.585,-1.2498,-1.5393,67.058
0.36424,0.090963,0.070134,-0.99338,-1.0453,0.3,0.11604,0,0,0,0,46.361,1662.7,-17039,2.0986e+05,13267,-16.588,-1.249,-1.5375,67.063
0.36484,0.090962,0.070136,-0.99338,-1.0457,0.3,0.116,0,0,0,0,46.343,1665.5,-17054,2.0986e+05,13268,-16.589,-1.2504,-1.5312,67.064
0.36553,0.090961,0.070135,-0.99338,-1.0461,0.3,0.11596,0,0,0,0,46.331,1668.6,-17049,2.0987e+05,13268,-16.589,-1.2504,-1.5261,67.064
0.36655,0.090961,0.070134,-0.99338,-1.0468,0.3,0.11589,0,0,0,0,46.31,1673.3,-17039,2.0987e+05,13268,-16.591,-1.2504,-1.518,67.064
0.36893,0.090492,0.06985,-0.99344,-1.0482,0.3,0.11576,0,0,0,0,46.255,1684.1,-17048,2.0968e+05,13191,-16.569,-1.2534,-1.4915,67.013
0.3717,0.089211,0.069214,-0.99361,-1.0497,0.3,0.11563,0,0,0,0,46.21,1696.8,-17180,2.0937e+05,13004,-16.531,-1.2663,-1.4529,66.926
0.37637,0.088255,0.068732,-0.99372,-1.0512,0.3,0.1155,0,0,0,0,46.182,1718.1,-17556,2.0876e+05,12801,-16.456,-1.2969,-1.401,66.765
0.38102,0.086278,0.069649,-0.99383,-1.0527,0.3,0.11537,0,0,0,0,46.198,1739.3,-18131,2.0781e+05,12925,-16.339,-1.3406,-1.3292,66.519
0.37877,0.078574,0.072057,-0.9943,-1.0541,0.3,0.11524,0,0,0,0,46.306,1729,-18349,2.0742e+05,13603,-16.292,-1.3537,-1.2981,66.424
0.37381,0.072327,0.073817,-0.99465,-1.0556,0.3,0.11513,0,0,0,0,46.48,1706.4,-18076,2.0824e+05,14213,-16.401,-1.3335,-1.3021,66.648
0.37206,0.071953,0.074191,-0.99464,-1.0571,0.3,0.11503,0,0,0,0,46.629,1698.4,-17848,2.0929e+05,14372,-16.542,-1.3216,-1.2935,66.936
0.37125,0.071953,0.07419,-0.99464,-1.0586,0.3,0.11492,0,0,0,0,46.721,1694.7,-17769,2.0993e+05,14393,-16.629,-1.3192,-1.2877,67.113
0.37096,0.071953,0.07419,-0.99464,-1.0601,0.3,0.11481,0,0,0,0,46.777,1693.4,-17770,2.1038e+05,14413,-16.691,-1.322,-1.2807,67.239
0.37126,0.071953,0.07419,-0.99464,-1.0616,0.3,0.1147,0,0,0,0,46.808,1694.7,-17821,2.1073e+05,14434,-16.739,-1.3283,-1.2713,67.333
0.37216,0.071953,0.07419,-0.99465,-1.0628,0.3,0.11462,0,0,0,0,46.817,1698.9,-17892,2.1091e+05,14449,-16.765,-1.3352,-1.2604,67.383
0.37256,0.071958,0.074194,-0.99464,-1.0631,0.3,0.1146,0,0,0,0,46.815,1700.7,-17902,2.1092e+05,14450,-16.765,-1.3362,-1.2576,67.384
0.37396,0.071954,0.074191,-0.99464,-1.0641,0.3,0.11452,0,0,0,0,46.811,1707.1,-17919,2.1096e+05,14458,-16.772,-1.3381,-1.2495,67.394
0.37487,0.07195,0.074187,-0.99465,-1.0648,0.3,0.11447,0,0,0,0,46.811,1711.2,-17919,2.1098e+05,14430,-16.775,-1.3392,-1.2433,67.399
0.37628,0.070578,0.073368,-0.9948,-1.0662,0.3,0.11437,0,0,0,0,46.814,1717.7,-17999,2.1097e+05,14286,-16.775,-1.3482,-1.2262,67.395
0.37787,0.069211,0.072614,-0.99496,-1.0677,0.3,0.11427,0,0,0,0,46.829,1725,-18262,2.1097e+05,14084,-16.776,-1.3717,-1.2033,67.395
0.38117,0.068742,0.072284,-0.99501,-1.0692,0.3,0.11416,0,0,0,0,46.854,1740,-18692,2.1073e+05,13952,-16.748,-1.4069,-1.1708,67.336
0.38337,0.066506,0.073142,-0.9951,-1.0706,0.3,0.11406,0,0,0,0,46.911,1750,-19172,2.1033e+05,14140,-16.702,-1.4446,-1.1324,67.243
0.38149,0.061464,0.074908,-0.99529,-1.0721,0.3,0.11397,0,0,0,0,47.02,1741.5,-19288,2.1048e+05,14679,-16.726,-1.4538,-1.113,67.293
0.37913,0.058569,0.075852,-0.9954,-1.0736,0.3,0.11388,0,0,0,0,47.147,1730.7,-19115,2.1119e+05,15019,-16.822,-1.4431,-1.1092,67.486
0.37863,0.058524,0.075896,-0.9954,-1.0751,0.3,0.11379,0,0,0,0,47.246,1728.4,-19052,2.1183e+05,15058,-16.908,-1.4421,-1.1038,67.661
0.37874,0.058523,0.075896,-0.9954,-1.0766,0.3,0.1137,0,0,0,0,47.314,1728.9,-19054,2.1225e+05,15072,-16.966,-1.445,-1.0993,67.778
0.3793,0.058526,0.075896,-0.9954,-1.0781,0.3,0.11361,0,0,0,0,47.361,1731.5,-19087,2.1256e+05,15088,-17.009,-1.4498,-1.0929,67.864
0.38033,0.058525,0.075897,-0.9954,-1.0796,0.3,0.11353,0,0,0,0,47.393,1736.2,-19136,2.1277e+05,15101,-17.038,-1.4556,-1.0841,67.921
0.38192,0.058525,0.075897,-0.9954,-1.0811,0.3,0.11344,0,0,0,0,47.414,1743.4,-19179,2.1286e+05,15111,-17.052,-1.4606,-1.072,67.947
0.38395,0.058416,0.075785,-0.99541,-1.0826,0.3,0.11335,0,0,0,0,47.433,1752.7,-19187,2.1284e+05,15091,-17.051,-1.4628,-1.055,67.941
0.38557,0.057564,0.075257,-0.9955,-1.0841,0.3,0.11326,0,0,0,0,47.461,1760.1,-19242,2.1282e+05,14974,-17.05,-1.4692,-1.0359,67.935
0.38677,0.056343,0.074566,-0.99562,-1.0856,0.3,0.11318,0,0,0,0,47.501,1765.6,-19481,2.1291e+05,14799,-17.061,-1.4903,-1.0181,67.958
0.3886,0.055517,0.074036,-0.99571,-1.0871,0.3,0.1131,0,0,0,0,47.547,1773.9,-19958,2.1296e+05,14668,-17.07,-1.5297,-0.99999,67.978
0.39084,0.055424,0.074043,-0.99571,-1.0882,0.3,0.11303,0,0,0,0,47.609,1784.2,-20338,2.129e+05,14731,-17.065,-1.5603,-0.97627,67.968
0.39139,0.054366,0.074313,-0.99575,-1.0886,0.3,0.11301,0,0,0,0,47.619,1786.7,-20455,2.1277e+05,14774,-17.048,-1.5687,-0.9756,67.937
0.39099,0.0533,0.074575,-0.99579,-1.089,0.3,0.11299,0,0,0,0,47.651,1784.8,-20531,2.1285e+05,14886,-17.061,-1.5748,-0.97223,67.963
0.39053,0.052672,0.075195,-0.99577,-1.0895,0.3,0.11296,0,0,0,0,47.686,1782.7,-20553,2.13e+05,15008,-17.082,-1.5773,-0.97016,68.006
0.39029,0.049606,0.076128,-0.99586,-1.0902,0.3,0.11292,0,0,0,0,47.732,1781.6,-20658,2.1309e+05,15171,-17.096,-1.5865,-0.96511,68.035
0.38897,0.048349,0.076576,-0.99589,-1.0917,0.3,0.11285,0,0,0,0,47.846,1775.6,-20652,2.1369e+05,15464,-17.179,-1.5898,-0.96493,68.203
0.38879,0.048201,0.076726,-0.99589,-1.0931,0.3,0.11278,0,0,0,0,47.948,1774.8,-20670,2.1431e+05,15529,-17.265,-1.5956,-0.95964,68.373
0.38908,0.048202,0.076726,-0.99589,-1.0946,0.3,0.11271,0,0,0,0,48.031,1776.1,-20724,2.1475e+05,15544,-17.325,-1.6031,-0.95503,68.495
0.38996,0.048201,0.076726,-0.99589,-1.0961,0.3,0.11264,0,0,0,0,48.104,1780.1,-20754,2.1507e+05,15565,-17.371,-1.608,-0.94825,68.584
0.39124,0.0482,0.076725,-0.99589,-1.0976,0.3,0.11257,0,0,0,0,48.17,1786,-20787,2.1529e+05,15584,-17.402,-1.6127,-0.93979,68.645
0.39316,0.048201,0.076725,-0.99589,-1.0991,0.3,0.11249,0,0,0,0,48.235,1794.7,-20794,2.1541e+05,15604,-17.418,-1.615,-0.92762,68.674
0.39585,0.048108,0.076632,-0.9959,-1.1006,0.3,0.11242,0,0,0,0,48.31,1807,-20716,2.1537e+05,15603,-17.414,-1.6104,-0.90805,68.659
0.39784,0.046868,0.075791,-0.99602,-1.1021,0.3,0.11235,0,0,0,0,48.414,1816.1,-20591,2.1535e+05,15440,-17.409,-1.6019,-0.88878,68.645
0.39749,0.044101,0.074208,-0.99627,-1.1036,0.3,0.11228,0,0,0,0,48.555,1814.5,-20720,2.1569e+05,15130,-17.454,-1.6156,-0.88105,68.734
0.39643,0.042288,0.073195,-0.99642,-1.1051,0.3,0.11222,0,0,0,0,48.706,1809.7,-21138,2.1637e+05,14954,-17.546,-1.6538,-0.87862,68.921
0.39626,0.042097,0.073018,-0.99644,-1.1066,0.3,0.11215,0,0,0,0,48.84,1808.9,-21554,2.17e+05,14953,-17.634,-1.6909,-0.87657,69.101
0.3966,0.042097,0.073018,-0.99644,-1.1081,0.3,0.11209,0,0,0,0,48.955,1810.5,-21910,2.1747e+05,14976,-17.702,-1.7226,-0.87563,69.239
0.39723,0.042022,0.073092,-0.99644,-1.1095,0.3,0.11203,0,0,0,0,49.059,1813.3,-22253,2.1787e+05,15008,-17.759,-1.7529,-0.8738,69.355
0.398,0.041764,0.073412,-0.99643,-1.111,0.3,0.11196,0,0,0,0,49.156,1816.8,-22584,2.1822e+05,15102,-17.81,-1.782,-0.87081,69.46
0.39893,0.041336,0.074097,-0.99639,-1.1125,0.3,0.1119,0,0,0,0,49.249,1821.1,-22890,2.1855e+05,15287,-17.859,-1.8087,-0.8667,69.557
0.39979,0.040681,0.074995,-0.99635,-1.114,0.3,0.11184,0,0,0,0,49.338,1825,-23155,2.1886e+05,15532,-17.907,-1.8322,-0.8624,69.654
0.40062,0.040124,0.075679,-0.99632,-1.1155,0.3,0.11178,0,0,0,0,49.423,1828.8,-23378,2.1921e+05,15724,-17.958,-1.8526,-0.85877,69.756
0.40174,0.039935,0.075955,-0.99631,-1.117,0.3,0.11172,0,0,0,0,49.504,1833.9,-23606,2.1956e+05,15805,-18.008,-1.8737,-0.85524,69.857
0.40306,0.039895,0.076003,-0.99631,-1.1185,0.3,0.11166,0,0,0,0,49.579,1839.9,-23845,2.1987e+05,15826,-18.054,-1.8958,-0.85068,69.949
0.40432,0.039895,0.076001,-0.99631,-1.12,0.3,0.1116,0,0,0,0,49.645,1845.7,-24162,2.2013e+05,15822,-18.092,-1.9237,-0.8479,70.027
0.40619,0.039895,0.076001,-0.99631,-1.1212,0.3,0.11155,0,0,0,0,49.704,1854.2,-24390,2.2031e+05,15817,-18.119,-1.9439,-0.84075,70.082
0.40679,0.039895,0.076003,-0.99631,-1.1216,0.3,0.11154,0,0,0,0,49.723,1856.9,-24479,2.204e+05,15822,-18.131,-1.952,-0.84057,70.107
0.40843,0.039895,0.076003,-0.99631,-1.1225,0.3,0.1115,0,0,0,0,49.759,1864.5,-24640,2.2043e+05,15810,-18.137,-1.9659,-0.83467,70.12
0.40961,0.039895,0.076003,-0.99631,-1.1231,0.3,0.11148,0,0,0,0,49.789,1869.8,-24819,2.2044e+05,15795,-18.139,-1.981,-0.83028,70.125
0.41127,0.039747,0.076011,-0.99631,-1.1239,0.3,0.11145,0,0,0,0,49.846,1877.4,-25100,2.2037e+05,15870,-18.133,-2.0036,-0.82004,70.115
0.41302,0.039757,0.07601,-0.99631,-1.1246,0.3,0.11142,0,0,0,0,49.887,1885.4,-25334,2.2032e+05,15870,-18.129,-2.0232,-0.81406,70.108
0.41364,0.036843,0.077231,-0.99633,-1.1261,0.3,0.11136,0,0,0,0,50.01,1888.2,-25648,2.2047e+05,16175,-18.154,-2.051,-0.80201,70.16
0.41261,0.033711,0.07836,-0.99635,-1.1276,0.3,0.11131,0,0,0,0,50.168,1883.5,-25741,2.2107e+05,16548,-18.242,-2.0637,-0.79524,70.331
0.41257,0.033134,0.078758,-0.99634,-1.1291,0.3,0.11126,0,0,0,0,50.321,1883.4,-25763,2.2181e+05,16699,-18.345,-2.071,-0.79016,70.532
0.41331,0.033134,0.078758,-0.99634,-1.1305,0.3,0.11121,0,0,0,0,50.457,1886.7,-25866,2.2238e+05,16725,-18.427,-2.0838,-0.7878,70.692
0.4143,0.033134,0.078759,-0.99634,-1.132,0.3,0.11116,0,0,0,0,50.581,1891.3,-26005,2.2285e+05,16751,-18.493,-2.0987,-0.78651,70.822
0.4156,0.033134,0.078759,-0.99634,-1.1335,0.3,0.11111,0,0,0,0,50.699,1897.2,-26157,2.2326e+05,16777,-18.553,-2.1144,-0.78458,70.937
0.41729,0.033134,0.078759,-0.99634,-1.135,0.3,0.11106,0,0,0,0,50.816,1904.9,-26307,2.2361e+05,16802,-18.603,-2.1297,-0.78122,71.034
0.41934,0.033063,0.078686,-0.99635,-1.1365,0.3,0.11101,0,0,0,0,50.935,1914.3,-26443,2.2388e+05,16806,-18.643,-2.1436,-0.7748,71.11
0.42079,0.032327,0.078346,-0.9964,-1.138,0.3,0.11096,0,0,0,0,51.065,1920.8,-26614,2.242e+05,16760,-18.688,-2.161,-0.768,71.197
0.4214,0.0313,0.07787,-0.99647,-1.1395,0.3,0.11091,0,0,0,0,51.206,1923.7,-26911,2.2468e+05,16695,-18.756,-2.1895,-0.76451,71.331
0.42217,0.030927,0.077653,-0.9965,-1.141,0.3,0.11087,0,0,0,0,51.345,1927.2,-27275,2.2523e+05,16680,-18.836,-2.2239,-0.76321,71.489
0.42337,0.030917,0.077642,-0.9965,-1.1425,0.3,0.11082,0,0,0,0,51.477,1932.6,-27630,2.2573e+05,16700,-18.909,-2.2573,-0.76219,71.632
0.42481,0.030837,0.077722,-0.9965,-1.144,0.3,0.11077,0,0,0,0,51.602,1939.2,-27994,2.2617e+05,16736,-18.973,-2.2911,-0.76036,71.758
0.42641,0.030539,0.078092,-0.99648,-1.1455,0.3,0.11073,0,0,0,0,51.724,1946.5,-28363,2.2656e+05,16851,-19.032,-2.325,-0.75719,71.875
0.42805,0.029959,0.078972,-0.99643,-1.147,0.3,0.11068,0,0,0,0,51.848,1954,-28712,2.2693e+05,17103,-19.09,-2.3571,-0.75264,71.989
0.42938,0.028982,0.080196,-0.99636,-1.1485,0.3,0.11064,0,0,0,0,51.974,1960.1,-29003,2.2734e+05,17461,-19.154,-2.3847,-0.74822,72.113
0.43064,0.028172,0.081157,-0.9963,-1.15,0.3,0.11059,0,0,0,0,52.101,1965.8,-29233,2.2781e+05,17754,-19.226,-2.4079,-0.74475,72.252
0.43223,0.027911,0.081548,-0.99628,-1.1515,0.3,0.11055,0,0,0,0,52.225,1973.1,-29451,2.2829e+05,17885,-19.298,-2.4306,-0.74178,72.39
0.43401,0.027846,0.081613,-0.99628,-1.153,0.3,0.11051,0,0,0,0,52.345,1981.2,-29694,2.2873e+05,17921,-19.363,-2.4551,-0.73905,72.518
0.436,0.027847,0.081613,-0.99628,-1.1545,0.3,0.11047,0,0,0,0,52.463,1990.3,-29968,2.2915e+05,17933,-19.425,-2.4821,-0.73567,72.637
0.43847,0.027846,0.081613,-0.99628,-1.156,0.3,0.11043,0,0,0,0,52.581,2001.6,-30283,2.295e+05,17936,-19.478,-2.5121,-0.73037,72.739
0.44158,0.027737,0.081708,-0.99627,-1.1575,0.3,0.11038,0,0,0,0,52.707,2015.8,-30667,2.2973e+05,17958,-19.515,-2.5474,-0.72032,72.813
0.44348,0.026248,0.082276,-0.99626,-1.159,0.3,0.11034,0,0,0,0,52.854,2024.4,-31036,2.3003e+05,18163,-19.563,-2.5819,-0.71092,72.909
0.44386,0.024207,0.083132,-0.99624,-1.1605,0.3,0.11031,0,0,0,0,53.018,2026.2,-31212,2.3068e+05,18496,-19.659,-2.6023,-0.70946,73.09
0.44482,0.023537,0.083518,-0.99623,-1.162,0.3,0.11027,0,0,0,0,53.185,2030.6,-31329,2.3148e+05,18671,-19.777,-2.6188,-0.71112,73.311
0.44648,0.023537,0.083518,-0.99623,-1.1635,0.3,0.11024,0,0,0,0,53.337,2038.1,-31533,2.3217e+05,18712,-19.878,-2.642,-0.71318,73.501
0.44822,0.023536,0.083518,-0.99623,-1.1649,0.3,0.1102,0,0,0,0,53.47,2046.1,-31763,2.3276e+05,18750,-19.966,-2.6664,-0.71753,73.669
0.44999,0.023536,0.083518,-0.99623,-1.1665,0.3,0.11016,0,0,0,0,53.597,2054.2,-32027,2.3337e+05,18793,-20.057,-2.6938,-0.7233,73.84
0.4518,0.023537,0.083518,-0.99623,-1.168,0.3,0.11013,0,0,0,0,53.718,2062.4,-32344,2.3393e+05,18826,-20.14,-2.7252,-0.73174,73.999
0.454,0.023537,0.083519,-0.99623,-1.1694,0.3,0.11009,0,0,0,0,53.852,2072.5,-32707,2.3447e+05,18858,-20.221,-2.7606,-0.74044,74.153
0.45587,0.023534,0.08352,-0.99623,-1.1706,0.3,0.11007,0,0,0,0,53.948,2081,-33004,2.3495e+05,18892,-20.294,-2.7901,-0.7454,74.292
0.45649,0.023537,0.08352,-0.99623,-1.171,0.3,0.11006,0,0,0,0,54.001,2083.8,-33141,2.351e+05,18903,-20.316,-2.803,-0.74995,74.336
0.4579,0.023538,0.08352,-0.99623,-1.1719,0.3,0.11004,0,0,0,0,54.069,2090.3,-33336,2.3536e+05,18920,-20.357,-2.8221,-0.75366,74.414
0.45885,0.023536,0.083519,-0.99623,-1.1725,0.3,0.11002,0,0,0,0,54.124,2094.6,-33523,2.3559e+05,18933,-20.392,-2.84,-0.75897,74.482
0.46145,0.023536,0.083519,-0.99623,-1.174,0.3,0.10999,0,0,0,0,54.261,2106.5,-33988,2.3609e+05,18956,-20.469,-2.8842,-0.77076,74.631
0.46361,0.023536,0.083518,-0.99623,-1.1754,0.3,0.10995,0,0,0,0,54.386,2116.4,-34499,2.3661e+05,18978,-20.549,-2.9325,-0.78486,74.789
0.46484,0.023536,0.083517,-0.99623,-1.1762,0.3,0.10993,0,0,0,0,54.455,2121.9,-34813,2.3694e+05,18993,-20.599,-2.9622,-0.79428,74.888
0.46581,0.023747,0.083735,-0.99621,-1.177,0.3,0.10992,0,0,0,0,54.516,2126.4,-35121,2.3725e+05,19045,-20.648,-2.9911,-0.80559,74.984
0.4687,0.02441,0.084456,-0.99613,-1.1785,0.3,0.10988,0,0,0,0,54.615,2139.5,-35681,2.3778e+05,19237,-20.733,-3.0436,-0.82314,75.149
0.47259,0.025645,0.085777,-0.99598,-1.18,0.3,0.10984,0,0,0,0,54.697,2157.3,-36170,2.3818e+05,19544,-20.8,-3.0889,-0.83894,75.281
0.47703,0.026907,0.087096,-0.99584,-1.1815,0.3,0.1098,0,0,0,0,54.769,2177.6,-36517,2.3843e+05,19801,-20.843,-3.1207,-0.8514,75.365
0.48158,0.027136,0.087339,-0.99581,-1.183,0.3,0.10976,0,0,0,0,54.85,2198.3,-36843,2.3866e+05,19914,-20.88,-3.151,-0.86081,75.438
0.48604,0.027206,0.08742,-0.9958,-1.1844,0.3,0.10972,0,0,0,0,54.937,2218.7,-37221,2.3892e+05,19938,-20.921,-3.1865,-0.86837,75.52
0.49058,0.027204,0.087422,-0.9958,-1.1859,0.3,0.10968,0,0,0,0,55.021,2239.4,-37646,2.3921e+05,19945,-20.967,-3.2264,-0.87612,75.61
0.49526,0.027182,0.087431,-0.9958,-1.1874,0.3,0.10964,0,0,0,0,55.099,2260.8,-38114,2.395e+05,19956,-21.015,-3.2702,-0.88432,75.705
0.5001,0.027154,0.087443,-0.9958,-1.1889,0.3,0.1096,0,0,0,0,55.167,2282.9,-38623,2.3979e+05,19968,-21.062,-3.3177,-0.89333,75.801
0.50514,0.027146,0.087448,-0.9958,-1.1904,0.3,0.10956,0,0,0,0,55.226,2305.9,-39184,2.4007e+05,19977,-21.108,-3.3697,-0.90351,75.898
0.51039,0.027145,0.087449,-0.9958,-1.1919,0.3,0.10952,0,0,0,0,55.272,2329.9,-39799,2.4033e+05,19982,-21.153,-3.4264,-0.91526,75.992
0.51585,0.027145,0.087449,-0.9958,-1.1934,0.3,0.10948,0,0,0,0,55.305,2354.8,-40469,2.4058e+05,19983,-21.195,-3.4878,-0.92888,76.085
0.5215,0.027146,0.087448,-0.9958,-1.1949,0.3,0.10944,0,0,0,0,55.321,2380.6,-41200,2.408e+05,19982,-21.236,-3.5545,-0.9449,76.176
0.52734,0.027146,0.087448,-0.9958,-1.1964,0.3,0.1094,0,0,0,0,55.314,2407.3,-41998,2.4101e+05,19976,-21.275,-3.627,-0.96408,76.267
0.53334,0.027144,0.087448,-0.9958,-1.1979,0.3,0.10935,0,0,0,0,55.279,2434.6,-42871,2.412e+05,19966,-21.313,-3.7058,-0.98745,76.359
0.53915,0.027146,0.087449,-0.9958,-1.1994,0.3,0.10931,0,0,0,0,55.204,2461.2,-43848,2.4142e+05,19952,-21.355,-3.794,-1.0169,76.465
0.5443,0.027174,0.087477,-0.9958,-1.2009,0.3,0.10927,0,0,0,0,55.073,2484.7,-44996,2.4175e+05,19946,-21.416,-3.8982,-1.0571,76.608
0.5504,0.028337,0.088274,-0.99569,-1.2024,0.3,0.10923,0,0,0,0,54.851,2512.5,-46294,2.4207e+05,20084,-21.479,-4.0152,-1.1062,76.761
0.55982,0.031325,0.090345,-0.99542,-1.2039,0.3,0.10919,0,0,0,0,54.533,2555.5,-47437,2.42e+05,20434,-21.486,-4.1139,-1.1499,76.81
0.57129,0.033937,0.092232,-0.99516,-1.2054,0.3,0.10914,0,0,0,0,54.184,2607.9,-48265,2.4142e+05,20712,-21.413,-4.179,-1.1842,76.711
0.58202,0.034729,0.092847,-0.99507,-1.2069,0.3,0.10909,0,0,0,0,53.826,2656.8,-49048,2.4073e+05,20743,-21.32,-4.2387,-1.2201,76.575
0.59225,0.035388,0.092422,-0.99509,-1.2084,0.3,0.10903,0,0,0,0,53.401,2703.5,-49943,2.4021e+05,20521,-21.25,-4.3105,-1.2652,76.485
0.60566,0.038938,0.090811,-0.99511,-1.2099,0.3,0.10898,0,0,0,0,52.853,2764.8,-51110,2.395e+05,19805,-21.15,-4.4051,-1.3108,76.351
0.62188,0.042995,0.08894,-0.99511,-1.2114,0.3,0.10892,0,0,0,0,52.235,2838.8,-52795,2.3813e+05,18920,-20.958,-4.5385,-1.3522,76.073
0.6368,0.044131,0.088225,-0.99512,-1.2129,0.3,0.10885,0,0,0,0,51.607,2906.9,-54696,2.3645e+05,18465,-20.731,-4.6861,-1.3942,75.743
0.64997,0.044131,0.088225,-0.99512,-1.2143,0.3,0.10879,0,0,0,0,50.887,2967.1,-56700,2.3496e+05,18272,-20.539,-4.8434,-1.452,75.485
0.66726,0.047316,0.088109,-0.99499,-1.2159,0.3,0.10872,0,0,0,0,50,3046,-58781,2.3333e+05,17780,-20.325,-5.005,-1.5214,75.197
0.68875,0.056391,0.085428,-0.99475,-1.2173,0.3,0.10864,0,0,0,0,49.025,3144.1,-60665,2.3082e+05,16664,-19.98,-5.1375,-1.5772,74.667
0.71441,0.060381,0.083496,-0.99467,-1.2185,0.3,0.10858,0,0,0,0,48.057,3261.2,-63016,2.2747e+05,14921,-19.517,-5.3,-1.6117,73.927
0.72453,0.066987,0.080651,-0.99449,-1.2189,0.3,0.10855,0,0,0,0,47.75,3307.4,-63895,2.2628e+05,14335,-19.354,-5.3611,-1.6183,73.663
0.73389,0.068105,0.080692,-0.9944,-1.2193,0.3,0.10852,0,0,0,0,47.463,3350.1,-64976,2.2483e+05,13926,-19.147,-5.4291,-1.6137,73.273
0.74218,0.069083,0.08026,-0.99437,-1.2197,0.3,0.10849,0,0,0,0,47.185,3388,-66048,2.235e+05,13541,-18.953,-5.4968,-1.6162,72.901
0.75767,0.073069,0.078497,-0.99423,-1.2205,0.3,0.10843,0,0,0,0,46.656,3458.7,-67900,2.2113e+05,12557,-18.62,-5.6209,-1.6258,72.319
0.78692,0.073626,0.078147,-0.99422,-1.222,0.3,0.10832,0,0,0,0,45.706,3592.2,-72826,2.1748e+05,11613,-17.921,-5.9077,-1.6396,70.485
0.8254,0.080558,0.076465,-0.99381,-1.2234,0.3,0.10822,0,0,0,0,44.847,3767.9,-80531,2.1846e+05,10068,-17.216,-6.2554,-1.6464,66.852
0.8787,0.09692,0.070527,-0.99278,-1.2249,0.3,0.10809,0,0,0,0,44.238,4011.2,-96046,2.2953e+05,6296.7,-16.376,-6.7576,-1.6286,59.522
0.93912,0.13384,0.054619,-0.98948,-1.2263,0.3,0.10793,0,0,0,0,44.097,4287,-1.2953e+05,2.5657e+05,-1540.2,-15.339,-7.6236,-1.5588,48.237
0.96471,0.13501,0.049973,-0.98956,-1.2268,0.3,0.10787,0,0,0,0,44.166,4403.8,-1.4955e+05,2.579e+05,-6980.3,-14.56,-8.085,-1.3538,44.655
1.0075,0.12874,0.045585,-0.99057,-1.2276,0.3,0.10777,0,0,0,0,44.237,4599.3,-1.8071e+05,2.7314e+05,-14175,-13.491,-8.7629,-1.2052,37.102
1.0165,0.16937,0.037449,-0.98483,-1.2277,0.3,0.10775,0,0,0,0,44.223,4640.3,-1.8715e+05,2.7653e+05,-16245,-13.259,-8.8737,-1.2142,35.773
1.069,0.17576,0.032107,-0.9839,-1.2284,0.3,0.10763,0,0,0,0,44.347,4879.9,-2.2213e+05,2.5315e+05,-25006,-11.162,-9.5214,-0.56866,30.979
1.1227,0.21746,0.0058568,-0.97601,-1.2291,0.3,0.1075,0,0,0,0,45.214,5124.8,-2.6894e+05,1.9642e+05,-37336,-8.7894,-10.599,0.97396,28.283
1.0067,0.36523,-0.073459,-0.92617,-1.2303,0.3,0.1072,0,0,0,0,50.798,4595.3,-3.7552e+05,-12001,-1.1476e+05,-2.0785,-17.045,8.8997,31.23
0.6715,0.53387,-0.16842,-0.82673,-1.231,0.3,0.10682,0,0,0,0,58.884,3065.3,-5.0601e+05,-2.9843e+05,-2.4071e+05,6.0092,-28.957,24.251,41.793
0.26468,0.63373,-0.2227,-0.74048,-1.2313,0.3,0.1066,0,0,0,0,65.253,1208.3,-6.0415e+05,-5.2416e+05,-3.5277e+05,11.807,-41.33,42.821,53.845
-0.053294,0.036251,0.041178,-0.99849,-1.0122,0.3,0.13006,0,0,0,0,62.864,-243.28,-41212,2.4716e+05,8399.4,-21.569,-3.497,-2.7026,75.842
-0.10622,0.03837,0.039687,-0.99847,-1.0137,0.3,0.13,0,0,0,0,63.998,-484.91,-40395,2.6984e+05,8750.4,-23.466,-3.4065,-3.3263,75.807
-0.013877,0.03625,0.041179,-0.99849,-1.0107,0.3,0.13011,0,0,0,0,61.243,-63.347,-42079,2.36e+05,7887.5,-20.312,-3.5377,-2.2976,74.506
-0.1487,0.057619,0.034269,-0.99774,-1.0152,0.3,0.12995,0,0,0,0,64.719,-678.79,-42119,3.1606e+05,7246.2,-25.712,-3.3832,-4.2793,71.199
0.013304,0.036251,0.041179,-0.99849,-1.0092,0.3,0.13017,0,0,0,0,59.464,60.732,-42679,2.2927e+05,7584.4,-19.424,-3.5432,-2.0106,73.053
-0.19094,0.074815,0.030295,-0.99673,-1.0166,0.3,0.12984,0,0,0,0,67.519,-871.6,-51160,3.9693e+05,4028.2,-27.237,-3.6376,-6.1423,59.948
0.033532,0.036249,0.041179,-0.99849,-1.0077,0.3,0.13022,0,0,0,0,57.698,153.07,-43023,2.2426e+05,7375,-18.735,-3.53,-1.7926,71.784
-0.23999,0.094113,0.019233,-0.99534,-1.017,0.3,0.1298,0,0,0,0,69.597,-1095.5,-53577,4.3273e+05,2909.8,-28.083,-3.6129,-7.683,56.743
0.04937,0.036249,0.04118,-0.99849,-1.0062,0.3,0.13028,0,0,0,0,56.033,225.37,-43148,2.2021e+05,7219.2,-18.178,-3.5041,-1.6211,70.722
-0.31231,0.095585,0.018634,-0.99522,-1.0178,0.3,0.12973,0,0,0,0,74.294,-1425.7,-61163,4.911e+05,364.89,-28.531,-3.6911,-10.449,49.175
0.06212,0.036289,0.041214,-0.99849,-1.0047,0.3,0.13033,0,0,0,0,54.515,283.57,-43071,2.1682e+05,7101.6,-17.716,-3.4668,-1.4837,69.826
-0.33296,0.13415,0.0097332,-0.99091,-1.0179,0.3,0.12972,0,0,0,0,74.776,-1519.9,-54580,5.0332e+05,640.98,-28.968,-3.1882,-11.222,48.656
0.072877,0.037062,0.041414,-0.99845,-1.0032,0.3,0.13038,0,0,0,0,53.174,332.68,-42819,2.1415e+05,7023.7,-17.353,-3.4217,-1.3706,69.11
-0.49771,0.15094,0.0028644,-0.98852,-1.0191,0.3,0.12956,0,0,0,0,76.134,-2272,-48218,5.9843e+05,-2806.2,-33.774,-2.6432,-17.222,47.654
0.08048,0.036667,0.042413,-0.99843,-1.0018,0.3,0.13044,0,0,0,0,52.035,367.38,-42415,2.123e+05,7229,-17.104,-3.3717,-1.2711,68.605
-0.65458,0.20796,-0.017798,-0.9779,-1.0198,0.3,0.12944,0,0,0,0,69.532,-2988.1,-31517,7.4961e+05,-18100,-40.787,-2.2382,-25.074,48.12
0.084844,0.032278,0.04407,-0.99851,-1.0003,0.3,0.13049,0,0,0,0,51.068,387.3,-42197,2.1065e+05,7753.4,-16.887,-3.3378,-1.1861,68.164
-0.48104,0.52359,-0.10238,-0.84443,-1.0205,0.3,0.12925,0,0,0,0,56.463,-2195.9,-4961,7.6709e+05,-51971,-42.019,-2.2896,-27.856,53.078
0.092262,0.028888,0.045025,-0.99857,-0.99876,0.3,0.13054,0,0,0,0,50.186,421.17,-42300,2.0834e+05,8019.6,-16.586,-3.324,-1.0994,67.562
-0.30852,0.54431,-0.15849,-0.82125,-1.0209,0.3,0.129,0,0,0,0,51.051,-1408.4,8028.4,7.1019e+05,-66330,-40.864,-2.2844,-26.48,57.479
0.10277,0.028758,0.045153,-0.99857,-0.99727,0.3,0.13058,0,0,0,0,49.357,469.11,-42330,2.0589e+05,7953.4,-16.264,-3.3036,-1.0136,66.912
-0.19381,0.56838,-0.17309,-0.80369,-1.0211,0.3,0.12892,0,0,0,0,47.128,-884.72,15439,7.2359e+05,-82648,-40.568,-2.632,-26.493,57.732
0.11131,0.02876,0.045153,-0.99857,-0.99577,0.3,0.13062,0,0,0,0,48.612,508.11,-42156,2.0402e+05,7888.4,-16.018,-3.2722,-0.94702,66.403
-0.13054,0.62671,-0.17414,-0.75673,-1.0212,0.3,0.12881,0,0,0,0,46.627,-595.88,18483,7.23e+05,-90801,-39.944,-2.9517,-26.34,58.012
0.11815,0.028758,0.045153,-0.99857,-0.99427,0.3,0.13067,0,0,0,0,47.96,539.32,-41866,2.0255e+05,7848.9,-15.823,-3.2355,-0.89181,65.995
-0.16005,0.70862,-0.19731,-0.67679,-1.0212,0.3,0.12879,0,0,0,0,47.929,-730.59,24246,6.2758e+05,-77649,-38.199,-2.584,-26.102,65.023
0.12419,0.028756,0.045154,-0.99857,-0.99278,0.3,0.13071,0,0,0,0,47.394,566.93,-41507,2.0131e+05,7822,-15.661,-3.1956,-0.84502,65.648
0.1297,0.02876,0.045156,-0.99857,-0.99128,0.3,0.13075,0,0,0,0,46.905,592.09,-41092,2.0027e+05,7802.5,-15.522,-3.1532,-0.80497,65.349
0.13471,0.028758,0.045156,-0.99857,-0.98979,0.3,0.1308,0,0,0,0,46.486,614.95,-40639,1.9939e+05,7786.7,-15.405,-3.1095,-0.77107,65.09
0.13931,0.028757,0.045154,-0.99857,-0.9883,0.3,0.13084,0,0,0,0,46.122,635.93,-40175,1.9857e+05,7774.4,-15.296,-3.0654,-0.74379,64.848
0.14414,0.02876,0.045153,-0.99857,-0.98682,0.3,0.13088,0,0,0,0,45.791,657.98,-39576,1.9775e+05,7759.7,-15.185,-3.0107,-0.71896,64.595
0.14894,0.028759,0.045154,-0.99857,-0.98537,0.3,0.13092,0,0,0,0,45.479,679.89,-38826,1.9693e+05,7755,-15.072,-2.944,-0.6992,64.333
0.15303,0.028757,0.045154,-0.99857,-0.98393,0.3,0.13096,0,0,0,0,45.186,698.59,-38066,1.9596e+05,7790.7,-14.941,-2.8752,-0.68668,64.033
0.15549,0.030198,0.045997,-0.99848,-0.98316,0.3,0.13099,0,0,0,0,45.049,709.81,-37706,1.9545e+05,7830.6,-14.873,-2.8422,-0.68029,63.878
0.15737,0.031171,0.046302,-0.99844,-0.98274,0.3,0.131,0,0,0,0,44.965,718.38,-37468,1.9516e+05,7879,-14.834,-2.8209,-0.67275,63.788
0.15919,0.032165,0.046807,-0.99839,-0.98234,0.3,0.13101,0,0,0,0,44.894,726.7,-37352,1.95e+05,7944.3,-14.813,-2.8103,-0.66791,63.739
0.16099,0.032801,0.047167,-0.99835,-0.98189,0.3,0.13103,0,0,0,0,44.82,734.9,-37158,1.9468e+05,8002.7,-14.771,-2.7919,-0.66421,63.643
0.16495,0.033718,0.048064,-0.99827,-0.98075,0.3,0.13106,0,0,0,0,44.648,752.97,-36998,1.943e+05,7994.7,-14.721,-2.7755,-0.65717,63.529
0.1685,0.038207,0.046695,-0.99818,-0.97929,0.3,0.13111,0,0,0,0,44.514,769.21,-36572,1.9442e+05,7703.7,-14.732,-2.744,-0.65002,63.539
0.17057,0.041528,0.045494,-0.9981,-0.97775,0.3,0.13118,0,0,0,0,44.547,778.66,-35949,1.9533e+05,7357.6,-14.842,-2.7052,-0.65821,63.754
0.16926,0.04213,0.045074,-0.99809,-0.97626,0.3,0.13124,0,0,0,0,44.64,772.66,-35182,1.9638e+05,7321.8,-14.967,-2.6553,-0.68138,64.001
0.16796,0.04213,0.045075,-0.99809,-0.97478,0.3,0.1313,0,0,0,0,44.766,766.74,-34498,1.9723e+05,7396.5,-15.068,-2.6095,-0.69659,64.2
0.16747,0.042131,0.045075,-0.99809,-0.97328,0.3,0.13137,0,0,0,0,44.911,764.5,-33866,1.9789e+05,7458,-15.147,-2.5657,-0.70708,64.349
0.16736,0.04213,0.045075,-0.99809,-0.97179,0.3,0.13143,0,0,0,0,45.064,763.97,-33244,1.9846e+05,7513.5,-15.214,-2.5218,-0.71528,64.475
0.1674,0.04213,0.045077,-0.99809,-0.97029,0.3,0.13149,0,0,0,0,45.22,764.15,-32621,1.9898e+05,7565.5,-15.275,-2.4772,-0.72191,64.587
0.16757,0.042132,0.045076,-0.99809,-0.96879,0.3,0.13156,0,0,0,0,45.375,764.96,-31997,1.9946e+05,7614.7,-15.331,-2.432,-0.72732,64.687
0.16788,0.04213,0.045075,-0.99809,-0.9673,0.3,0.13162,0,0,0,0,45.525,766.35,-31372,1.9989e+05,7661.7,-15.382,-2.3864,-0.73172,64.777
0.16829,0.042131,0.045075,-0.99809,-0.9658,0.3,0.13168,0,0,0,0,45.668,768.25,-30745,2.0029e+05,7706.3,-15.428,-2.3402,-0.73529,64.857
0.16881,0.04213,0.045074,-0.99809,-0.96431,0.3,0.13175,0,0,0,0,45.802,770.6,-30113,2.0064e+05,7747.5,-15.469,-2.2933,-0.73814,64.927
0.16943,0.04213,0.045073,-0.9981,-0.96281,0.3,0.13181,0,0,0,0,45.925,773.44,-29473,2.0096e+05,7782.6,-15.504,-2.2454,-0.74033,64.985
0.17019,0.042131,0.045074,-0.99809,-0.96132,0.3,0.13187,0,0,0,0,46.036,776.9,-28816,2.0122e+05,7807.8,-15.533,-2.1959,-0.74202,65.027
0.17116,0.042149,0.045096,-0.99809,-0.95982,0.3,0.13194,0,0,0,0,46.131,781.33,-28121,2.014e+05,7827.7,-15.55,-2.1427,-0.74402,65.044
0.17258,0.04267,0.045541,-0.99805,-0.95833,0.3,0.132,0,0,0,0,46.209,787.79,-27360,2.0146e+05,7930.1,-15.553,-2.0837,-0.74796,65.032
0.17445,0.044563,0.047144,-0.99789,-0.95684,0.3,0.13206,0,0,0,0,46.29,796.35,-26654,2.0157e+05,8265.1,-15.564,-2.0286,-0.75336,65.037
0.17577,0.047181,0.049407,-0.99766,-0.95534,0.3,0.13213,0,0,0,0,46.401,802.35,-26222,2.0195e+05,8739.4,-15.615,-1.9962,-0.75906,65.129
0.17556,0.04886,0.050666,-0.99752,-0.95385,0.3,0.1322,0,0,0,0,46.527,801.4,-26127,2.0249e+05,9008.9,-15.686,-1.9908,-0.77959,65.274
0.1754,0.051318,0.05021,-0.99742,-0.95238,0.3,0.13228,0,0,0,0,46.684,800.67,-26128,2.0312e+05,8870.3,-15.768,-1.9942,-0.80854,65.444
0.17492,0.054114,0.049173,-0.99732,-0.95093,0.3,0.13235,0,0,0,0,46.896,798.49,-25796,2.0413e+05,8603.9,-15.895,-1.9741,-0.83928,65.703
0.17247,0.055455,0.048588,-0.99728,-0.94951,0.3,0.13243,0,0,0,0,47.128,787.32,-25190,2.0531e+05,8556.4,-16.043,-1.9322,-0.86831,66.001
0.17096,0.055456,0.04859,-0.99728,-0.94877,0.3,0.13247,0,0,0,0,47.244,780.4,-24909,2.0581e+05,8593.3,-16.106,-1.9123,-0.87673,66.128
0.17013,0.055458,0.048591,-0.99728,-0.94836,0.3,0.1325,0,0,0,0,47.312,776.61,-24712,2.0611e+05,8616.8,-16.144,-1.8985,-0.8813,66.204
0.16931,0.055454,0.048592,-0.99728,-0.94795,0.3,0.13252,0,0,0,0,47.399,772.86,-24490,2.0648e+05,8651.9,-16.19,-1.8832,-0.88889,66.295
0.16849,0.055455,0.04859,-0.99728,-0.94751,0.3,0.13254,0,0,0,0,47.477,769.15,-24345,2.0674e+05,8680.1,-16.224,-1.873,-0.89227,66.362
0.16689,0.055457,0.048589,-0.99728,-0.94629,0.3,0.13261,0,0,0,0,47.712,761.86,-23789,2.0754e+05,8755.9,-16.326,-1.8333,-0.90849,66.56
0.16529,0.055455,0.04859,-0.99728,-0.94478,0.3,0.1327,0,0,0,0,47.979,754.55,-23167,2.084e+05,8827.7,-16.436,-1.7882,-0.92489,66.773
0.16384,0.055456,0.048592,-0.99728,-0.94331,0.3,0.13278,0,0,0,0,48.229,747.91,-22568,2.0922e+05,8890.4,-16.54,-1.7445,-0.93913,66.975
0.16228,0.055458,0.048592,-0.99728,-0.94183,0.3,0.13286,0,0,0,0,48.465,740.79,-22016,2.1003e+05,8955.4,-16.644,-1.7044,-0.95219,67.176
0.16063,0.055459,0.04859,-0.99728,-0.94033,0.3,0.13294,0,0,0,0,48.691,733.27,-21487,2.1082e+05,9020.7,-16.747,-1.6658,-0.96381,67.373
0.15895,0.055457,0.04859,-0.99728,-0.93884,0.3,0.13303,0,0,0,0,48.906,725.61,-20972,2.1158e+05,9085.6,-16.846,-1.6281,-0.97423,67.563
0.15727,0.055457,0.048591,-0.99728,-0.93735,0.3,0.13311,0,0,0,0,49.113,717.91,-20459,2.1231e+05,9149.4,-16.941,-1.5902,-0.98349,67.746
0.15559,0.055456,0.048591,-0.99728,-0.93585,0.3,0.13319,0,0,0,0,49.31,710.27,-19939,2.1301e+05,9211.9,-17.032,-1.5515,-0.9917,67.919
0.15395,0.055456,0.048591,-0.99728,-0.93436,0.3,0.13328,0,0,0,0,49.499,702.75,-19408,2.1367e+05,9272.3,-17.119,-1.5116,-0.99893,68.083
0.15234,0.055457,0.048592,-0.99728,-0.93287,0.3,0.13336,0,0,0,0,49.679,695.4,-18860,2.1429e+05,9328.6,-17.2,-1.4701,-1.0053,68.236
0.15078,0.055455,0.048593,-0.99728,-0.93137,0.3,0.13344,0,0,0,0,49.848,688.28,-18290,2.1487e+05,9377.8,-17.275,-1.4265,-1.0107,68.376
0.14929,0.055458,0.048591,-0.99728,-0.92988,0.3,0.13352,0,0,0,0,50.005,681.49,-17682,2.1539e+05,9418.2,-17.343,-1.3796,-1.0157,68.499
0.14794,0.055592,0.048724,-0.99726,-0.92839,0.3,0.13361,0,0,0,0,50.146,675.34,-17010,2.1583e+05,9482.6,-17.399,-1.3271,-1.0212,68.598
0.14688,0.056359,0.049546,-0.99718,-0.9269,0.3,0.13369,0,0,0,0,50.273,670.47,-16281,2.162e+05,9702,-17.447,-1.2693,-1.029,68.68
0.14599,0.058321,0.051721,-0.99695,-0.92543,0.3,0.13377,0,0,0,0,50.408,666.42,-15609,2.1663e+05,10235,-17.508,-1.2149,-1.0424,68.79
0.14451,0.060945,0.054603,-0.99665,-0.924,0.3,0.13386,0,0,0,0,50.582,659.66,-15171,2.1737e+05,10967,-17.612,-1.1785,-1.0644,68.992
0.14158,0.063453,0.05718,-0.99635,-0.92263,0.3,0.13395,0,0,0,0,50.809,646.29,-14986,2.1846e+05,11480,-17.763,-1.164,-1.0889,69.288
0.13945,0.063455,0.057179,-0.99635,-0.92192,0.3,0.13399,0,0,0,0,50.951,636.56,-14857,2.1903e+05,11509,-17.841,-1.1551,-1.0978,69.442
0.13641,0.063403,0.057195,-0.99635,-0.92065,0.3,0.13407,0,0,0,0,51.114,622.69,-14733,2.1976e+05,11737,-17.942,-1.1462,-1.1094,69.641
0.13204,0.060808,0.058296,-0.99645,-0.91927,0.3,0.13416,0,0,0,0,51.352,602.74,-14510,2.2055e+05,11980,-18.051,-1.1293,-1.1187,69.855
0.12965,0.059692,0.058777,-0.99648,-0.91784,0.3,0.13424,0,0,0,0,51.56,591.86,-14358,2.2104e+05,12134,-18.121,-1.1173,-1.1216,69.988
0.1282,0.059625,0.058839,-0.99649,-0.91637,0.3,0.13433,0,0,0,0,51.749,585.2,-14160,2.2151e+05,12178,-18.186,-1.1021,-1.1241,70.11
0.12631,0.059624,0.058838,-0.99649,-0.91488,0.3,0.13442,0,0,0,0,51.927,576.6,-13888,2.2206e+05,12217,-18.262,-1.0809,-1.1296,70.253
0.12406,0.059624,0.05884,-0.99649,-0.91338,0.3,0.13451,0,0,0,0,52.097,566.33,-13568,2.2266e+05,12266,-18.344,-1.056,-1.1356,70.406
0.12168,0.059627,0.058841,-0.99648,-0.91189,0.3,0.1346,0,0,0,0,52.264,555.44,-13228,2.2327e+05,12319,-18.427,-1.0295,-1.1414,70.563
0.11919,0.059627,0.058841,-0.99648,-0.91039,0.3,0.13469,0,0,0,0,52.43,544.08,-12870,2.2389e+05,12372,-18.513,-1.0013,-1.147,70.722
0.11659,0.059625,0.058841,-0.99649,-0.9089,0.3,0.13478,0,0,0,0,52.596,532.22,-12494,2.2452e+05,12424,-18.599,-0.97173,-1.1522,70.883
0.11389,0.059625,0.05884,-0.99649,-0.90741,0.3,0.13487,0,0,0,0,52.764,519.88,-12099,2.2516e+05,12475,-18.688,-0.94058,-1.1571,71.046
0.11107,0.059625,0.058842,-0.99649,-0.90592,0.3,0.13496,0,0,0,0,52.935,507.03,-11684,2.2581e+05,12527,-18.777,-0.9077,-1.1618,71.212
0.10812,0.059627,0.058843,-0.99648,-0.90443,0.3,0.13505,0,0,0,0,53.108,493.54,-11265,2.2646e+05,12578,-18.867,-0.87437,-1.1667,71.378
0.1051,0.059694,0.058911,-0.99648,-0.90294,0.3,0.13514,0,0,0,0,53.282,479.78,-10830,2.2709e+05,12646,-18.956,-0.83961,-1.1718,71.539
0.1021,0.059877,0.059226,-0.99645,-0.90146,0.3,0.13522,0,0,0,0,53.454,466.06,-10361,2.2771e+05,12780,-19.042,-0.8015,-1.1783,71.698
0.098912,0.059893,0.059299,-0.99644,-0.90002,0.3,0.13531,0,0,0,0,53.626,451.52,-9877,2.2827e+05,13043,-19.122,-0.76104,-1.1869,71.843
0.095745,0.059629,0.058841,-0.99648,-0.8986,0.3,0.1354,0,0,0,0,53.788,437.06,-9346.1,2.2867e+05,13302,-19.179,-0.71624,-1.1904,71.947
0.094013,0.060241,0.060829,-0.99633,-0.89785,0.3,0.13544,0,0,0,0,53.872,429.16,-9051.8,2.2887e+05,13360,-19.207,-0.6918,-1.1895,71.997
0.092357,0.060584,0.061209,-0.99628,-0.89684,0.3,0.1355,0,0,0,0,53.997,421.6,-8604.3,2.2915e+05,13690,-19.249,-0.65397,-1.1844,72.069
0.091977,0.063022,0.066718,-0.99578,-0.89658,0.3,0.13552,0,0,0,0,54.032,419.86,-8514.3,2.2925e+05,13820,-19.264,-0.64608,-1.1844,72.097
0.089771,0.062238,0.066191,-0.99586,-0.89538,0.3,0.13559,0,0,0,0,54.223,409.8,-8109.9,2.2989e+05,14464,-19.36,-0.61024,-1.1929,72.274
0.086584,0.062357,0.066626,-0.99582,-0.89387,0.3,0.13569,0,0,0,0,54.444,395.25,-7609.7,2.3066e+05,14913,-19.474,-0.56717,-1.2018,72.483
0.082891,0.063006,0.068218,-0.99568,-0.8924,0.3,0.13578,0,0,0,0,54.677,378.39,-7152.8,2.3158e+05,15382,-19.608,-0.52742,-1.2124,72.733
0.07837,0.063188,0.069466,-0.99558,-0.89091,0.3,0.13587,0,0,0,0,54.929,357.75,-6729.2,2.3261e+05,15782,-19.76,-0.49065,-1.2246,73.014
0.073657,0.063525,0.070203,-0.99551,-0.88942,0.3,0.13597,0,0,0,0,55.206,336.24,-6322.3,2.3376e+05,16053,-19.928,-0.45583,-1.2364,73.326
0.068286,0.063725,0.070401,-0.99548,-0.88793,0.3,0.13607,0,0,0,0,55.514,311.72,-5871.7,2.351e+05,16187,-20.124,-0.4181,-1.2478,73.689
0.062061,0.063462,0.070664,-0.99548,-0.88644,0.3,0.13616,0,0,0,0,55.87,283.3,-5302.4,2.3675e+05,16365,-20.366,-0.37068,-1.2555,74.135
0.05396,0.060059,0.072144,-0.99558,-0.88494,0.3,0.13626,0,0,0,0,56.242,246.32,-4701.1,2.3817e+05,16889,-20.579,-0.31832,-1.2609,74.522
0.046844,0.054964,0.074364,-0.99571,-0.88345,0.3,0.13634,0,0,0,0,56.551,213.84,-4479.9,2.3854e+05,17557,-20.639,-0.29653,-1.2617,74.632
0.044432,0.052948,0.075419,-0.99575,-0.88196,0.3,0.13642,0,0,0,0,56.777,202.83,-4545.5,2.3837e+05,17824,-20.617,-0.30235,-1.2365,74.587
0.043556,0.052897,0.075472,-0.99574,-0.88047,0.3,0.1365,0,0,0,0,56.957,198.83,-4452.2,2.3843e+05,17804,-20.628,-0.29684,-1.1995,74.598
0.041339,0.052895,0.075473,-0.99574,-0.87898,0.3,0.13658,0,0,0,0,57.124,188.71,-4183.9,2.3878e+05,17809,-20.68,-0.27561,-1.1761,74.685
0.038086,0.052896,0.075472,-0.99574,-0.87749,0.3,0.13666,0,0,0,0,57.292,173.86,-3797.8,2.3928e+05,17836,-20.754,-0.24383,-1.1613,74.813
0.034596,0.052897,0.075471,-0.99574,-0.87601,0.3,0.13674,0,0,0,0,57.465,157.93,-3261.9,2.3986e+05,17892,-20.839,-0.1987,-1.1511,74.962
0.030398,0.052899,0.075471,-0.99574,-0.87456,0.3,0.13681,0,0,0,0,57.655,138.76,-2629.7,2.4052e+05,18053,-20.939,-0.14435,-1.1458,75.137
0.025536,0.0529,0.075471,-0.99574,-0.87312,0.3,0.13689,0,0,0,0,57.865,116.57,-1976.9,2.412e+05,18364,-21.043,-0.087141,-1.1416,75.322
0.02317,0.055012,0.078435,-0.9954,-0.87234,0.3,0.13693,0,0,0,0,57.986,105.77,-1616.5,2.4164e+05,18539,-21.111,-0.055365,-1.1387,75.444
0.021911,0.055737,0.078653,-0.99534,-0.87192,0.3,0.13696,0,0,0,0,58.056,100.02,-1433.1,2.4192e+05,18685,-21.154,-0.039078,-1.1352,75.522
0.020511,0.055701,0.078738,-0.99534,-0.87153,0.3,0.13698,0,0,0,0,58.134,93.631,-1295.3,2.4229e+05,18810,-21.211,-0.026668,-1.1352,75.623
0.019119,0.056851,0.080091,-0.99517,-0.87106,0.3,0.137,0,0,0,0,58.209,87.278,-1071.6,2.4256e+05,18996,-21.254,-0.0066131,-1.1322,75.701
0.01266,0.056854,0.08009,-0.99516,-0.86994,0.3,0.13707,0,0,0,0,58.536,57.792,-461.81,2.4421e+05,19315,-21.504,0.04774,-1.1319,76.148
0.0041747,0.056199,0.080731,-0.99515,-0.86848,0.3,0.13715,0,0,0,0,58.979,19.057,354.41,2.465e+05,19799,-21.854,0.1211,-1.1329,76.771
-0.008333,0.050713,0.083072,-0.99525,-0.86694,0.3,0.13724,0,0,0,0,59.482,-38.039,1224.7,2.4848e+05,20715,-22.164,0.20227,-1.1335,77.32
-0.018663,0.042844,0.086589,-0.99532,-0.86546,0.3,0.13731,0,0,0,0,59.904,-85.195,1492.1,2.4885e+05,21727,-22.234,0.23067,-1.1312,77.442
-0.021063,0.039964,0.088216,-0.9953,-0.86397,0.3,0.13737,0,0,0,0,60.205,-96.15,1315,2.4841e+05,22098,-22.172,0.21247,-1.085,77.326
-0.021259,0.039891,0.088289,-0.9953,-0.86248,0.3,0.13743,0,0,0,0,60.427,-97.045,1350.4,2.4827e+05,22069,-22.153,0.21018,-1.0191,77.282
-0.02361,0.039894,0.088289,-0.9953,-0.86098,0.3,0.13749,0,0,0,0,60.622,-107.78,1661.7,2.486e+05,22079,-22.203,0.23465,-0.97489,77.36
-0.027741,0.039893,0.088288,-0.9953,-0.85949,0.3,0.13755,0,0,0,0,60.822,-126.63,2162,2.4926e+05,22137,-22.304,0.27703,-0.94288,77.531
-0.033015,0.039973,0.088371,-0.99529,-0.85799,0.3,0.13761,0,0,0,0,61.043,-150.71,2806.6,2.5015e+05,22251,-22.442,0.33327,-0.91865,77.767
-0.039198,0.040402,0.088827,-0.99523,-0.8565,0.3,0.13767,0,0,0,0,61.3,-178.93,3573.7,2.5128e+05,22503,-22.619,0.40188,-0.90038,78.073
-0.046507,0.041347,0.089887,-0.99509,-0.855,0.3,0.13773,0,0,0,0,61.607,-212.3,4409.3,2.5277e+05,22961,-22.855,0.47873,-0.88831,78.482
-0.055586,0.042505,0.091187,-0.99493,-0.85351,0.3,0.13779,0,0,0,0,61.99,-253.75,5268.3,2.5479e+05,23522,-23.176,0.56005,-0.88222,79.039
-0.067201,0.043278,0.092015,-0.99482,-0.85201,0.3,0.13785,0,0,0,0,62.483,-306.77,6213.7,2.5764e+05,23997,-23.63,0.65138,-0.87467,79.819
-0.083566,0.040183,0.094306,-0.99473,-0.85052,0.3,0.13792,0,0,0,0,63.134,-381.47,7625.7,2.6124e+05,24969,-24.212,0.78726,-0.84999,80.808
-0.10438,0.028188,0.099807,-0.9946,-0.84902,0.3,0.13798,0,0,0,0,63.847,-476.48,8636.4,2.6314e+05,26652,-24.54,0.89013,-0.85954,81.366
-0.11526,0.017587,0.1046,-0.99436,-0.84753,0.3,0.138,0,0,0,0,64.421,-526.13,8416.8,2.6259e+05,27851,-24.469,0.86629,-0.81416,81.244
-0.11303,0.015679,0.10598,-0.99424,-0.84603,0.3,0.13803,0,0,0,0,64.802,-515.96,7955.5,2.616e+05,28062,-24.311,0.80739,-0.6786,80.967
-0.1113,0.015678,0.10598,-0.99424,-0.84453,0.3,0.13805,0,0,0,0,65.064,-508.08,7942.3,2.6114e+05,27964,-24.24,0.79584,-0.5721,80.833
-0.11388,0.015681,0.10598,-0.99424,-0.84303,0.3,0.13808,0,0,0,0,65.287,-519.86,8313.5,2.6143e+05,27978,-24.288,0.82354,-0.49385,80.904
-0.1193,0.015703,0.10601,-0.99424,-0.84154,0.3,0.1381,0,0,0,0,65.518,-544.61,8922,2.6223e+05,28070,-24.419,0.87588,-0.43324,81.119
-0.12657,0.015998,0.10628,-0.99421,-0.84004,0.3,0.13812,0,0,0,0,65.789,-577.76,9739.1,2.6347e+05,28287,-24.621,0.9501,-0.3844,81.455
-0.13578,0.016853,0.10708,-0.99411,-0.83855,0.3,0.13815,0,0,0,0,66.124,-619.83,10686,2.6519e+05,28712,-24.906,1.0398,-0.34627,81.933
-0.14752,0.017862,0.10803,-0.99399,-0.83706,0.3,0.13817,0,0,0,0,66.535,-673.42,11711,2.6752e+05,29242,-25.292,1.1397,-0.31373,82.579
-0.16265,0.018186,0.1089,-0.99389,-0.83556,0.3,0.1382,0,0,0,0,67.089,-742.48,13062,2.7112e+05,29834,-25.88,1.2701,-0.26656,83.553
-0.18644,0.010753,0.11279,-0.99355,-0.83405,0.3,0.13823,0,0,0,0,67.868,-851.07,14920,2.7507e+05,31283,-26.531,1.4482,-0.20424,84.632
-0.21118,-0.004731,0.12022,-0.99273,-0.83255,0.3,0.13824,0,0,0,0,68.724,-964.04,15991,2.7658e+05,33448,-26.803,1.549,-0.16528,85.06
-0.21892,-0.014019,0.12485,-0.99208,-0.83105,0.3,0.13821,0,0,0,0,69.413,-999.34,15748,2.7625e+05,34642,-26.697,1.503,-0.050302,84.74
-0.21666,-0.014884,0.1256,-0.99197,-0.82956,0.3,0.13819,0,0,0,0,69.955,-989.02,15813,2.7798e+05,35021,-26.659,1.47,0.15064,83.994
-0.22124,-0.014654,0.12645,-0.99186,-0.82806,0.3,0.13817,0,0,0,0,70.601,-1009.9,17382,2.8719e+05,36467,-27.066,1.5561,0.35181,82.337
-0.24191,-0.023847,0.13105,-0.99108,-0.82657,0.3,0.13815,0,0,0,0,71.625,-1104.3,20629,3.1179e+05,41219,-27.992,1.7385,0.55818,77.912
-0.26254,-0.038013,0.13756,-0.98975,-0.8251,0.3,0.1381,0,0,0,0,73.273,-1198.5,25050,3.6724e+05,51396,-29.309,1.866,0.7345,68.257
-0.25273,-0.046915,0.14267,-0.98866,-0.8237,0.3,0.13803,0,0,0,0,75.74,-1153.7,30474,4.5823e+05,65083,-30.766,1.8874,0.9501,55.264
-0.24576,-0.04691,0.14267,-0.98866,-0.8233,0.3,0.13801,0,0,0,0,76.474,-1121.9,32003,4.8455e+05,68551,-31.112,1.8906,1.0128,51.932
-0.23498,-0.046921,0.14267,-0.98866,-0.82267,0.3,0.13798,0,0,0,0,77.754,-1072.6,34982,5.2216e+05,73216,-31.602,1.949,1.115,47.758
-0.23143,-0.046932,0.14268,-0.98866,-0.82231,0.3,0.13796,0,0,0,0,78.452,-1056.5,36824,5.3264e+05,74330,-31.766,2.0353,1.0708,46.769
-0.23153,-0.046935,0.14268,-0.98866,-0.82212,0.3,0.13796,0,0,0,0,78.797,-1056.9,38048,5.3684e+05,74636,-31.818,2.0944,1.0662,46.4
-0.23048,-0.046785,0.14271,-0.98866,-0.82129,0.3,0.13792,0,0,0,0,80.426,-1052.1,43561,5.7238e+05,77459,-32.4,2.3516,1.0393,43.666
-0.23904,-0.046733,0.14273,-0.98866,-0.8205,0.3,0.13788,0,0,0,0,82.787,-1091.2,50264,6.3971e+05,84589,-34.121,2.704,1.3734,40.291
-0.25004,-0.047066,0.14275,-0.98864,-0.81959,0.3,0.13784,0,0,0,0,84.374,-1141.4,62004,7.0849e+05,90141,-35.675,3.0563,2.0918,37.49
-0.88161,-0.053573,-0.18479,-0.98129,0.065853,0.3,0.51468,0,0,0,0,97.817,-4024.5,-67223,6.2751e+05,-1.1663e+05,-35.844,-3.6516,0.83499,46
-0.98564,-0.0050596,-0.15722,-0.9875,0.060023,0.3,0.5149,0,0,0,0,102.54,-4499.3,-1.041e+05,7.8125e+05,-1.2058e+05,-42.083,-5.7525,-1.6736,44.038
-0.75397,-0.086682,-0.20319,-0.97529,0.071798,0.3,0.51424,0,0,0,0,88.379,-3441.8,-45125,5.4692e+05,-1.1362e+05,-30.693,-2.0869,2.0179,44.439
-1.0243,0.024048,-0.14143,-0.98958,0.054345,0.3,0.51478,0,0,0,0,81.326,-4676,-1.7011e+05,1.0738e+06,-1.2882e+05,-47.979,-8.0216,-4.9437,36.661
-0.61432,-0.10404,-0.21216,-0.97168,0.077627,0.3,0.51363,0,0,0,0,78.617,-2804.3,-23726,4.9495e+05,-1.0929e+05,-26.548,-0.74548,2.4093,41.762
-1.0111,0.10346,-0.093021,-0.99013,0.04995,0.3,0.51433,0,0,0,0,39.263,-4615.4,-2.4495e+05,1.3738e+06,-1.2437e+05,-49.842,-9.5511,-9.492,28.371
-0.48241,-0.10701,-0.21372,-0.97102,0.083495,0.3,0.51297,0,0,0,0,71.626,-2202.1,-5315.6,4.7441e+05,-1.0805e+05,-24.101,0.28193,2.3999,38.212
-1.0199,0.1033,-0.091814,-0.99028,0.049459,0.3,0.51431,0,0,0,0,34.49,-4655.9,-2.5402e+05,1.415e+06,-1.2732e+05,-50.068,-9.7602,-10.004,26.436
-0.47833,-0.10188,-0.21175,-0.972,0.083815,0.3,0.51294,0,0,0,0,71.481,-2183.5,-4254.3,4.7721e+05,-1.0866e+05,-24.083,0.33971,2.3895,37.829
-1.0212,0.1835,-0.045356,-0.98195,0.049228,0.3,0.51429,0,0,0,0,33.966,-4661.9,-2.5834e+05,1.425e+06,-1.3105e+05,-50.199,-9.9239,-10.148,26.076
-0.47275,-0.10007,-0.2112,-0.9723,0.084397,0.3,0.51288,0,0,0,0,71.197,-2158,-3138.5,4.8601e+05,-1.1017e+05,-24.025,0.3883,2.366,36.654
-0.96561,0.18241,-0.046434,-0.9821,0.046084,0.3,0.51372,0,0,0,0,9.2689,-4407.9,-3.5234e+05,1.7758e+06,-1.0873e+05,-52.823,-11.417,-15.551,20.604
-0.38317,-0.09263,-0.20697,-0.97395,0.089454,0.3,0.51234,0,0,0,0,66.113,-1749.1,8961.8,4.7629e+05,-1.0615e+05,-22.755,0.9051,2.1667,35.065
-0.95662,0.24677,-0.0070024,-0.96874,0.045798,0.3,0.51367,0,0,0,0,9.2261,-4366.9,-3.5900e+05,1.8113e+06,-1.0245e+05,-53.386,-11.496,-16.099,20.394
-0.36813,-0.089383,-0.20489,-0.97465,0.090746,0.3,0.51223,0,0,0,0,66.049,-1680.5,11444,5.1507e+05,-1.1258e+05,-22.938,0.9663,2.1118,32.63
-0.79262,0.29886,0.033386,-0.95324,0.04219,0.3,0.51268,0,0,0,0,8.2741,-3618.2,-4.7994e+05,2.2407e+06,-67594,-55.77,-12.517,-21.493,16.614
-0.35418,-0.091636,-0.20298,-0.97486,0.091757,0.3,0.51215,0,0,0,0,67.123,-1616.8,15160,5.7305e+05,-1.2346e+05,-23.457,1.0439,2.1178,30.49
-0.78211,0.3034,0.036383,-0.95213,0.042022,0.3,0.51263,0,0,0,0,8.2965,-3570.3,-4.8579e+05,2.2632e+06,-65359,-55.978,-12.581,-21.781,16.439
-0.33812,-0.094324,-0.19858,-0.97551,0.093639,0.3,0.51196,0,0,0,0,65.468,-1543.5,19180,5.8289e+05,-1.2381e+05,-23.003,1.1761,1.9956,28.89
-0.77246,0.30854,0.039415,-0.95026,0.041869,0.3,0.51258,0,0,0,0,8.1627,-3526.2,-4.9313e+05,2.2877e+06,-62971,-56.042,-12.623,-22.192,16.206
-0.31348,-0.089007,-0.19901,-0.97595,0.095543,0.3,0.51175,0,0,0,0,64.293,-1431,34719,6.0939e+05,-1.3001e+05,-22.432,1.619,1.7488,24.781
-0.74425,0.31776,0.044537,-0.94638,0.041657,0.3,0.5125,0,0,0,0,8.0101,-3397.4,-5.1578e+05,2.3352e+06,-53062,-56.063,-12.768,-23.198,15.854
-0.31297,-0.069756,-0.19397,-0.97852,0.095584,0.3,0.51174,0,0,0,0,64.38,-1428.7,35038,6.1145e+05,-1.3034e+05,-22.465,1.6266,1.7475,24.738
-0.6293,0.38223,0.078564,-0.92068,0.040359,0.3,0.51202,0,0,0,0,6.1507,-2872.7,-6.0227e+05,2.582e+06,-27625,-55.348,-13.048,-28.439,13.253
-0.25688,-0.067883,-0.19267,-0.97891,0.098916,0.3,0.5115,0,0,0,0,66.87,-1172.6,44815,6.9159e+05,-1.4417e+05,-23.765,1.8917,1.622,22.62
-0.48328,0.40499,0.10212,-0.90857,0.039616,0.3,0.51169,0,0,0,0,6.4172,-2206.1,-6.7859e+05,2.8603e+06,20230,-57.035,-13.116,-33.505,12.755
-0.23378,-0.066514,-0.19161,-0.97921,0.10173,0.3,0.51131,0,0,0,0,63.792,-1067.2,44605,7.1252e+05,-1.4211e+05,-24.272,1.8524,1.5834,22.617
-0.14946,0.52262,0.18375,-0.83253,0.037472,0.3,0.51048,0,0,0,0,5.5432,-682.26,-7.44e+05,3.0243e+06,2.2899e+05,-52.521,-9.8585,-39.401,10.699
-0.21621,-0.052517,-0.18275,-0.98175,0.10373,0.3,0.51118,0,0,0,0,62.663,-986.99,40133,7.3556e+05,-1.3525e+05,-24.59,1.6257,1.5177,22.285
0.24138,0.56918,0.20613,-0.79589,0.03668,0.3,0.50989,0,0,0,0,4.9128,1101.9,-7.439e+05,3.1631e+06,4.7786e+05,-46.433,-4.2069,-44.44,8.5759
-0.20927,-0.025107,-0.16911,-0.98528,0.10441,0.3,0.51115,0,0,0,0,56.183,-955.29,43599,8.2149e+05,-1.4273e+05,-25.213,1.5916,1.2481,20.058
0.25888,0.67293,0.29674,-0.67753,0.036644,0.3,0.50986,0,0,0,0,4.8733,1181.7,-7.3812e+05,3.1503e+06,4.9167e+05,-45.968,-3.8311,-44.4,8.4707
-0.20188,-0.025107,-0.16911,-0.98528,0.10637,0.3,0.5111,0,0,0,0,52.629,-921.58,36474,9.1319e+05,-1.5349e+05,-26.447,1.2524,1.0353,18.476
0.54046,0.70901,0.331,-0.6214,0.035854,0.3,0.50904,0,0,0,0,4.1217,2467.2,-5.699e+05,2.6827e+06,7.6955e+05,-35.819,4.2208,-40.004,6.5785
-0.21935,-0.032484,-0.17334,-0.98433,0.1075,0.3,0.51107,0,0,0,0,50.693,-1001.3,35926,1.0211e+06,-1.8069e+05,-28.142,1.1725,1.0312,16.291
0.62631,0.76821,0.37552,-0.50912,0.035573,0.3,0.50864,0,0,0,0,3.7916,2859,-4.28e+05,2.2232e+06,9.2246e+05,-30.355,8.63,-33.997,5.8997
-0.22535,-0.035788,-0.17434,-0.98404,0.10787,0.3,0.51105,0,0,0,0,46.951,-1028.7,34034,1.0608e+06,-1.909e+05,-28.508,1.1185,1.0781,15.662
0.72466,0.79968,0.39935,-0.44789,0.035411,0.3,0.50839,0,0,0,0,3.3067,3308,-2.8554e+05,1.7682e+06,1.1074e+06,-24.551,13.615,-27.757,5.2135
-0.23577,-0.035782,-0.17434,-0.98404,0.10934,0.3,0.511,0,0,0,0,36.821,-1076.3,24615,1.1897e+06,-2.1968e+05,-29.874,0.85207,1.2471,13.908
0.74569,0.84602,0.42496,-0.32197,0.035354,0.3,0.50828,0,0,0,0,3.288,3404,-2.5042e+05,1.6545e+06,1.1534e+06,-23.556,14.729,-26.043,5.1237
-0.23233,-0.03298,-0.17357,-0.98427,0.11075,0.3,0.51095,0,0,0,0,30.648,-1060.6,23016,1.3326e+06,-2.3246e+05,-31.177,0.71819,1.0396,12.086
0.83881,0.84602,0.42496,-0.32197,0.035103,0.3,0.50764,0,0,0,0,3.2075,3829.1,-56606,8.6455e+05,1.3335e+06,-17.516,20.03,-13.686,4.505
-0.22623,-0.030811,-0.17159,-0.98467,0.11099,0.3,0.51094,0,0,0,0,31.387,-1032.7,23523,1.3753e+06,-2.2934e+05,-31.92,0.69986,0.92799,12.022
0.83864,0.86338,0.47338,-0.16894,0.035083,0.3,0.50742,0,0,0,0,3.2088,3828.3,-56319,7.496e+05,1.3379e+06,-16.845,20.229,-11.973,4.4357
-0.21793,-0.024765,-0.16972,-0.98518,0.11191,0.3,0.51091,0,0,0,0,20.145,-994.82,23952,1.4114e+06,-2.178e+05,-31.959,0.65392,0.71112,11.272
0.85497,0.85584,0.50619,-0.10404,0.035005,0.3,0.50686,0,0,0,0,3.207,3902.9,-19930,3.3719e+05,1.4075e+06,-14.818,21.884,-5.5048,4.2128
-0.22,-0.010883,-0.16097,-0.9869,0.11224,0.3,0.5109,0,0,0,0,12.898,-1004.3,21974,1.3803e+06,-2.087e+05,-32.074,0.57723,0.4919,11.779
-0.23063,-0.01038,-0.16049,-0.98698,0.11303,0.3,0.51089,0,0,0,0,12.263,-1052.8,8157.1,1.3494e+06,-1.9729e+05,-34.103,0.35591,1.1804,13.673
-0.26305,-0.009826,-0.15997,-0.98707,0.11379,0.3,0.51089,0,0,0,0,28.861,-1200.8,-4605.6,1.1083e+06,-1.6983e+05,-36.087,0.035903,1.4863,22.512
-0.27046,-0.0098265,-0.15998,-0.98707,0.11405,0.3,0.51088,0,0,0,0,31.306,-1234.6,-6042.9,1.0635e+06,-1.5863e+05,-36.647,-0.051209,1.3902,27.923
-0.2949,-0.0098439,-0.15998,-0.98707,0.11473,0.3,0.51088,0,0,0,0,39.922,-1346.2,-7366.2,7.528e+05,-1.1562e+05,-34.7,-0.23184,1.0656,47.053
-0.29862,-0.0098612,-0.15999,-0.98707,0.115,0.3,0.51087,0,0,0,0,37.293,-1363.2,-4423.7,8.2316e+05,-1.2302e+05,-35.79,-0.19892,0.96204,51.337
-0.33434,0.79365,0.39003,-0.46673,0.115,0.3,0.51087,0,0,0,0,37.856,-1526.2,-13264,3.1199e+05,-56983,-30.668,-0.51197,1.33,89.34
-0.63828,-1,0,0,-0.31,0.3,0.364,0,0,0,0,41.904,-2913.7,12365,-4076.6,-25206,-41.042,2.8456,-0.85863,167.77
-0.54908,-1,0,0,-0.31,0.3,0.36303,0,0,0,0,21.199,-2506.5,12820,67334,3.3756e+05,-20.02,-5.3605,0.65116,85.283
-0.46988,-1,0,0,-0.31,0.3,0.36238,0,0,0,0,0.43953,-2144.9,3779.8,1.7255e+05,5.1371e+05,0.37701,-10.056,3.1083,2.428
-0.55579,-1,0,0,-0.31,0.3,0.36173,0,0,0,0,18.671,-2537.1,-4762,94193,1.5509e+05,-21.191,-2.2575,0.58848,86.844
-0.63171,-1,0,0,-0.31,0.3,0.361,0,0,0,0,36.958,-2883.7,-3809.4,-17971,-16922,-42.135,2.0312,-2.8787,171.62
-0.71098,-0.99805,0.062378,-9.8369e-07,-0.07875,0.3,0.26498,0,0,0,0,0.15813,-3245.6,-31941,-4.8959e+05,51299,-5.5999,-0.60863,-9.252,2.534
-0.38483,-0.99805,0.062378,-1.2938e-06,-0.07875,0.3,0.26573,0,0,0,0,0.26613,-1756.7,-9796.8,-1.5032e+05,1.9978e+05,2.6885,-3.8453,-2.8006,2.3428
-1.0388,-0.99805,0.062378,8.5052e-07,-0.07875,0.3,0.26413,0,0,0,0,0.11492,-4742,-82644,-1.3913e+06,-43332,-13.159,1.5712,-26.227,3
-0.99555,-0.99805,0.062378,8.5674e-07,-0.07875,0.3,0.26644,0,0,0,0,0.27408,-4544.6,-14860,-3.4846e+05,2.1369e+05,-11.343,-3.0729,-5.9452,2.5652
-1.5969,-0.99805,0.062378,1.591e-06,-0.07875,0.3,0.26713,0,0,0,0,0.21657,-7289.5,9904.4,34069,1.712e+05,-25.984,-1.2025,1.776,2.4908
-0.15373,-0.84402,0.53535,0.032058,-0.74502,0.3,0.18937,0,0,0,0,39.637,-701.75,-41681,-90761,3.3259e+05,-6.9836,-10.039,-3.9597,25.497
-0.46294,-0.84394,0.53549,0.031696,-0.74499,0.3,0.1901,0,0,0,0,58.079,-2113.3,-7979.4,-83606,3.6728e+05,-19.943,-4.957,-1.5264,28.81
-0.36116,-0.84418,0.535,0.033686,-0.74505,0.3,0.18863,0,0,0,0,50.426,-1648.7,-43128,-51737,3.8239e+05,-17.708,-5.7121,-2.6017,25.949
-0.77457,-0.84395,0.53549,0.031683,-0.74497,0.3,0.19082,0,0,0,0,73.731,-3535.8,55120,-3375.8,4.072e+05,-32.304,0.2437,4.154,30.604
-0.56282,-0.84433,0.53459,0.036272,-0.74508,0.3,0.18784,0,0,0,0,63.898,-2569.2,-77885,-91693,4.2736e+05,-29.201,-1.3897,-4.7949,27.859
-0.1197,-0.051299,0.14897,-0.98751,-0.75621,0.3,0.19145,0,0,0,0,72.702,-546.42,-11291,2.6991e+05,41286,-25.733,-1.2251,0.94549,82.959
-0.12648,-0.051299,0.14897,-0.98751,-0.7577,0.3,0.19152,0,0,0,0,73.625,-577.36,-10827,2.7061e+05,41347,-25.987,-1.1825,0.90054,83.672
-0.11606,-0.051698,0.14884,-0.98751,-0.75471,0.3,0.19137,0,0,0,0,71.979,-529.8,-11770,2.7386e+05,41951,-25.694,-1.2647,1.0193,81.427
-0.13501,-0.051299,0.14897,-0.98751,-0.75919,0.3,0.1916,0,0,0,0,74.649,-616.31,-10337,2.7265e+05,41631,-26.343,-1.1378,0.86149,84.284
-0.11689,-0.05411,0.14854,-0.98742,-0.75323,0.3,0.19129,0,0,0,0,71.617,-533.59,-12412,2.9092e+05,44712,-26.045,-1.2953,1.1451,77.158
-0.14578,-0.051299,0.14897,-0.98751,-0.76069,0.3,0.19168,0,0,0,0,75.736,-665.49,-9735.3,2.7522e+05,42008,-26.769,-1.0826,0.81546,84.965
-0.11859,-0.056144,0.14837,-0.98734,-0.75178,0.3,0.19121,0,0,0,0,71.96,-541.34,-14012,3.4157e+05,52787,-27.067,-1.3211,1.2954,67.335
-0.16031,-0.0513,0.14897,-0.98751,-0.76218,0.3,0.19176,0,0,0,0,76.863,-731.78,-8835.8,2.7839e+05,42489,-27.294,-0.99832,0.75353,85.795
-0.10755,-0.056135,0.14837,-0.98734,-0.75035,0.3,0.19113,0,0,0,0,73.278,-490.96,-17890,4.291e+05,66410,-28.542,-1.4042,1.3754,54.55
-0.17656,-0.049859,0.14791,-0.98774,-0.76367,0.3,0.19183,0,0,0,0,77.97,-805.96,-7629,2.8214e+05,42686,-27.91,-0.88217,0.66359,86.759
-0.10516,-0.056136,0.14837,-0.98734,-0.75007,0.3,0.19111,0,0,0,0,73.555,-480.03,-18714,4.4391e+05,68626,-28.771,-1.4272,1.3827,52.604
-0.1874,-0.043889,0.14441,-0.98854,-0.76517,0.3,0.19191,0,0,0,0,78.989,-855.48,-6862.2,2.8547e+05,41967,-28.439,-0.80403,0.57501,87.582
-0.093079,-0.056154,0.14837,-0.98734,-0.74944,0.3,0.19107,0,0,0,0,74.812,-424.9,-21529,4.9424e+05,76065,-29.505,-1.4972,1.3685,46.885
-0.19567,-0.037446,0.14071,-0.98934,-0.76666,0.3,0.19197,0,0,0,0,79.956,-893.22,-7052.8,2.8809e+05,41070,-28.85,-0.80501,0.46383,88.217
-0.091616,-0.056153,0.14837,-0.98734,-0.74934,0.3,0.19107,0,0,0,0,75.058,-418.22,-21431,4.9985e+05,76752,-29.556,-1.4783,1.3691,46.219
-0.20441,-0.033212,0.13955,-0.98966,-0.76816,0.3,0.19202,0,0,0,0,80.948,-933.11,-7425,2.9058e+05,41067,-29.275,-0.8178,0.31298,88.86
-0.090151,-0.056149,0.14837,-0.98734,-0.74908,0.3,0.19105,0,0,0,0,75.322,-411.53,-21150,4.9923e+05,76495,-29.471,-1.4575,1.3573,46.126
-0.20581,-0.027859,0.13991,-0.98977,-0.76966,0.3,0.19207,0,0,0,0,81.956,-939.49,-7360.4,2.9244e+05,41445,-29.606,-0.7942,0.18163,89.348
-0.08874,-0.056145,0.14837,-0.98734,-0.74886,0.3,0.19104,0,0,0,0,75.687,-405.09,-21298,5.0624e+05,77265,-29.557,-1.4509,1.3555,45.465
-0.20595,-0.024222,0.14011,-0.98984,-0.77115,0.3,0.1921,0,0,0,0,83.038,-940.14,-7002,2.9356e+05,41665,-29.815,-0.74138,0.056181,89.644
-0.087876,-0.056145,0.14837,-0.98734,-0.74805,0.3,0.191,0,0,0,0,76.286,-401.14,-21158,5.1668e+05,77997,-29.676,-1.417,1.3442,44.473
-0.21277,-0.024223,0.14011,-0.98984,-0.77261,0.3,0.19214,0,0,0,0,84.287,-971.28,-6369.3,2.952e+05,41947,-30.105,-0.66461,-0.090085,90.066
-0.088818,-0.056147,0.14837,-0.98734,-0.74786,0.3,0.19098,0,0,0,0,76.423,-405.44,-20814,5.1803e+05,77862,-29.703,-1.3934,1.3422,44.381
-0.22314,-0.024226,0.14011,-0.98984,-0.77411,0.3,0.19218,0,0,0,0,85.513,-1018.6,-5529.4,2.9742e+05,42321,-30.484,-0.55988,-0.24746,90.634
-0.096256,-0.056144,0.14837,-0.98734,-0.74712,0.3,0.19094,0,0,0,0,77.339,-439.4,-18817,5.3279e+05,77168,-30.055,-1.2367,1.2914,43.498
-0.23182,-0.024224,0.14012,-0.98984,-0.77491,0.3,0.1922,0,0,0,0,86.331,-1058.2,-4911.7,2.9915e+05,42597,-30.788,-0.47918,-0.34229,91.087
-0.10715,-0.056144,0.14837,-0.98734,-0.74635,0.3,0.1909,0,0,0,0,78.914,-489.11,-17444,5.7699e+05,77914,-31.272,-0.98619,1.3406,41.403
-0.23943,-0.024224,0.14011,-0.98984,-0.77567,0.3,0.19221,0,0,0,0,87.102,-1093,-4241.9,3.0093e+05,42898,-31.105,-0.40648,-0.37592,91.556
-0.1313,-0.056145,0.14837,-0.98734,-0.74556,0.3,0.19085,0,0,0,0,81.074,-599.37,-8668.8,6.5812e+05,83616,-33.839,-0.40789,2.1834,38.341
-0.26209,-0.023972,0.13983,-0.98988,-0.77716,0.3,0.19225,0,0,0,0,88.643,-1196.4,-2689.4,3.052e+05,43483,-31.855,-0.22102,-0.59139,92.67
-0.15308,-0.056146,0.14837,-0.98734,-0.74497,0.3,0.19082,0,0,0,0,82.378,-698.79,2688.5,7.1592e+05,89447,-35.816,0.13861,3.1045,36.455
-0.28981,-0.020924,0.13796,-0.99021,-0.77865,0.3,0.19229,0,0,0,0,90.122,-1323,-718.02,3.1059e+05,43624,-32.802,0.015647,-0.88294,94.061
-0.30763,-0.011781,0.13328,-0.991,-0.78014,0.3,0.19232,0,0,0,0,91.407,-1404.3,751.43,3.1547e+05,42555,-33.656,0.20995,-1.1818,95.295
-0.30755,0.0012948,0.12806,-0.99176,-0.78164,0.3,0.19232,0,0,0,0,92.498,-1403.9,997.76,3.1833e+05,41016,-34.138,0.2637,-1.3941,95.984
-0.311,0.0084982,0.1254,-0.99207,-0.78314,0.3,0.19231,0,0,0,0,93.607,-1419.7,980.26,3.2023e+05,40452,-34.465,0.2919,-1.656,96.454
-0.3313,0.010543,0.12399,-0.99223,-0.78463,0.3,0.1923,0,0,0,0,94.796,-1512.4,1722,3.2351e+05,40586,-35.071,0.42175,-2.0593,97.315
-0.34798,0.025736,0.11759,-0.99273,-0.78612,0.3,0.19228,0,0,0,0,95.87,-1588.5,2650.2,3.2766e+05,39999,-35.831,0.57227,-2.4636,98.388
-0.35012,0.027284,0.11628,-0.99284,-0.78688,0.3,0.19226,0,0,0,0,96.422,-1598.3,2902.6,3.2941e+05,39399,-36.136,0.62742,-2.682,98.824
-0.35042,0.025459,0.11456,-0.99308,-0.78767,0.3,0.19224,0,0,0,0,96.87,-1599.6,3134.3,3.3094e+05,38697,-36.393,0.66429,-2.8389,99.193
-0.35794,0.037455,0.11319,-0.99287,-0.78918,0.3,0.19219,0,0,0,0,97.635,-1633.9,3708.9,3.3342e+05,38266,-36.81,0.75604,-3.2054,99.803
-0.37918,0.040716,0.1112,-0.99296,-0.79065,0.3,0.19213,0,0,0,0,98.341,-1730.9,5098.9,3.3729e+05,37892,-37.518,0.9678,-3.7837,100.82
-0.38456,0.055887,0.10548,-0.99284,-0.79214,0.3,0.19206,0,0,0,0,98.75,-1755.5,6143.3,3.4111e+05,36635,-38.185,1.1144,-4.1549,101.76
-0.38267,0.067079,0.10108,-0.99261,-0.79363,0.3,0.19196,0,0,0,0,98.908,-1746.9,6454.4,3.4341e+05,35372,-38.556,1.1796,-4.5442,102.31
-0.3857,0.074418,0.096984,-0.9925,-0.79511,0.3,0.19186,0,0,0,0,98.88,-1760.7,6912.7,3.4539e+05,34248,-38.888,1.2705,-5.0302,102.82
-0.38708,0.084025,0.091827,-0.99222,-0.7966,0.3,0.19174,0,0,0,0,98.64,-1767,7425.9,3.4772e+05,32791,-39.254,1.3404,-5.4307,103.37
-0.38332,0.096246,0.087345,-0.99151,-0.79808,0.3,0.19161,0,0,0,0,98.104,-1749.8,8202,3.4967e+05,31627,-39.533,1.4579,-6.0097,103.85
-0.36001,0.11496,0.079857,-0.99013,-0.79955,0.3,0.19146,0,0,0,0,97.21,-1643.4,9356.8,3.505e+05,29308,-39.57,1.5968,-6.5572,104.01
-0.31975,0.13548,0.068691,-0.98838,-0.801,0.3,0.19127,0,0,0,0,96.406,-1459.6,9042.8,3.4921e+05,25284,-39.163,1.5104,-6.914,103.57
-0.29435,0.14568,0.062566,-0.98735,-0.80247,0.3,0.19105,0,0,0,0,96.161,-1343.7,7158.4,3.4691e+05,22692,-38.583,1.2727,-7.3654,102.92
-0.29697,0.14728,0.061285,-0.98719,-0.80361,0.3,0.19089,0,0,0,0,95.993,-1355.6,5601.8,3.4627e+05,22201,-38.372,1.1186,-7.8811,102.77
-0.29552,0.14993,0.061146,-0.9868,-0.80405,0.3,0.19082,0,0,0,0,95.942,-1349,4993.3,3.471e+05,22401,-38.495,1.0718,-8.1379,102.98
-0.30131,0.15176,0.061563,-0.9865,-0.80485,0.3,0.1907,0,0,0,0,95.483,-1375.4,5097.5,3.4849e+05,22777,-38.717,1.1173,-8.5314,103.37
-0.29889,0.15588,0.062926,-0.98577,-0.80571,0.3,0.19056,0,0,0,0,94.893,-1364.4,4807.4,3.4937e+05,23191,-38.833,1.1174,-8.9064,103.61
-0.30039,0.16409,0.060333,-0.98459,-0.80709,0.3,0.19034,0,0,0,0,93.314,-1371.2,6702.5,3.5247e+05,22921,-39.309,1.3752,-9.7971,104.47
-0.2793,0.18346,0.049795,-0.98173,-0.80851,0.3,0.1901,0,0,0,0,91.318,-1275,8356,3.5478e+05,19582,-39.594,1.4906,-10.263,105
-0.24212,0.20639,0.03823,-0.97771,-0.80987,0.3,0.18982,0,0,0,0,89.03,-1105.2,8180.2,3.5445e+05,15495,-39.307,1.3609,-10.678,104.82
-0.206,0.22631,0.028161,-0.97364,-0.81117,0.3,0.18953,0,0,0,0,86.562,-940.37,7462,3.5244e+05,11824,-38.649,1.1856,-11.397,104.22
-0.16396,0.24909,0.016781,-0.96832,-0.81328,0.3,0.18901,0,0,0,0,82.927,-748.48,6374.3,3.5042e+05,7499.8,-37.928,0.93667,-12.123,103.49
-0.11913,0.2703,0.0060472,-0.96273,-0.81454,0.3,0.18868,0,0,0,0,79.014,-543.81,5141.9,3.4907e+05,3295.1,-37.096,0.65673,-12.78,102.16
-0.072795,0.29395,-0.0055081,-0.95577,-0.81583,0.3,0.18831,0,0,0,0,75.667,-332.3,4153.7,3.5247e+05,-1284.6,-36.3,0.3693,-13.379,99.367
-0.018024,0.31881,-0.019444,-0.94761,-0.81705,0.3,0.18791,0,0,0,0,72.751,-82.276,3626.5,3.8096e+05,-8006.1,-35.988,0.027359,-14.294,91.225
0.06851,0.38872,-0.056995,-0.91958,-0.81903,0.3,0.1872,0,0,0,0,71.446,312.74,3217.7,4.6067e+05,-22133,-35.881,-0.5325,-16.088,75.119
0.11196,0.39742,-0.063311,-0.91539,-0.81942,0.3,0.18703,0,0,0,0,71.505,511.07,1389.4,4.9744e+05,-32385,-35.191,-0.98244,-16.942,68.839
0.17985,0.39824,-0.070019,-0.91457,-0.82007,0.3,0.18677,0,0,0,0,72.279,820.97,1374.8,5.6191e+05,-45835,-34.949,-1.4488,-18.504,58.766
0.19098,0.40213,-0.07034,-0.91286,-0.82016,0.3,0.18672,0,0,0,0,72.834,871.81,2174,5.8169e+05,-50410,-34.946,-1.518,-18.607,56.179
0.28958,0.47666,-0.11466,-0.87154,-0.82117,0.3,0.18623,0,0,0,0,70.401,1321.9,4450.1,6.0525e+05,-70990,-32.817,-2.2223,-19.595,50.884
0.49428,0.53234,-0.147,-0.83367,-0.82215,0.3,0.18564,0,0,0,0,61.046,2256.3,-3451.9,5.6249e+05,-1.1285e+05,-27.383,-4.0284,-18.267,45.903
0.73369,0.66883,-0.24291,-0.70255,-0.82258,0.3,0.18533,0,0,0,0,54.328,3349.2,-12572,5.11e+05,-1.5754e+05,-22.82,-5.7269,-15.904,41.157
0.73906,0.66975,-0.24419,-0.7012,-0.8226,0.3,0.18532,0,0,0,0,54.184,3373.8,-12721,5.0818e+05,-1.5913e+05,-22.704,-5.7644,-15.79,41.028
0.90596,0.75914,-0.28073,-0.58467,-0.8231,0.3,0.18482,0,0,0,0,49.742,4135.6,-18155,4.0375e+05,-2.1774e+05,-18.988,-7.26,-11.793,36.864
0.96143,0.81622,-0.37543,-0.43551,-0.82321,0.3,0.18464,0,0,0,0,47.683,4388.8,-19839,3.3987e+05,-2.4678e+05,-17.512,-7.8377,-9.6628,35.11
0.97119,0.82499,-0.38483,-0.41272,-0.82324,0.3,0.18459,0,0,0,0,47.285,4433.4,-20196,3.2678e+05,-2.5279e+05,-17.203,-7.9592,-9.2386,34.756
1.0078,0.85723,-0.37003,-0.35809,-0.82333,0.3,0.18435,0,0,0,0,45.75,4600.5,-21721,2.7891e+05,-2.7507e+05,-15.859,-8.4,-7.5917,33.253
1.0344,0.8561,-0.36967,-0.36092,-0.82339,0.3,0.18416,0,0,0,0,44.628,4722,-23015,2.446e+05,-2.9111e+05,-14.857,-8.7219,-6.4012,32.145
0.38478,0.6701,0.41432,0.61588,-0.047667,0.3,0.42626,0,0,0,0,3.0394,1756.5,71962,-3.1863e+06,2.0608e+06,-53.336,26.427,42.544,7.5983
0.16754,0.6206,0.4329,0.6538,-0.046924,0.3,0.42556,0,0,0,0,4.7195,764.79,1.2118e+05,-3.314e+06,2.0466e+06,-61.363,23.519,41.637,8.5944
0.74372,0.7804,0.37777,0.49762,-0.048034,0.3,0.42672,0,0,0,0,2.8114,3395,78954,-2.9215e+06,1.9677e+06,-43.536,28.079,43.124,6.8465
0.15497,0.56898,0.45978,0.68177,-0.046903,0.3,0.42555,0,0,0,0,5.1044,707.41,1.3323e+05,-3.3516e+06,2.0529e+06,-62.3,23.045,41.579,8.8774
0.85137,0.79162,0.36459,0.49012,-0.048195,0.3,0.42698,0,0,0,0,2.7426,3886.4,67834,-2.6713e+06,1.8397e+06,-38.141,27.118,40.499,6.3305
-0.00083333,0.55861,0.45043,0.69605,-0.046628,0.3,0.42534,0,0,0,0,5.935,-3.8041,1.4877e+05,-3.2662e+06,1.9786e+06,-65.485,21.197,39.862,10.176
1.1055,0.9277,0.24536,0.28043,-0.048505,0.3,0.42757,0,0,0,0,3.092,5046.5,49354,-1.7084e+06,1.2898e+06,-20.494,20.336,27.507,4.9489
-0.10571,0.51152,0.46401,0.72223,-0.046251,0.3,0.42504,0,0,0,0,6.5971,-482.54,1.6099e+05,-3.2007e+06,1.9131e+06,-67.308,19.43,38.149,11.007
1.2439,0.96075,0.202,0.18837,-0.048705,0.3,0.42829,0,0,0,0,3.4129,5678.1,-15500,-6.5661e+05,7.8789e+05,-8.146,13.334,10.783,3.5359
-0.24484,0.43741,0.47645,0.76113,-0.045536,0.3,0.42463,0,0,0,0,6.3779,-1117.7,1.5767e+05,-3.0261e+06,1.8044e+06,-67.883,17.424,35.16,11.853
1.2868,0.98479,0.14792,0.084117,-0.048734,0.3,0.429,0,0,0,0,3.6024,5874,-77216,1.2537e+05,5.137e+05,-3.3171,9.0577,-2.7482,2.6167
-0.46758,0.40017,0.48057,0.77932,-0.044565,0.3,0.42412,0,0,0,0,5.7825,-2134.4,1.2742e+05,-2.7008e+06,1.6047e+06,-66.868,14.572,29.767,13.125
-0.54397,0.38751,0.48192,0.7858,-0.044268,0.3,0.42395,0,0,0,0,5.7097,-2483.2,1.157e+05,-2.5812e+06,1.5293e+06,-66.486,13.604,27.938,13.57
-0.55513,0.38066,0.47957,0.79051,-0.044158,0.3,0.4239,0,0,0,0,5.6945,-2534.1,1.1317e+05,-2.5632e+06,1.5139e+06,-66.487,13.363,27.513,13.666
-0.69096,0.33543,0.48674,0.80652,-0.043428,0.3,0.42358,0,0,0,0,4.7116,-3154.2,72397,-2.4048e+06,1.4149e+06,-64.949,11.774,23.302,13.911
-0.70136,0.33114,0.48517,0.80909,-0.043372,0.3,0.42355,0,0,0,0,4.6455,-3201.6,70202,-2.3959e+06,1.4095e+06,-64.914,11.665,23.029,13.934
-0.8059,0.26585,0.48591,0.83195,-0.042549,0.3,0.42325,0,0,0,0,5.6569,-3678.8,67860,-2.2426e+06,1.3177e+06,-63.319,10.349,20.935,15.097
-0.83091,0.25892,0.48784,0.83337,-0.042226,0.3,0.42313,0,0,0,0,6.1009,-3793,60974,-2.1941e+06,1.2904e+06,-63.727,9.8863,19.851,15.782
-0.94629,0.22513,0.50458,0.83348,-0.041295,0.3,0.42287,0,0,0,0,7.1512,-4319.7,40334,-2.0011e+06,1.1861e+06,-62.305,8.8465,17.125,17.516
-0.9516,0.22364,0.50482,0.83373,-0.041225,0.3,0.42285,0,0,0,0,7.2121,-4344,39544,-1.9878e+06,1.1774e+06,-62.172,8.7653,16.969,17.637
-1.0389,0.19377,0.50749,0.83941,-0.039391,0.3,0.42241,0,0,0,0,8.2691,-4742.6,54152,-1.649e+06,9.4405e+05,-57.525,6.3953,14.418,20.637
-1.0573,0.1802,0.50758,0.84236,-0.039071,0.3,0.42234,0,0,0,0,8.089,-4826.4,50763,-1.5984e+06,9.1256e+05,-56.672,6.093,13.775,20.951
-1.1133,0.083025,0.50825,0.85681,-0.036159,0.3,0.42189,0,0,0,0,8.663,-5082,50760,-1.3313e+06,7.4202e+05,-52.739,3.5359,9.9502,24.278
-1.1275,0.066856,0.5035,0.86116,-0.035702,0.3,0.42183,0,0,0,0,8.7389,-5147.1,48535,-1.2875e+06,7.1689e+05,-52.005,3.2028,9.2533,24.852
-1.1368,0.058664,0.50529,0.86073,-0.035064,0.3,0.42178,0,0,0,0,9.1955,-5189.3,44682,-1.254e+06,7.0254e+05,-52.059,2.8897,8.4716,25.84
-1.1353,0.048455,0.50558,0.8608,-0.034508,0.3,0.42177,0,0,0,0,9.7607,-5182.6,48057,-1.2237e+06,6.8133e+05,-52.047,2.2191,7.6322,26.748
-1.1312,0.029544,0.50185,0.86373,-0.033745,0.3,0.42174,0,0,0,0,10.751,-5164,50190,-1.1768e+06,6.5999e+05,-52.988,1.1185,5.9149,28.658
-1.1399,0.032067,0.49577,0.86711,-0.031906,0.3,0.42178,0,0,0,0,37.71,-5203.7,45680,-1.0718e+06,5.9987e+05,-50.479,0.64926,4.811,30.987
-1.1515,0.016233,0.48805,0.8725,-0.030393,0.3,0.42171,0,0,0,0,44.963,-5256.5,35266,-1.0007e+06,5.6162e+05,-49.784,0.20032,3.4185,32.785
-1.162,-0.079383,0.48209,0.87251,-0.029625,0.3,0.42169,0,0,0,0,51.509,-5304.4,33260,-9.5001e+05,5.3159e+05,-48.852,-0.14127,2.7642,33.815
-1.0998,-0.14622,0.47772,0.86625,-0.024224,0.3,0.42218,0,0,0,0,94.651,-5020.5,24172,-7.1555e+05,3.9516e+05,-41.04,-1.6093,-0.45703,37.964
-0.95118,-0.15532,0.47417,0.86659,-0.020243,0.3,0.42286,0,0,0,0,90.527,-4342,17045,-6.1909e+05,3.3916e+05,-34.743,-2.0411,-2.0154,37.067
-0.88548,-0.15968,0.47224,0.86688,-0.018453,0.3,0.42316,0,0,0,0,89.459,-4042.2,14169,-5.7385e+05,3.1237e+05,-31.854,-2.2891,-2.7714,36.762
-0.86516,-0.16459,0.47035,0.86693,-0.01782,0.3,0.42329,0,0,0,0,88.39,-3949.4,13237,-5.6468e+05,3.0734e+05,-31.148,-2.2873,-2.8746,36.514
-0.68401,-0.19604,0.46387,0.86394,-0.012643,0.3,0.42447,0,0,0,0,78.796,-3122.4,7809,-5.0526e+05,2.7228e+05,-26.239,-2.2092,-3.3527,33.936
-0.65428,-0.19662,0.46382,0.86383,-0.011936,0.3,0.42463,0,0,0,0,77.2,-2986.7,6825.5,-4.9488e+05,2.6639e+05,-25.371,-2.1789,-3.409,33.483
-0.44742,-0.19019,0.46498,0.86465,-0.0059156,0.3,0.42599,0,0,0,0,65.646,-2042.4,1046.1,-4.4748e+05,2.3983e+05,-20.636,-1.8278,-3.314,29.304
-0.37691,-0.18708,0.46529,0.86516,-0.0028871,0.3,0.42664,0,0,0,0,61.773,-1720.5,219.83,-4.5019e+05,2.4143e+05,-19.34,-1.6782,-3.1106,26.701
-0.30861,-0.15733,0.47065,0.86817,-3.9875e-05,0.3,0.42726,0,0,0,0,58.103,-1408.8,-723.72,-4.5137e+05,2.4248e+05,-18.107,-1.5357,-2.9242,24.314
-0.18796,-0.15662,0.47081,0.86822,0.005434,0.3,0.42824,0,0,0,0,49.684,-858.03,-2189.3,-5.438e+05,2.9564e+05,-18.674,-1.3777,-2.6682,19.333
-0.17876,-0.12046,0.47975,0.86909,0.0063462,0.3,0.42837,0,0,0,0,46.82,-816.02,-2807.4,-5.6981e+05,3.1007e+05,-18.968,-1.3396,-2.624,18.496
-0.13241,-0.11259,0.48246,0.86864,0.0087732,0.3,0.42872,0,0,0,0,40.704,-604.42,-4985.7,-6.3633e+05,3.476e+05,-20.128,-1.2756,-2.6289,16.617
-0.13252,-0.10827,0.4826,0.8691,0.0091565,0.3,0.42876,0,0,0,0,39.121,-604.92,-6262.9,-6.5207e+05,3.5568e+05,-20.244,-1.2207,-2.5926,16.177
-0.13312,-0.10025,0.47929,0.87191,0.010292,0.3,0.4289,0,0,0,0,33.357,-607.66,-8819.3,-6.8572e+05,3.7872e+05,-20.552,-1.0974,-2.4502,15.215
-0.14105,-0.093842,0.48289,0.87064,0.0116,0.3,0.42904,0,0,0,0,32.334,-643.86,-12427,-7.1202e+05,3.9388e+05,-20.567,-0.90036,-2.2709,14.308
-0.10617,-0.093471,0.48073,0.87187,0.014671,0.3,0.42937,0,0,0,0,15.048,-484.67,-10689,-8.9026e+05,4.969e+05,-23.095,-0.80153,-1.9269,11.429
-0.10668,-0.048619,0.48715,0.87196,0.014889,0.3,0.42938,0,0,0,0,14.471,-486.99,-9429.1,-9.0817e+05,5.0697e+05,-23.396,-0.81583,-1.8953,11.267
-0.11138,-0.046486,0.48809,0.87153,0.015311,0.3,0.4294,0,0,0,0,13.826,-508.46,-7344.1,-9.3532e+05,5.2222e+05,-23.846,-0.83261,-1.8341,11.028
-0.11421,-0.035309,0.49,0.871,0.017154,0.3,0.42947,0,0,0,0,9.2484,-521.34,-2102.4,-1.0906e+06,6.0667e+05,-26.221,-0.83618,-1.6039,9.4114
-0.12093,-0.036984,0.4898,0.87105,0.01723,0.3,0.42948,0,0,0,0,9.1065,-552.05,-1747,-1.1024e+06,6.1217e+05,-26.381,-0.83164,-1.5824,9.2972
-0.14114,-0.042272,0.48879,0.87136,0.017846,0.3,0.4295,0,0,0,0,8.5097,-644.29,3977.5,-1.1536e+06,6.4028e+05,-27.228,-0.95311,-1.5583,8.9192
-0.16239,-0.052425,0.48543,0.8727,0.019043,0.3,0.42958,0,0,0,0,8.8823,-741.28,6759,-1.2183e+06,6.7789e+05,-28.673,-1.0475,-1.6023,8.7677
-0.17251,-0.045453,0.48639,0.87256,0.019487,0.3,0.42961,0,0,0,0,9.0923,-787.47,8787.1,-1.2526e+06,6.968e+05,-29.442,-1.0738,-1.5618,8.707
-0.19707,-0.019749,0.48845,0.87237,0.020891,0.3,0.42967,0,0,0,0,8.8248,-899.59,4581.6,-1.2754e+06,7.1528e+05,-31.02,-0.70849,-1.0835,9.4935
-0.22878,-0.019733,0.48845,0.87237,0.02193,0.3,0.42969,0,0,0,0,6.8225,-1044.3,10007,-1.4071e+06,7.913e+05,-34.059,-0.55577,-0.58486,9.3526
-0.24776,-0.01973,0.48845,0.87237,0.022497,0.3,0.42971,0,0,0,0,7.189,-1131,3577.4,-1.3675e+06,7.6227e+05,-34.453,-0.43075,-0.652,10.519
-0.28251,-0.019731,0.48845,0.87237,0.023056,0.3,0.42972,0,0,0,0,6.4317,-1289.7,21600,-1.5847e+06,8.8968e+05,-38.956,-0.73502,-0.42581,9.9659
-0.31413,-0.019736,0.48845,0.87237,0.023313,0.3,0.42973,0,0,0,0,5.5051,-1434,30201,-1.654e+06,9.2551e+05,-41.304,-0.88463,-0.31532,10.225
-0.37061,-0.019745,0.48845,0.87237,0.024245,0.3,0.42975,0,0,0,0,7.7094,-1691.8,-4912.7,-1.9759e+06,1.1281e+06,-50.11,-0.87367,-1.5908,10.527
-0.39678,-0.019764,0.48845,0.87237,0.024375,0.3,0.42975,0,0,0,0,9.302,-1811.3,-88664,-2.1762e+06,1.2738e+06,-55.739,0.21683,-2.9778,10.503
-0.46291,0.52569,0.04344,0.84954,-0.15649,0.3,0.25974,0,0,0,0,7.1766,-2113.1,-1.4476e+05,-4.3551e+06,2.6888e+05,-81.066,6.758,65.794,13.04
-0.99903,0.49292,0.048357,0.86872,-0.15558,0.3,0.25918,0,0,0,0,6.6337,-4560.5,-1.0727e+05,-3.7453e+06,2.6934e+05,-82.958,6.1527,52.767,15.064
-0.26366,0.67274,0.024223,0.73829,-0.15686,0.3,0.26007,0,0,0,0,6.6841,-1203.6,-1.401e+05,-4.3913e+06,2.6737e+05,-75.657,6.4601,66.826,11.994
-1.3093,0.43896,0.05711,0.89669,-0.15362,0.3,0.25823,0,0,0,0,8.1438,-5976.9,-1.1037e+05,-3.3736e+06,2.5922e+05,-85.156,5.9713,41.087,16.81
0.21321,0.68727,0.016773,0.7255,-0.15772,0.3,0.2608,0,0,0,0,5.7052,973.29,-1.586e+05,-4.505e+06,2.7109e+05,-63.716,6.3923,69.862,9.5158
-1.3139,0.36576,0.06008,0.92877,-0.1536,0.3,0.25822,0,0,0,0,8.1823,-5997.8,-1.1134e+05,-3.3662e+06,2.5933e+05,-85.148,5.9923,40.871,16.84
0.30362,0.80537,0.0089193,0.59268,-0.15777,0.3,0.26086,0,0,0,0,5.3956,1386,-1.4266e+05,-4.4289e+06,2.6437e+05,-59.913,5.9951,68.994,9.0156
-1.5606,0.33426,0.063731,0.94029,-0.15201,0.3,0.25767,0,0,0,0,10.453,-7124.1,-88767,-2.9653e+06,2.3046e+05,-87.232,5.1065,32.202,20.139
0.7755,0.87552,-0.0069496,0.48268,-0.15834,0.3,0.26164,0,0,0,0,3.685,3540.1,-1.0922e+05,-3.452e+06,1.9062e+05,-34.627,3.9708,55.787,6.59
-1.5796,0.33278,0.064114,0.94082,-0.15189,0.3,0.25762,0,0,0,0,10.6,-7210.7,-87616,-2.9339e+06,2.2854e+05,-87.404,5.0581,31.574,20.41
1.1394,0.94695,-0.029634,0.3199,-0.15858,0.3,0.26219,0,0,0,0,3.356,5201.2,-59972,-1.9154e+06,14602,-15.141,0.6428,32.215,4.6996
-1.8344,0.21007,0.076433,0.97463,-0.14949,0.3,0.257,0,0,0,0,9.881,-8373.8,-53114,-2.3934e+06,1.8752e+05,-83.695,3.734,23.723,24.777
1.28,0.9782,-0.044912,0.20109,-0.15873,0.3,0.26284,0,0,0,0,3.2033,5842.8,-26496,-1.0452e+06,-92265,-7.7352,-1.3877,17.868,3.4945
-2.0265,0.11936,0.087653,0.98884,-0.14654,0.3,0.25645,0,0,0,0,7.189,-9250.5,-42363,-1.9523e+06,1.6946e+05,-74.236,3.0461,16.498,26.883
-2.0328,0.11107,0.088846,0.98983,-0.14628,0.3,0.25642,0,0,0,0,7.1279,-9279.7,-43334,-1.9047e+06,1.6583e+05,-72.652,3.0237,15.761,27.006
-2.0288,0.045718,0.090413,0.99463,-0.1429,0.3,0.25609,0,0,0,0,7.532,-9261.1,-37228,-1.5119e+06,1.381e+05,-61.073,2.373,9.3533,29.108
-2.0248,0.038667,0.089693,0.99521,-0.14279,0.3,0.25608,0,0,0,0,7.6002,-9243.1,-39251,-1.4984e+06,1.3639e+05,-60.56,2.4323,9.1388,29.139
-2.0062,0.035678,0.089641,0.99531,-0.14214,0.3,0.25607,0,0,0,0,10.581,-9158,-37111,-1.4498e+06,1.3234e+05,-58.891,2.2932,8.4379,29.373
-1.8406,-0.075882,0.098004,0.99229,-0.13747,0.3,0.25607,0,0,0,0,40.717,-8402.2,-25679,-9.9177e+05,90991,-43.621,1.3946,3.0478,32.123
-1.5505,-0.10801,0.09929,0.98918,-0.13173,0.3,0.2565,0,0,0,0,71.302,-7077.8,-11593,-6.4752e+05,65258,-28.85,0.49286,-0.3748,31.962
-1.1993,-0.16192,0.10159,0.98156,-0.12593,0.3,0.25733,0,0,0,0,65.868,-5474.6,-5320.6,-4.9054e+05,50740,-20.385,0.0044552,-2.1204,29.267
-0.87227,-0.19162,0.10329,0.97602,-0.12018,0.3,0.25841,0,0,0,0,57.01,-3981.8,1429.1,-3.9806e+05,43573,-14.947,-0.31061,-2.436,25.808
-0.60936,-0.20052,0.10392,0.97416,-0.11413,0.3,0.25965,0,0,0,0,49.507,-2781.7,7359.1,-3.3679e+05,38329,-11.402,-0.49939,-2.2207,22.548
-0.56085,-0.20107,0.10391,0.97405,-0.11283,0.3,0.25992,0,0,0,0,48.279,-2560.2,8437.1,-3.3079e+05,37858,-11.004,-0.52172,-2.1545,21.969
-0.40341,-0.19561,0.10288,0.97526,-0.10818,0.3,0.26088,0,0,0,0,44.092,-1841.5,12545,-3.1449e+05,36604,-9.7075,-0.60243,-1.8969,19.754
-0.38119,-0.19244,0.10368,0.97581,-0.10741,0.3,0.26103,0,0,0,0,43.456,-1740.1,13260,-3.13e+05,36447,-9.532,-0.6142,-1.8461,19.338
-0.36005,-0.1915,0.10362,0.976,-0.10627,0.3,0.26125,0,0,0,0,42.976,-1643.6,14415,-3.1482e+05,36639,-9.4863,-0.63733,-1.7975,19.01
-0.26209,-0.1568,0.10193,0.98235,-0.10154,0.3,0.26212,0,0,0,0,41.333,-1196.4,18806,-3.391e+05,38420,-9.5283,-0.7086,-1.5865,17.091
-0.16504,-0.14734,0.10135,0.98388,-0.096096,0.3,0.26293,0,0,0,0,36.548,-753.41,29512,-4.4297e+05,47959,-11.226,-0.90131,-1.4228,14.368
-0.11666,-0.11035,0.10023,0.98883,-0.091415,0.3,0.26346,0,0,0,0,24.732,-532.52,39323,-5.9973e+05,63265,-13.959,-1.0612,-1.3249,12.103
-0.11259,-0.11011,0.10019,0.98886,-0.091055,0.3,0.2635,0,0,0,0,23.956,-513.95,40020,-6.116e+05,64373,-14.17,-1.0729,-1.3296,11.926
-0.11175,-0.078524,0.098247,0.99206,-0.090948,0.3,0.26352,0,0,0,0,23.903,-510.12,40308,-6.1617e+05,64745,-14.269,-1.0786,-1.3286,11.912
-0.10068,-0.078521,0.098247,0.99206,-0.087279,0.3,0.26381,0,0,0,0,11.758,-459.61,47259,-7.9149e+05,79945,-16.896,-1.122,-1.1089,9.6966
-0.10021,-0.059138,0.096831,0.99354,-0.084914,0.3,0.26395,0,0,0,0,7.0872,-457.47,53837,-9.5143e+05,94160,-19.071,-1.1781,-0.97095,7.8397
-0.10022,-0.059145,0.096816,0.99354,-0.084521,0.3,0.26398,0,0,0,0,6.1506,-457.48,54325,-9.7801e+05,96389,-19.429,-1.1747,-0.94976,7.5116
-0.10002,-0.036849,0.096297,0.99467,-0.084411,0.3,0.26398,0,0,0,0,5.9935,-456.6,55418,-9.8611e+05,97185,-19.535,-1.1917,-0.93387,7.4136
-0.11694,-0.036823,0.096304,0.99467,-0.082622,0.3,0.26405,0,0,0,0,3.4787,-533.82,52445,-1.1452e+06,1.0984e+05,-21.821,-1.0639,-0.64128,5.735
-0.12371,-0.020335,0.094619,0.99531,-0.08224,0.3,0.26406,0,0,0,0,3.1354,-564.71,50918,-1.1818e+06,1.123e+05,-22.386,-1.0213,-0.56595,5.3746
-0.14108,-0.019462,0.094547,0.99533,-0.081323,0.3,0.26408,0,0,0,0,2.2995,-644,46488,-1.2664e+06,1.1848e+05,-23.66,-0.90593,-0.41057,4.4751
-0.14116,-0.017652,0.094413,0.99538,-0.081229,0.3,0.26408,0,0,0,0,2.236,-644.4,47215,-1.2647e+06,1.1824e+05,-23.595,-0.92142,-0.44424,4.3547
-0.18899,-0.017657,0.094412,0.99538,-0.08003,0.3,0.2641,0,0,0,0,1.9015,-862.7,18470,-1.4635e+06,1.3601e+05,-27.197,-0.36396,-0.24008,3.9815
-0.25206,-0.017661,0.094415,0.99538,-0.079417,0.3,0.26411,0,0,0,0,1.2319,-1150.6,-22112,-1.8933e+06,1.7625e+05,-35.174,0.28953,-1.3216,3.8731
-0.26881,-0.017661,0.094418,0.99538,-0.07875,0.3,0.26413,0,0,0,0,0.78553,-1227.1,-34598,-2.1606e+06,2.0195e+05,-40.126,0.39935,-2.6329,3.7454
-1.5831,-0.99913,0.04163,-5.5379e-07,-0.0725,0.3,0.49225,0,0,0,0,0.27048,-7226.5,3047.5,2.5929e+05,1.5869e+05,-29.915,-2.0955,1.7141,2.8005
-1.0319,-0.99913,0.04163,1.3326e-06,-0.0725,0.3,0.49253,0,0,0,0,0.24761,-4710.4,24376,7.0784e+05,82899,-11.696,-1.2013,11.912,3.0759
-0.49663,-0.99913,0.041631,1.5009e-06,-0.0725,0.3,0.49339,0,0,0,0,0.2478,-2267.1,20631,5.5116e+05,1.1841e+05,2.1076,-2.255,10.195,2.7467
-0.63154,-0.99913,0.041632,1.1981e-07,-0.0725,0.3,0.49423,0,0,0,0,0.18364,-2882.9,11909,1.7226e+05,5.0716e+05,-2.154,-9.2325,3.2462,2.6246
-0.92315,-0.99913,0.041631,-5.0706e-07,-0.0725,0.3,0.49525,0,0,0,0,0.12651,-4214.1,27226,4.0336e+05,6.9226e+05,-8.1747,-12.395,7.9198,2.9795
-0.15535,-0.021408,-0.12582,-0.99182,0.10339,0.3,0.27348,0,0,0,0,47.19,-709.15,-695.42,4.8997e+05,-51737,-28.477,-0.034938,1.5427,110.01
-0.16456,-0.021332,-0.12589,-0.99181,0.10233,0.3,0.2735,0,0,0,0,52.845,-751.2,263.89,5.8623e+05,-64162,-28.923,0.10074,1.636,54.27
-0.17493,-0.023925,-0.12658,-0.99167,0.10444,0.3,0.27345,0,0,0,0,32.16,-798.54,-20887,9.2057e+05,-1.1096e+05,-38.632,-0.71632,1.1812,114.38
-0.18024,-0.033978,-0.12972,-0.99089,0.10197,0.3,0.27351,0,0,0,0,50.614,-822.76,5944.9,4.9709e+05,-59469,-26.023,0.38836,1.6071,59.481
-0.17759,-0.023535,-0.12675,-0.99166,0.10458,0.3,0.27345,0,0,0,0,30.992,-810.67,-22772,9.542e+05,-1.1571e+05,-39.458,-0.78336,1.1524,114.13
-0.18469,-0.039409,-0.13312,-0.99031,0.10165,0.3,0.27351,0,0,0,0,52.151,-843.11,6847.1,5.2161e+05,-61883,-25.832,0.47532,1.5765,51.97
-0.17499,-0.023535,-0.12675,-0.99166,0.10562,0.3,0.27343,0,0,0,0,36.974,-798.83,-30701,1.2368e+06,-1.5147e+05,-46.464,-1.0116,1.276,33.918
-0.22325,-0.047482,-0.14247,-0.98866,0.098634,0.3,0.27365,0,0,0,0,51.908,-1019.1,12767,4.0568e+05,-62147,-20.827,0.77658,1.6504,41.302
-0.17782,-0.023453,-0.12677,-0.99166,0.10593,0.3,0.27342,0,0,0,0,34.984,-811.73,-30596,1.2889e+06,-1.6089e+05,-47.325,-1.0148,1.1923,30.862
-0.22362,-0.0555,-0.14426,-0.98798,0.098598,0.3,0.27365,0,0,0,0,52.086,-1020.8,12905,4.0883e+05,-62642,-20.795,0.78611,1.6572,40.278
-0.18475,-0.023113,-0.12649,-0.9917,0.10637,0.3,0.27341,0,0,0,0,34.293,-843.38,-37512,1.4959e+06,-1.8921e+05,-50.289,-1.1319,1.1186,24.489
-0.21736,-0.0555,-0.14426,-0.98798,0.095821,0.3,0.27381,0,0,0,0,53.953,-992.22,15476,4.5549e+05,-68602,-20.281,0.94584,1.8242,32.351
-0.19634,-0.01884,-0.12388,-0.99212,0.10716,0.3,0.27339,0,0,0,0,19.186,-896.26,-55732,2.2253e+06,-2.715e+05,-58.147,-1.3135,1.0764,15.122
-0.21884,-0.057088,-0.14022,-0.98847,0.095614,0.3,0.27382,0,0,0,0,53.864,-998.96,16634,4.5795e+05,-69441,-20.164,0.97583,1.7927,31.982
-0.20055,-0.0098674,-0.11924,-0.99281,0.10791,0.3,0.27338,0,0,0,0,7.3018,-915.5,-85561,2.8658e+06,-3.1527e+05,-63.192,-1.7753,1.0217,10.463
-0.2508,-0.077315,-0.15248,-0.98528,0.092752,0.3,0.27399,0,0,0,0,54.381,-1144.9,29060,5.1686e+05,-80421,-19.295,1.275,1.4215,25.479
-0.20359,-0.0042456,-0.1165,-0.99318,0.10875,0.3,0.27338,0,0,0,0,2.6572,-929.35,-1.199e+05,3.1803e+06,-3.2045e+05,-64.794,-2.3935,0.91513,8.1852
-0.29451,-0.090535,-0.1641,-0.98227,0.089089,0.3,0.27428,0,0,0,0,56.627,-1344.4,27877,5.5872e+05,-95721,-19.071,1.2263,1.576,22.586
-0.31328,-0.093767,-0.16479,-0.98186,0.088082,0.3,0.27438,0,0,0,0,55.532,-1430.1,24462,5.6182e+05,-97868,-19.244,1.1476,1.7135,22.852
-0.37649,-0.10056,-0.16931,-0.98042,0.083426,0.3,0.27484,0,0,0,0,59.512,-1718.6,14365,6.0084e+05,-1.0856e+05,-20.495,0.8423,1.9857,22.422
-0.47265,-0.1046,-0.17116,-0.97967,0.077664,0.3,0.27543,0,0,0,0,63.947,-2157.6,546.72,5.694e+05,-1.0388e+05,-21.438,0.38807,2.1305,25.627
-0.57381,-0.1035,-0.17035,-0.97993,0.071809,0.3,0.27608,0,0,0,0,69.134,-2619.4,-18292,5.4869e+05,-97749,-23.27,-0.39773,2.1247,29.972
-0.709,-0.091526,-0.16422,-0.98217,0.065894,0.3,0.27669,0,0,0,0,77.363,-3236.5,-44111,5.8434e+05,-97799,-26.663,-1.701,1.7918,32.948
-0.84968,-0.060622,-0.14631,-0.98737,0.060001,0.3,0.27717,0,0,0,0,86.797,-3878.7,-76423,6.7338e+05,-98153,-31.589,-3.4663,0.53776,34.415
-0.93274,-0.021965,-0.12688,-0.99167,0.054268,0.3,0.27742,0,0,0,0,89.492,-4257.9,-1.152e+05,8.3793e+05,-93124,-37.283,-5.2446,-1.8058,33.023
-0.96576,0.056974,-0.079384,-0.99518,0.048686,0.3,0.27731,0,0,0,0,61.936,-4408.6,-1.5519e+05,1.0222e+06,-97199,-40.964,-6.5327,-3.768,29.599
-0.96894,0.059256,-0.075927,-0.99534,0.048199,0.3,0.27729,0,0,0,0,58.404,-4423.1,-1.6036e+05,1.0473e+06,-97114,-41.328,-6.6546,-4.0733,29.096
-1.026,0.08954,-0.063489,-0.99386,0.044924,0.3,0.27702,0,0,0,0,12.257,-4683.5,-2.0988e+05,1.2716e+06,-94021,-43.454,-7.699,-7.8053,23.788
-0.99641,0.073555,-0.046702,-0.9962,0.0424,0.3,0.27669,0,0,0,0,6.7797,-4548.5,-2.6015e+05,1.4434e+06,-84581,-47.191,-9.0074,-10.044,22.519
-0.99648,0.072966,-0.046582,-0.99623,0.042397,0.3,0.27669,0,0,0,0,6.6806,-4548.9,-2.6016e+05,1.4435e+06,-84629,-47.183,-9.0065,-10.044,22.507
-0.91701,0.2036,0.0035875,-0.97902,0.039175,0.3,0.27608,0,0,0,0,7.1169,-4186.1,-3.4295e+05,1.7488e+06,-50994,-51.738,-10.528,-15.009,19.896
-0.78231,0.3056,0.06296,-0.95003,0.036549,0.3,0.27539,0,0,0,0,7.4183,-3571.2,-4.2207e+05,2.1037e+06,-3800.6,-53.747,-10.8,-20.297,16.537
-0.77535,0.30754,0.064572,-0.94934,0.036434,0.3,0.27536,0,0,0,0,7.3633,-3539.4,-4.2619e+05,2.1193e+06,-813.66,-53.693,-10.785,-20.575,16.354
-0.66676,0.35742,0.094418,-0.92896,0.034737,0.3,0.27477,0,0,0,0,6.3038,-3043.7,-4.8871e+05,2.3609e+06,40226,-53.255,-10.5,-24.649,13.8
-0.63062,0.37186,0.10403,-0.92239,0.034387,0.3,0.27463,0,0,0,0,6.2037,-2878.7,-5.231e+05,2.4483e+06,50380,-53.643,-10.801,-26.329,13.393
-0.61077,0.37903,0.11001,-0.91881,0.034214,0.3,0.27455,0,0,0,0,6.0277,-2788.1,-5.4221e+05,2.4935e+06,60979,-53.642,-10.89,-27.242,13.083
-0.60181,0.3805,0.11179,-0.91791,0.034109,0.3,0.27451,0,0,0,0,5.9828,-2747.2,-5.4629e+05,2.515e+06,68543,-53.8,-10.813,-27.727,13.028
-0.56871,0.39776,0.11838,-0.90926,0.033756,0.3,0.27435,0,0,0,0,5.8142,-2596.1,-5.7857e+05,2.5871e+06,71255,-53.874,-11.082,-29.351,12.628
-0.53725,0.41698,0.12712,-0.89948,0.033393,0.3,0.27419,0,0,0,0,5.4362,-2452.5,-6.0482e+05,2.658e+06,84125,-53.584,-11.039,-31.19,12.114
-0.46616,0.45555,0.14679,-0.87683,0.032782,0.3,0.27391,0,0,0,0,5.3077,-2128,-6.5132e+05,2.7805e+06,1.2826e+05,-53.886,-10.918,-33.565,11.579
-0.2999,0.5344,0.18214,-0.82513,0.031978,0.3,0.27347,0,0,0,0,5.3898,-1369,-7.4465e+05,3.0812e+06,2.1728e+05,-54.924,-10.371,-38.892,10.562
-0.10282,0.57019,0.22008,-0.78811,0.031101,0.3,0.27283,0,0,0,0,4.9651,-469.36,-7.9291e+05,3.1939e+06,3.6051e+05,-52.648,-8.0397,-42.088,9.3773
0.030726,0.60323,0.24599,-0.75865,0.030447,0.3,0.2724,0,0,0,0,4.6103,140.26,-8.2849e+05,3.3155e+06,4.5661e+05,-51.89,-6.6106,-45.025,8.5459
0.13581,0.64484,0.27817,-0.7112,0.030317,0.3,0.27229,0,0,0,0,3.8629,619.97,-8.2481e+05,3.1783e+06,5.0699e+05,-47.088,-4.8611,-44.974,7.6667
0.15013,0.66237,0.285,-0.6926,0.030297,0.3,0.27227,0,0,0,0,3.6821,685.35,-8.317e+05,3.1861e+06,5.181e+05,-46.801,-4.7014,-45.278,7.4931
0.23277,0.69426,0.30031,-0.65271,0.030129,0.3,0.2721,0,0,0,0,3.3941,1062.5,-8.04e+05,3.1054e+06,5.8994e+05,-44.412,-2.7445,-45.04,7.1203
0.33758,0.7065,0.32056,-0.62809,0.029886,0.3,0.27182,0,0,0,0,3.26,1541,-7.0748e+05,2.8857e+06,6.6102e+05,-39.923,0.28021,-42.826,6.7029
0.47106,0.70852,0.33704,-0.61859,0.029543,0.3,0.27147,0,0,0,0,2.9008,2150.3,-6.2807e+05,2.7144e+06,7.8391e+05,-35.517,4.0133,-41.817,6.1236
0.65938,0.77386,0.36749,-0.51584,0.029203,0.3,0.27096,0,0,0,0,3.2059,3010,-3.58e+05,2.0395e+06,1.0412e+06,-27.184,11.782,-32.291,5.428
0.6866,0.81009,0.40947,-0.4177,0.029112,0.3,0.27074,0,0,0,0,3.1939,3134.3,-2.4196e+05,1.6769e+06,1.1296e+06,-25.027,14.054,-26.058,5.2014
0.79076,0.8675,0.46508,-0.17445,0.028881,0.3,0.27024,0,0,0,0,3.3615,3609.7,1.005e+05,6.9821e+05,1.3951e+06,-18.314,21.113,-9.3316,4.5505
0.80092,0.86936,0.47223,-0.14551,0.028756,0.3,0.26953,0,0,0,0,3.2746,3656.1,2.7146e+05,75590,1.5464e+06,-16.09,24.316,1.6321,4.3598
-1.6745,-0.99978,0.020828,-1.0654e-06,-0.11625,0.3,0.23225,0,0,0,0,0.19633,-7643.7,-5228.2,97636,2.2242e+05,-23.257,-3.8054,0.68228,2.3832
-1.1572,-0.99978,0.020829,-1.3611e-06,-0.11625,0.3,0.23292,0,0,0,0,0.33422,-5282.3,-1115.2,4.4038e+05,3.1183e+05,-9.9074,-5.6126,7.6324,2.5869
-0.67833,-0.99978,0.02083,-6.4169e-07,-0.11625,0.3,0.23364,0,0,0,0,0.62094,-3096.5,-8470.3,-3.728e+05,4.6599e+05,2.8892,-8.6445,-6.9202,3.2985
-1.3292,-0.99978,0.02083,2.4676e-07,-0.11625,0.3,0.23439,0,0,0,0,0.5372,-6067.9,-2924.8,-5.7976e+05,4.0677e+05,-10.854,-7.2065,-10.327,3.3715
-1.9336,-0.99978,0.02083,2.6878e-07,-0.11625,0.3,0.23525,0,0,0,0,0.30552,-8826.6,15370,4.2302e+05,2.8705e+05,-23.838,-4.6314,8.7663,2.971
-0.053323,-0.049005,0.10513,0.99325,-0.081408,0.3,0.49193,0,0,0,0,15.861,-243.41,89163,-9.9164e+05,1.1102e+05,-22.987,-2.2722,-1.8053,11.86
-0.058152,-0.049387,0.1051,0.99323,-0.081002,0.3,0.49195,0,0,0,0,14.731,-265.46,91889,-1.0273e+06,1.1484e+05,-23.39,-2.2968,-1.7905,11.449
-0.061229,-0.086293,0.10659,0.99055,-0.084985,0.3,0.49161,0,0,0,0,38.973,-279.5,75003,-7.7698e+05,90718,-20.646,-2.2391,-2.1031,15.492
-0.084566,-0.052008,0.10542,0.99307,-0.078748,0.3,0.49206,0,0,0,0,7.6407,-386.03,1.0659e+05,-1.2428e+06,1.3653e+05,-25.782,-2.3948,-1.6745,8.8815
-0.061799,-0.1073,0.10722,0.98843,-0.08509,0.3,0.4916,0,0,0,0,39.763,-282.1,75137,-7.7102e+05,90106,-20.55,-2.2482,-2.0971,15.575
-0.088341,-0.053443,0.10553,0.99298,-0.078687,0.3,0.49206,0,0,0,0,7.3941,-403.27,1.0673e+05,-1.2537e+06,1.376e+05,-25.864,-2.387,-1.6878,8.7201
-0.064996,-0.10761,0.10723,0.98839,-0.085445,0.3,0.49156,0,0,0,0,40.877,-296.7,73843,-7.5717e+05,88679,-20.358,-2.2348,-2.1185,15.887
-0.12184,-0.05418,0.10426,0.99307,-0.076293,0.3,0.49219,0,0,0,0,4.5043,-556.17,1.1868e+05,-1.4635e+06,1.5702e+05,-28.345,-2.4336,-1.2345,6.4912
-0.10444,-0.15282,0.10826,0.98231,-0.090095,0.3,0.49103,0,0,0,0,55.689,-476.77,57332,-5.8179e+05,70317,-17.991,-2.0685,-2.4631,19.838
-0.13061,-0.014976,0.10468,0.99439,-0.075541,0.3,0.4922,0,0,0,0,3.88,-596.2,1.17e+05,-1.6112e+06,1.6782e+05,-30.712,-2.3164,-0.78915,5.7763
-0.2036,-0.16125,0.10872,0.9809,-0.095605,0.3,0.49018,0,0,0,0,55.684,-929.41,43588,-4.8347e+05,61492,-17.223,-1.9188,-2.9268,24.251
-0.14153,-0.015798,0.1042,0.99443,-0.07493,0.3,0.49221,0,0,0,0,3.4754,-646.06,1.1879e+05,-1.7239e+06,1.7739e+05,-32.581,-2.2884,-0.42517,5.3204
-0.29469,-0.19328,0.11075,0.97487,-0.10054,0.3,0.48926,0,0,0,0,59.415,-1345.2,36279,-4.7575e+05,61229,-18.461,-1.8246,-3.3558,27.27
-0.15542,-0.016544,0.10428,0.99441,-0.074555,0.3,0.49222,0,0,0,0,3.4466,-709.48,1.2005e+05,-1.8347e+06,1.8603e+05,-34.587,-2.2905,-0.29425,5.1541
-0.31182,-0.19422,0.11082,0.97468,-0.10164,0.3,0.48905,0,0,0,0,60.265,-1423.4,35001,-4.763e+05,61276,-18.76,-1.8099,-3.446,27.835
-0.15714,-0.016614,0.10427,0.99441,-0.074533,0.3,0.49222,0,0,0,0,3.4522,-717.35,1.211e+05,-1.8413e+06,1.864e+05,-34.709,-2.3084,-0.28151,5.148
-0.32845,-0.19663,0.1103,0.97425,-0.10233,0.3,0.48891,0,0,0,0,61.226,-1499.3,33149,-4.7941e+05,61409,-19.117,-1.7599,-3.5293,28.307
-0.21282,-0.0166,0.10428,0.99441,-0.073945,0.3,0.49223,0,0,0,0,2.9609,-971.52,1.2093e+05,-2.0581e+06,2.0894e+05,-38.63,-2.2395,0.25135,4.8188
-0.37489,-0.19958,0.10935,0.97376,-0.1044,0.3,0.48848,0,0,0,0,63.874,-1711.3,29364,-4.8834e+05,61688,-20.101,-1.6692,-3.726,29.55
-0.26239,-0.01659,0.10428,0.99441,-0.073252,0.3,0.49224,0,0,0,0,1.8468,-1197.8,1.3038e+05,-2.2884e+06,2.3928e+05,-42.743,-2.5316,-0.92543,4.3211
-0.46073,-0.19608,0.1096,0.97444,-0.1076,0.3,0.48783,0,0,0,0,69.159,-2103.2,26141,-5.133e+05,63715,-22.21,-1.6238,-4.0003,31.554
-0.2784,-0.016584,0.10428,0.99441,-0.0725,0.3,0.49225,0,0,0,0,1.0351,-1270.9,1.4097e+05,-2.4651e+06,2.6151e+05,-45.939,-2.8544,-2.1565,3.9895
-0.47936,-0.19588,0.10966,0.97448,-0.10832,0.3,0.48768,0,0,0,0,70.262,-2188.2,25608,-5.185e+05,64148,-22.649,-1.6203,-4.0548,31.973
-0.64379,-0.18755,0.10974,0.97611,-0.11424,0.3,0.4865,0,0,0,0,79.755,-2938.8,22536,-5.7538e+05,70044,-26.85,-1.5551,-4.1061,34.71
-0.82993,-0.16079,0.10885,0.98097,-0.11997,0.3,0.48545,0,0,0,0,89.257,-3788.6,18371,-6.5748e+05,76875,-32.378,-1.3252,-3.5246,36.964
-0.99122,-0.10956,0.10722,0.98818,-0.1258,0.3,0.48461,0,0,0,0,90.899,-4524.8,15497,-7.9063e+05,88340,-39.362,-0.96723,-1.6871,37.325
-1.0313,0.014465,0.10324,0.99455,-0.13158,0.3,0.48416,0,0,0,0,48.457,-4708,15003,-1.0367e+06,1.0918e+05,-46.619,-0.51098,1.7422,33.297
-1.0292,0.01745,0.10309,0.99447,-0.13208,0.3,0.48417,0,0,0,0,44.55,-4698.3,15140,-1.0673e+06,1.1172e+05,-47.091,-0.45172,2.2761,32.676
-1.007,0.032559,0.10222,0.99422,-0.13668,0.3,0.48423,0,0,0,0,7.1698,-4596.7,18299,-1.3345e+06,1.3431e+05,-49.952,0.0047676,6.9439,26.262
-1.0076,0.10236,0.099147,0.98979,-0.13683,0.3,0.48424,0,0,0,0,7.0511,-4599.8,17954,-1.3428e+06,1.361e+05,-49.882,0.04084,7.0916,25.991
-0.9357,0.1397,0.097309,0.9854,-0.14043,0.3,0.4846,0,0,0,0,6.0145,-4271.4,21198,-1.6452e+06,1.6052e+05,-54.209,0.46263,11.975,21.961
-0.74338,0.17684,0.095325,0.97961,-0.14336,0.3,0.48513,0,0,0,0,7.6674,-3393.5,19361,-2.0654e+06,1.9562e+05,-60.514,1,16.809,19.072
-0.59695,0.2659,0.089736,0.95981,-0.14533,0.3,0.48566,0,0,0,0,6.5742,-2725,17659,-2.3753e+06,2.1783e+05,-59.4,1.5115,21.554,15.417
-0.56417,0.26878,0.088972,0.95907,-0.14572,0.3,0.48576,0,0,0,0,6.3928,-2575.4,16384,-2.4465e+06,2.2174e+05,-59.412,1.627,22.589,14.699
-0.55847,0.35709,0.083287,0.93034,-0.14582,0.3,0.48579,0,0,0,0,6.1311,-2549.4,12678,-2.4662e+06,2.2534e+05,-59.196,1.7589,22.924,14.463
-0.36854,0.4085,0.079183,0.90931,-0.14818,0.3,0.48669,0,0,0,0,4.2181,-1682.3,16343,-2.7778e+06,2.4505e+05,-58.362,2.3126,30.53,12.344
-0.0020428,0.56456,0.066011,0.82272,-0.14924,0.3,0.48724,0,0,0,0,4.5643,-9.3253,1243.2,-3.3224e+06,2.6884e+05,-61.975,3.2002,40.47,10.966
0.14966,0.5729,0.062992,0.8169,-0.14976,0.3,0.4876,0,0,0,0,4.2312,683.19,-5084.5,-3.3871e+06,2.6147e+05,-59.361,3.3051,42.344,10.072
0.44018,0.59388,0.056742,0.80254,-0.15082,0.3,0.48832,0,0,0,0,3.5143,2009.4,-13144,-3.5523e+06,2.4641e+05,-55.004,3.4246,46.284,8.2643
0.48984,0.62985,0.053701,0.77417,-0.1509,0.3,0.48838,0,0,0,0,3.2191,2236.1,-24132,-3.5291e+06,2.5017e+05,-53.062,3.6605,46.545,7.9016
0.83781,0.76891,0.033808,0.63842,-0.15169,0.3,0.48918,0,0,0,0,2.0963,3824.5,-6021.7,-2.9353e+06,1.6232e+05,-36.03,2.3614,42.151,6.0788
1.1357,0.87666,0.01326,0.48083,-0.15202,0.3,0.48966,0,0,0,0,2.0154,5184.6,20437,-1.9453e+06,20114,-18.695,0.040605,30.564,4.7931
1.2791,0.96441,-0.012767,0.26391,-0.15242,0.3,0.4906,0,0,0,0,2.0871,5838.9,35460,-7.4981e+05,-1.313e+05,-7.0068,-2.5005,12.266,2.9672
1.3113,0.99062,-0.026428,0.13371,-0.1525,0.3,0.49119,0,0,0,0,2.1997,5986.1,38987,-44815,-2.051e+05,-2.3934,-3.762,0.4721,1.817
-0.21701,-0.022753,0.10116,0.99461,0.10792,0.3,0.27036,0,0,0,0,1.4071,-990.63,1.1627e+05,-1.3985e+06,1.7907e+05,-26.591,-2.3284,-0.37635,4.95
-0.22424,-0.022762,0.10116,0.99461,0.10875,0.3,0.27038,0,0,0,0,1.2943,-1023.6,1.3208e+05,-1.6361e+06,2.1281e+05,-31.046,-2.7629,-1.1314,4.5495
-0.19766,-0.022735,0.10117,0.99461,0.10715,0.3,0.27034,0,0,0,0,1.56,-902.31,1.0618e+05,-1.2279e+06,1.5296e+05,-23.402,-2.0335,0.10217,5.4205
-0.17326,-0.022741,0.10117,0.99461,0.10633,0.3,0.27032,0,0,0,0,2.0167,-790.92,53835,-1.1627e+06,1.4825e+05,-22.366,-1.066,0.044952,5.8827
-0.14485,-0.022749,0.10116,0.99461,0.10561,0.3,0.2703,0,0,0,0,2.2404,-661.24,-13948,-1.078e+06,1.3236e+05,-20.677,0.19985,-0.31329,5.7213
-0.14568,-0.027552,0.095975,0.99497,0.10534,0.3,0.2703,0,0,0,0,2.2374,-665,-20648,-1.0241e+06,1.1783e+05,-19.714,0.31813,-0.4819,5.9213
-0.13888,-0.022944,0.097038,0.99493,0.10467,0.3,0.27028,0,0,0,0,2.272,-633.95,-43534,-9.5145e+05,99184,-18.326,0.75549,-0.69541,6.0811
-0.14095,-0.020904,0.092352,0.99545,0.10438,0.3,0.27028,0,0,0,0,2.3933,-643.42,-46584,-9.1065e+05,89884,-17.646,0.81975,-0.76325,6.5132
-0.14356,-0.024386,0.088173,0.99578,0.10433,0.3,0.27028,0,0,0,0,2.6984,-655.36,-49308,-9.0372e+05,86152,-17.653,0.86963,-0.86406,6.7329
-0.1432,-0.026601,0.086832,0.99586,0.10411,0.3,0.27027,0,0,0,0,2.7453,-653.68,-54735,-9.0854e+05,84725,-17.62,0.97378,-0.93427,6.5573
-0.14324,-0.065305,0.078872,0.99474,0.10314,0.3,0.27022,0,0,0,0,4.0658,-653.88,-53071,-8.8414e+05,68459,-17.467,0.95593,-1.1877,7.3972
-0.13359,-0.062181,0.078976,0.99493,0.10129,0.3,0.2701,0,0,0,0,4.8691,-609.8,-68779,-8.6892e+05,64904,-17.094,1.2501,-1.3875,7.3716
-0.13315,-0.060768,0.079652,0.99497,0.10097,0.3,0.27008,0,0,0,0,4.5819,-607.81,-72806,-8.5468e+05,60236,-16.765,1.3309,-1.4013,7.2583
-0.13133,-0.059802,0.08044,0.99496,0.10063,0.3,0.27006,0,0,0,0,4.7231,-599.5,-76340,-8.3716e+05,59597,-16.506,1.4115,-1.3967,7.4187
-0.13252,-0.061733,0.078145,0.99503,0.098434,0.3,0.26993,0,0,0,0,5.3387,-604.96,-1.0084e+05,-7.37e+05,49607,-14.838,1.9593,-1.4399,8.0292
-0.14439,-0.10262,0.057155,0.99308,0.095233,0.3,0.26963,0,0,0,0,7.9602,-659.11,-1.1372e+05,-6.1348e+05,24409,-13.162,2.3877,-1.6666,9.7802
-0.15403,-0.11994,0.044196,0.99179,0.092482,0.3,0.2693,0,0,0,0,11.571,-703.14,-1.1223e+05,-5.4695e+05,9074.8,-12.269,2.4863,-1.757,11.044
-0.19001,-0.1734,0.035192,0.98422,0.089418,0.3,0.2689,0,0,0,0,23.688,-867.37,-96675,-4.9108e+05,1881.7,-11.716,2.2906,-1.881,12.779
-0.19462,-0.16859,0.035044,0.98501,0.089233,0.3,0.26887,0,0,0,0,23.675,-888.43,-94747,-4.8397e+05,868.45,-11.624,2.2601,-1.8784,12.889
-0.27004,-0.15552,0.025039,0.98751,0.085056,0.3,0.26814,0,0,0,0,35.561,-1232.7,-71456,-4.2719e+05,-6206.9,-11.656,1.9445,-2.1349,16.478
-0.27799,-0.18367,0.0099927,0.98294,0.084556,0.3,0.26807,0,0,0,0,37.015,-1269,-69697,-4.1886e+05,-7695.5,-11.611,1.9356,-2.1551,16.852
-0.37188,-0.19344,0.0036469,0.9811,0.076139,0.3,0.26646,0,0,0,0,41.852,-1697.6,-38927,-3.9806e+05,-9789.5,-12.982,1.2817,-2.4818,21.531
-0.47886,-0.19613,0.002444,0.98057,0.070952,0.3,0.26541,0,0,0,0,48.153,-2185.9,-10563,-4.195e+05,-6363.1,-15.343,0.4133,-2.7174,25.271
-0.60695,-0.18255,0.010557,0.98313,0.065491,0.3,0.26431,0,0,0,0,55.982,-2770.7,15343,-4.7042e+05,3283.8,-18.666,-0.62287,-2.6418,28.043
-0.74611,-0.14876,0.031171,0.98835,0.059775,0.3,0.26333,0,0,0,0,64.683,-3405.9,47371,-5.5639e+05,21431,-23.242,-2.0242,-1.9863,29.939
-0.86034,-0.089372,0.065273,0.99379,0.053998,0.3,0.26257,0,0,0,0,67.527,-3927.3,86470,-6.9739e+05,55303,-28.658,-3.44,0.17853,29.65
-0.89207,-0.052365,0.085015,0.99492,0.048258,0.3,0.26226,0,0,0,0,37.173,-4072.2,1.3949e+05,-9.2656e+05,1.0922e+05,-33.636,-4.5846,3.1989,26.024
-0.87096,0.063394,0.14245,0.98759,0.043446,0.3,0.26246,0,0,0,0,8.513,-3975.9,2.084e+05,-1.1819e+06,1.8159e+05,-37.189,-5.3878,6.9102,21.294
-0.87415,0.063213,0.14476,0.98732,0.042972,0.3,0.26246,0,0,0,0,7.9019,-3990.4,2.1206e+05,-1.2012e+06,1.8652e+05,-37.593,-5.4298,7.2369,20.98
-0.87518,0.069791,0.1493,0.98622,0.042895,0.3,0.26246,0,0,0,0,5.1045,-3995.1,2.1471e+05,-1.2033e+06,1.874e+05,-37.555,-5.4892,7.3511,20.852
-0.80261,0.11862,0.19285,0.97401,0.039454,0.3,0.26296,0,0,0,0,4.5441,-3663.8,2.9699e+05,-1.4959e+06,2.8639e+05,-41.318,-5.9689,11.658,17.335
-0.79811,0.12281,0.19464,0.97314,0.039254,0.3,0.26298,0,0,0,0,4.7087,-3643.3,3.0357e+05,-1.518e+06,2.9566e+05,-41.812,-6.0511,11.955,17.178
-0.68753,0.27987,0.26357,0.92312,0.036393,0.3,0.26363,0,0,0,0,3.7175,-3138.5,3.6561e+05,-1.7732e+06,3.8762e+05,-42.987,-5.389,15.734,14.123
-0.66579,0.28693,0.26802,0.91956,0.035965,0.3,0.26376,0,0,0,0,3.3423,-3039.3,3.6802e+05,-1.7962e+06,4.0122e+05,-42.932,-5.0731,16.44,13.833
-0.60715,0.30992,0.28978,0.90552,0.034918,0.3,0.26409,0,0,0,0,2.2257,-2771.6,4.1237e+05,-1.9107e+06,4.5219e+05,-41.701,-4.4842,18.663,11.718
-0.6052,0.31224,0.29075,0.90435,0.034879,0.3,0.26411,0,0,0,0,2.1701,-2762.7,4.1494e+05,-1.9208e+06,4.5544e+05,-41.711,-4.4753,18.723,11.59
-0.56675,0.34229,0.30212,0.88968,0.034048,0.3,0.26441,0,0,0,0,1.9632,-2587.1,4.3874e+05,-2.0067e+06,5.0403e+05,-42.573,-3.9536,21,11.275
-0.54638,0.35877,0.31103,0.87966,0.033695,0.3,0.26456,0,0,0,0,1.8617,-2494.2,4.5837e+05,-2.0431e+06,5.1759e+05,-42.648,-3.8507,22.26,11.095
-0.4875,0.42228,0.32694,0.84545,0.032863,0.3,0.26493,0,0,0,0,2.2166,-2225.4,5.0996e+05,-2.1659e+06,5.7414e+05,-43.891,-3.5179,25.149,10.987
-0.32948,0.42228,0.32694,0.84545,0.031837,0.3,0.26545,0,0,0,0,3.1847,-1504,6.1776e+05,-2.4578e+06,7.499e+05,-45.784,-1.9966,30.977,10.471
-0.2906,0.50399,0.37964,0.77547,0.031664,0.3,0.26557,0,0,0,0,3.2709,-1326.5,6.3216e+05,-2.5085e+06,7.8922e+05,-45.768,-1.4564,31.891,10.2
-0.14425,0.52918,0.39424,0.75109,0.030886,0.3,0.26608,0,0,0,0,3.3642,-658.49,6.5411e+05,-2.6782e+06,9.3205e+05,-45.257,1.1714,34.954,8.8709
-0.074479,0.58363,0.40842,0.70022,0.030429,0.3,0.26644,0,0,0,0,2.8967,-339.99,6.6318e+05,-2.6812e+06,9.5997e+05,-43.356,2.4146,36.115,8.0774
-0.036952,0.63598,0.42926,0.641,0.030136,0.3,0.26669,0,0,0,0,2.4756,-168.68,6.9109e+05,-2.5779e+06,9.1604e+05,-40.463,2.2657,36.054,7.5267
-0.019737,0.63852,0.43433,0.63531,0.030121,0.3,0.2667,0,0,0,0,2.37,-90.098,7.0982e+05,-2.5624e+06,9.2696e+05,-39.882,2.3798,36.39,7.4455
0.016551,0.65114,0.43755,0.6192,0.029997,0.3,0.26683,0,0,0,0,2.2384,75.553,7.11e+05,-2.5312e+06,9.3099e+05,-38.627,2.9554,36.583,7.1497
0.077324,0.65663,0.44742,0.60546,0.02983,0.3,0.26703,0,0,0,0,2.053,352.97,7.0961e+05,-2.4586e+06,9.4512e+05,-36.241,4.0855,36.745,6.8422
0.1831,0.67097,0.4729,0.57078,0.029547,0.3,0.26735,0,0,0,0,1.4579,835.81,7.2626e+05,-2.3708e+06,9.7724e+05,-32.374,5.9919,37.759,5.9362
0.22897,0.66526,0.47321,0.5771,0.029444,0.3,0.26746,0,0,0,0,1.3325,1045.2,7.2573e+05,-2.3272e+06,1.0284e+06,-31.077,7.37,38.08,5.8396
0.3882,0.80314,0.49233,0.33493,0.029083,0.3,0.26804,0,0,0,0,1.3492,1772.1,6.4523e+05,-2.0317e+06,1.1362e+06,-25.268,12.133,35.58,5.5098
0.42324,0.80522,0.49002,0.33303,0.029013,0.3,0.26823,0,0,0,0,1.3544,1932,6.3148e+05,-1.9137e+06,1.1594e+06,-23.477,13.308,34.088,5.389
0.55215,0.86215,0.49342,0.10712,0.028813,0.3,0.26881,0,0,0,0,1.3893,2520.5,5.6334e+05,-1.4444e+06,1.2048e+06,-16.471,17.133,27.814,4.8993
0.60207,0.86585,0.49448,0.075857,0.028756,0.3,0.26953,0,0,0,0,1.41,2748.4,5.9686e+05,-1.2303e+06,1.2361e+06,-13.723,18.749,25.198,4.7162
