"Cp","Normals:0","Normals:1","Normals:2","Points:0","Points:1","Points:2","RegionId","U:0","U:1","U:2","k","p","vorticity:0","vorticity:1","vorticity:2","wallShearStress:0","wallShearStress:1","wallShearStress:2","yPlus"
-0.24702,0.23834,0.055362,-0.9696,-0.75495,0.3,0.23384,0,0,0,0,90.729,-1127.6,10493,4.9825e+05,36910,-34.918,1.4357,-9.4594,61.444
-0.2437,0.24288,0.051466,-0.96869,-0.75617,0.3,0.23355,0,0,0,0,88.923,-1112.5,11278,4.0193e+05,26288,-33.379,1.5254,-9.3867,75.554
-0.24494,0.20905,0.069324,-0.97545,-0.75443,0.3,0.23395,0,0,0,0,91.094,-1118.1,10045,5.1896e+05,39168,-35.173,1.3934,-9.4667,58.596
-0.24735,0.24664,0.0481,-0.96791,-0.75746,0.3,0.23322,0,0,0,0,88.371,-1129.1,10507,3.4603e+05,20446,-32.226,1.5225,-9.5256,86.087
-0.23045,0.20775,0.070245,-0.97566,-0.75339,0.3,0.23417,0,0,0,0,91.834,-1052,8241.2,5.5442e+05,42428,-35.353,1.2341,-9.3125,53.857
-0.2691,0.25223,0.042741,-0.96672,-0.7587,0.3,0.2329,0,0,0,0,88.573,-1228.4,11926,3.2649e+05,18099,-32.09,1.7152,-10.139,92.129
-0.21005,0.20647,0.071105,-0.97586,-0.75311,0.3,0.23423,0,0,0,0,92.198,-958.85,6162.4,5.6213e+05,42352,-35.131,1.0776,-9.0636,52.338
-0.27828,0.27159,0.030302,-0.96193,-0.76079,0.3,0.23235,0,0,0,0,89.013,-1270.3,14135,3.2239e+05,15046,-32.465,1.9101,-10.737,95.308
-0.2084,0.20549,0.072123,-0.976,-0.753,0.3,0.23426,0,0,0,0,92.351,-951.34,5859.2,5.7409e+05,43778,-35.299,1.0517,-9.0632,50.965
-0.27436,0.28477,0.023207,-0.95831,-0.76202,0.3,0.23199,0,0,0,0,89.356,-1252.4,15133,3.2276e+05,12328,-32.696,1.9501,-11.219,96.478
-0.18643,0.20549,0.072153,-0.976,-0.75235,0.3,0.23439,0,0,0,0,92.582,-851.04,3788.9,5.8988e+05,43429,-35.14,0.89112,-8.8328,48.774
-0.28471,0.29186,0.017669,-0.95629,-0.76328,0.3,0.23161,0,0,0,0,89.63,-1299.7,16196,3.2414e+05,10996,-32.805,2.03,-11.901,97.047
-0.17699,0.2055,0.072151,-0.97599,-0.7517,0.3,0.23453,0,0,0,0,93.009,-807.93,3365.8,6.0215e+05,41716,-35.087,0.86052,-8.6789,47.317
-0.29074,0.3055,0.0094482,-0.95212,-0.76535,0.3,0.23097,0,0,0,0,89.8,-1327.2,18198,3.27e+05,9172.8,-33.156,2.1833,-12.519,97.828
-0.17937,0.20549,0.072123,-0.976,-0.75162,0.3,0.23455,0,0,0,0,93.181,-818.82,2708.7,6.1029e+05,41730,-35.335,0.81729,-8.6626,47
-0.28367,0.32265,-0.0003609,-0.94651,-0.76654,0.3,0.23057,0,0,0,0,89.67,-1294.9,19300,3.2909e+05,6507.4,-33.354,2.201,-13.039,98.356
-0.18546,0.20547,0.072121,-0.976,-0.75076,0.3,0.23473,0,0,0,0,94.347,-846.6,2537.3,6.5807e+05,38207,-36.585,0.79007,-8.7143,44.549
-0.28888,0.33163,-0.0079771,-0.94337,-0.76778,0.3,0.23014,0,0,0,0,89.458,-1318.7,20275,3.303e+05,4418,-33.341,2.2163,-13.726,98.681
-0.19056,0.20549,0.072127,-0.976,-0.75067,0.3,0.23475,0,0,0,0,94.654,-869.88,1872,6.6975e+05,37141,-37.004,0.73489,-8.7157,44.222
-0.27848,0.34982,-0.019335,-0.93657,-0.76982,0.3,0.22942,0,0,0,0,88.83,-1271.2,22309,3.3234e+05,1478.1,-33.542,2.3065,-14.272,99.217
-0.23837,0.20549,0.072119,-0.976,-0.75011,0.3,0.23487,0,0,0,0,96.716,-1088.1,26946,7.7812e+05,45056,-40.049,1.361,-7.8926,41.221
-0.23974,0.37375,-0.033512,-0.92689,-0.77098,0.3,0.22896,0,0,0,0,88.081,-1094.4,22774,3.3155e+05,-3027.5,-33.307,2.1589,-14.435,98.994
-0.29949,0.20549,0.07211,-0.976,-0.74971,0.3,0.23495,0,0,0,0,98.439,-1367.1,65838,8.7865e+05,61025,-42.615,2.304,-6.5253,39.175
-0.20844,0.38403,-0.041174,-0.9224,-0.77217,0.3,0.22847,0,0,0,0,87.998,-951.49,21144,3.2768e+05,-6078.1,-32.485,1.8331,-14.507,97.969
-0.20169,0.38542,-0.042494,-0.92176,-0.77416,0.3,0.22764,0,0,0,0,88.183,-920.7,19962,3.2613e+05,-6735.7,-32.009,1.6495,-14.844,97.559
-0.22106,0.38575,-0.043028,-0.9216,-0.77529,0.3,0.22716,0,0,0,0,88.094,-1009.1,20558,3.2816e+05,-6512.7,-32.108,1.6879,-15.539,98.094
-0.23244,0.39631,-0.049343,-0.91676,-0.77729,0.3,0.22633,0,0,0,0,87.313,-1061.1,23693,3.3247e+05,-7387.9,-32.602,1.9371,-16.465,99.269
-0.1988,0.41243,-0.058347,-0.90898,-0.77854,0.3,0.22578,0,0,0,0,86.008,-907.48,26134,3.3372e+05,-11641,-32.693,1.9663,-16.943,99.677
-0.18362,0.447,-0.082608,-0.89071,-0.77913,0.3,0.22548,0,0,0,0,85.768,-838.23,25459,3.3203e+05,-12903,-32.362,1.8233,-16.898,99.241
-0.12556,0.44917,-0.082746,-0.88961,-0.78022,0.3,0.22493,0,0,0,0,84.781,-573.18,25039,3.2865e+05,-18060,-31.738,1.5028,-16.787,98.394
-0.11348,0.44917,-0.08274,-0.88961,-0.78152,0.3,0.22428,0,0,0,0,84.451,-518,23031,3.2528e+05,-18706,-31.007,1.2286,-16.777,97.5
-0.11574,0.44915,-0.082913,-0.8896,-0.78212,0.3,0.22398,0,0,0,0,84.173,-528.35,23130,3.2588e+05,-18677,-31.023,1.2234,-16.98,97.654
-0.11257,0.44934,-0.082927,-0.8895,-0.78321,0.3,0.22343,0,0,0,0,83.649,-513.89,22378,3.2558e+05,-18913,-30.785,1.0987,-17.282,97.562
-0.10173,0.45386,-0.084667,-0.887,-0.7845,0.3,0.22277,0,0,0,0,82.353,-464.41,24103,3.2703e+05,-20444,-30.876,1.1573,-17.766,98
-0.082906,0.47189,-0.10346,-0.87556,-0.78509,0.3,0.22245,0,0,0,0,81.753,-378.46,24076,3.2554e+05,-22077,-30.632,1.0626,-17.668,97.64
-0.041383,0.49691,-0.11038,-0.86075,-0.78615,0.3,0.22189,0,0,0,0,80.25,-188.91,24922,3.2455e+05,-25308,-30.441,0.95343,-17.711,97.436
-0.0032002,0.49759,-0.11175,-0.86018,-0.78728,0.3,0.22123,0,0,0,0,78.997,-14.609,22374,3.1844e+05,-28016,-29.353,0.53207,-17.362,95.869
0.01978,0.49764,-0.11176,-0.86015,-0.78912,0.3,0.22017,0,0,0,0,77.805,90.294,20287,3.1426e+05,-29523,-28.544,0.22184,-17.238,94.8
0.036421,0.5008,-0.11482,-0.85792,-0.79015,0.3,0.21957,0,0,0,0,76.466,166.26,19714,3.132e+05,-30550,-28.253,0.079852,-17.364,94.536
0.074407,0.51524,-0.12239,-0.84826,-0.79206,0.3,0.21844,0,0,0,0,74.634,339.66,19174,3.1034e+05,-33325,-27.753,-0.14457,-17.276,93.864
0.12038,0.5269,-0.12663,-0.84044,-0.79297,0.3,0.21787,0,0,0,0,72.919,549.53,17350,3.0579e+05,-36119,-27.034,-0.4754,-16.961,92.743
0.125,0.52986,-0.12854,-0.83829,-0.79323,0.3,0.21771,0,0,0,0,72.744,570.6,16869,3.0498e+05,-36173,-26.897,-0.52301,-16.911,92.531
0.14569,0.52986,-0.12857,-0.83828,-0.7944,0.3,0.21696,0,0,0,0,71.883,665.05,15467,3.0221e+05,-36989,-26.438,-0.69826,-16.721,91.819
0.15051,0.52989,-0.12835,-0.8383,-0.79478,0.3,0.21673,0,0,0,0,71.534,687.06,14891,3.014e+05,-37196,-26.299,-0.76251,-16.672,91.609
0.17315,0.5334,-0.12991,-0.83583,-0.79662,0.3,0.21556,0,0,0,0,69.64,790.42,12580,2.9801e+05,-38549,-25.709,-1.0526,-16.498,90.746
0.21838,0.54051,-0.13242,-0.83085,-0.79752,0.3,0.21498,0,0,0,0,67.842,996.87,10842,2.9498e+05,-40804,-25.266,-1.3266,-16.287,90.016
0.22565,0.55884,-0.13785,-0.81773,-0.79776,0.3,0.21481,0,0,0,0,67.627,1030.1,10071,2.9401e+05,-40611,-25.121,-1.3768,-16.192,89.754
0.26319,0.55405,-0.13541,-0.82139,-0.79893,0.3,0.21402,0,0,0,0,66.473,1201.4,7946.3,2.8966e+05,-41617,-24.526,-1.5885,-15.757,88.638
0.27221,0.55161,-0.13342,-0.82335,-0.79929,0.3,0.21377,0,0,0,0,66.112,1242.6,7060,2.8806e+05,-41450,-24.297,-1.6448,-15.594,88.213
0.30778,0.55083,-0.12194,-0.82566,-0.8011,0.3,0.21256,0,0,0,0,64.392,1405,2364.6,2.8036e+05,-40823,-23.218,-1.9531,-14.792,86.166
0.33479,0.54953,-0.11976,-0.82684,-0.802,0.3,0.21197,0,0,0,0,63.216,1528.3,-429.54,2.7621e+05,-40040,-22.656,-2.1084,-14.331,85.048
0.33971,0.54841,-0.11783,-0.82787,-0.80224,0.3,0.21181,0,0,0,0,63.017,1550.7,-680.71,2.7547e+05,-40286,-22.566,-2.1363,-14.258,84.868
0.36187,0.54841,-0.11783,-0.82787,-0.80343,0.3,0.21102,0,0,0,0,62.219,1651.9,-2139.1,2.7275e+05,-40319,-22.224,-2.2326,-13.957,84.163
0.37058,0.54841,-0.1177,-0.82788,-0.80379,0.3,0.21078,0,0,0,0,61.913,1691.7,-2648.3,2.716e+05,-40544,-22.086,-2.2752,-13.834,83.873
0.40417,0.5484,-0.1178,-0.82788,-0.80561,0.3,0.20958,0,0,0,0,60.483,1845,-5840.7,2.657e+05,-41548,-21.382,-2.5266,-13.195,82.397
0.43111,0.54814,-0.11729,-0.82812,-0.8065,0.3,0.20899,0,0,0,0,59.615,1968,-8934,2.6122e+05,-42116,-20.866,-2.7521,-12.685,81.275
0.43246,0.54523,-0.11629,-0.83017,-0.80674,0.3,0.20882,0,0,0,0,59.52,1974.1,-9360.6,2.6091e+05,-41643,-20.824,-2.7578,-12.64,81.179
0.446,0.53895,-0.11184,-0.83487,-0.80794,0.3,0.20804,0,0,0,0,59.078,2036,-11217,2.5902e+05,-40888,-20.605,-2.8422,-12.393,80.674
0.44927,0.52789,-0.10268,-0.84308,-0.8083,0.3,0.20782,0,0,0,0,58.908,2050.9,-11520,2.587e+05,-40572,-20.571,-2.8456,-12.341,80.585
0.46357,0.5279,-0.10287,-0.84305,-0.81008,0.3,0.2067,0,0,0,0,57.878,2116.1,-13613,2.5657e+05,-39884,-20.343,-2.9469,-12.048,80.041
0.48182,0.52799,-0.10305,-0.84297,-0.81108,0.3,0.20607,0,0,0,0,56.898,2199.4,-14961,2.5494e+05,-40587,-20.2,-3.0631,-11.821,79.668
0.50817,0.52775,-0.10335,-0.84309,-0.81303,0.3,0.20486,0,0,0,0,55.86,2319.7,-17423,2.5185e+05,-41937,-19.894,-3.2778,-11.448,78.933
0.52126,0.52775,-0.10334,-0.84309,-0.81359,0.3,0.2045,0,0,0,0,55.506,2379.5,-19207,2.4932e+05,-42334,-19.64,-3.3971,-11.152,78.317
0.55774,0.53437,-0.098777,-0.83944,-0.81456,0.3,0.2039,0,0,0,0,54.6,2546,-22579,2.4456e+05,-43774,-19.162,-3.6544,-10.595,77.152
0.5766,0.51549,-0.083146,-0.85283,-0.81566,0.3,0.20319,0,0,0,0,54.256,2632.1,-27833,2.3967e+05,-41224,-18.597,-3.8732,-10.049,75.887
0.5768,0.48826,-0.063966,-0.87032,-0.81752,0.3,0.20211,0,0,0,0,54.102,2633.1,-31427,2.3866e+05,-35029,-18.457,-3.8553,-9.7864,75.467
0.57632,0.47386,-0.054127,-0.87894,-0.81859,0.3,0.20154,0,0,0,0,53.851,2630.8,-31670,2.4042e+05,-31687,-18.722,-3.7423,-9.7443,75.839
0.58911,0.474,-0.054172,-0.87886,-0.82048,0.3,0.20051,0,0,0,0,53.263,2689.2,-32424,2.4041e+05,-32312,-18.783,-3.826,-9.6544,75.91
0.61452,0.47602,-0.052464,-0.87787,-0.82152,0.3,0.19995,0,0,0,0,52.595,2805.2,-34828,2.389e+05,-33017,-18.602,-4.0082,-9.4152,75.305
0.63943,0.47038,-0.0442,-0.88135,-0.82348,0.3,0.19889,0,0,0,0,52.132,2918.9,-38972,2.3802e+05,-32108,-18.291,-4.2147,-9.0786,73.806
0.6456,0.45655,-0.03571,-0.88898,-0.82446,0.3,0.19838,0,0,0,0,52.027,2947.1,-43902,2.4505e+05,-29684,-18.281,-4.365,-9.0016,71.197
0.64662,0.4355,-0.021012,-0.89994,-0.82471,0.3,0.19826,0,0,0,0,51.977,2951.8,-44786,2.4983e+05,-29952,-18.323,-4.3662,-9.03,69.887
0.64923,0.43549,-0.02103,-0.89995,-0.82595,0.3,0.19766,0,0,0,0,52.179,2963.7,-48613,2.6523e+05,-30044,-18.691,-4.4709,-9.2489,66.707
0.65193,0.43651,-0.022387,-0.89942,-0.82636,0.3,0.19746,0,0,0,0,52.375,2976,-50817,2.7558e+05,-31452,-18.872,-4.5449,-9.3758,64.736
0.67005,0.44412,-0.023224,-0.89566,-0.82748,0.3,0.19692,0,0,0,0,53.229,3058.7,-63216,3.3553e+05,-39370,-19.801,-4.8978,-10.046,54.819
0.69305,0.44333,-0.026044,-0.89598,-0.82812,0.3,0.1966,0,0,0,0,53.661,3163.7,-67706,3.6688e+05,-47402,-20.008,-5.0429,-10.427,51.195
0.71047,0.44134,-0.02632,-0.89695,-0.82925,0.3,0.19604,0,0,0,0,54.999,3243.2,-77932,4.2204e+05,-56422,-20.514,-5.2929,-11.104,43.711
0.7132,0.43294,-0.028487,-0.90096,-0.82934,0.3,0.196,0,0,0,0,55.189,3255.7,-79261,4.2639e+05,-57976,-20.625,-5.3819,-11.192,43.359
0.76841,0.50488,-0.060434,-0.86089,-0.83034,0.3,0.19546,0,0,0,0,54.48,3507.7,-90992,4.5502e+05,-81120,-19.818,-6.0693,-11.465,38.23
0.90253,0.57513,-0.10935,-0.81061,-0.83089,0.3,0.19512,0,0,0,0,51.62,4120,-91916,4.2426e+05,-1.3075e+05,-17.931,-7.0079,-10.254,35.438
1.0404,0.75639,-0.21593,-0.61546,-0.83169,0.3,0.19439,0,0,0,0,49.15,4749.1,-83667,3.3341e+05,-2.0745e+05,-16.029,-7.95,-7.4141,32.512
1.0969,0.86779,-0.27657,-0.41285,-0.83183,0.3,0.19405,0,0,0,0,47.419,5007.3,-79187,2.2941e+05,-2.6887e+05,-14.98,-8.6869,-4.7083,30.832
-0.48917,-0.99978,0.02083,-3.0789e-07,-0.11625,0.3,0.23364,0,0,0,0,0.30056,-2233,-3914.2,-1.7087e+05,4.2909e+05,2.1934,-7.9285,-3.1405,2.7927
-0.9139,-0.99978,0.020829,4.6134e-07,-0.11625,0.3,0.23439,0,0,0,0,0.22435,-4171.9,6699.4,-1.96e+05,3.9873e+05,-6.8531,-7.1367,-3.3818,2.8065
-1.0168,-0.99978,0.020829,-1.5604e-06,-0.11625,0.3,0.23292,0,0,0,0,0.2305,-4641.6,-4033.7,3.3553e+05,3.4518e+05,-11.036,-6.2021,5.6718,2.51
-1.3059,-0.99978,0.020829,-1.2118e-07,-0.11625,0.3,0.23525,0,0,0,0,0.13558,-5961.2,21702,6.0135e+05,3.3004e+05,-15.088,-5.6357,11.652,2.5965
-1.5712,-0.99978,0.020828,-1.3897e-06,-0.11625,0.3,0.23225,0,0,0,0,0.17384,-7172.3,-7606.8,54687,3.045e+05,-24.89,-5.2829,-0.14211,2.4878
0.39493,0.67009,0.41435,0.61587,-0.047667,0.3,0.42626,0,0,0,0,3.9307,1802.8,-1.0906e+05,-3.0691e+06,2.1675e+06,-52.921,29.849,39.335,7.5579
0.18248,0.62057,0.43294,0.6538,-0.046924,0.3,0.42556,0,0,0,0,5.773,833.02,-65901,-3.211e+06,2.1403e+06,-60.802,27.017,38.573,8.5446
0.74616,0.7804,0.37776,0.49762,-0.048034,0.3,0.42672,0,0,0,0,3.7301,3406.1,-93377,-2.7675e+06,2.0919e+06,-43.019,31.528,39.396,6.7907
0.16994,0.56896,0.45978,0.68179,-0.046903,0.3,0.42555,0,0,0,0,6.2171,775.77,-57815,-3.2471e+06,2.1472e+06,-61.696,26.6,38.475,8.8232
0.84986,0.79162,0.36459,0.49013,-0.048195,0.3,0.42698,0,0,0,0,3.6877,3879.5,-91609,-2.5145e+06,1.9702e+06,-37.699,30.514,36.828,6.282
0.021998,0.5586,0.45043,0.69605,-0.046628,0.3,0.42534,0,0,0,0,7.1231,100.42,-38104,-3.1527e+06,2.0488e+06,-64.276,24.602,36.552,10.065
1.0917,0.81501,0.36063,0.45228,-0.048505,0.3,0.42757,0,0,0,0,4.2423,4983.3,-72257,-1.509e+06,1.4308e+06,-20.326,23.441,23.4,4.8852
-0.079514,0.51152,0.46401,0.72223,-0.046251,0.3,0.42504,0,0,0,0,7.8952,-362.97,-27666,-3.0826e+06,1.9719e+06,-65.679,22.847,34.733,10.855
1.2278,0.96075,0.202,0.18837,-0.048705,0.3,0.42829,0,0,0,0,4.7848,5604.8,-1.0156e+05,-4.0859e+05,9.0451e+05,-7.9851,15.668,6.0178,3.634
-0.21403,0.4374,0.47646,0.76113,-0.045536,0.3,0.42463,0,0,0,0,7.6111,-977.04,-24605,-2.9107e+06,1.8467e+06,-65.983,20.749,31.745,11.672
1.2725,0.98479,0.14792,0.08412,-0.048734,0.3,0.429,0,0,0,0,5.1361,5808.8,-1.4744e+05,3.9124e+05,6.0302e+05,-3.0696,10.771,-7.8147,3.0511
-0.42535,0.40018,0.48058,0.77931,-0.044565,0.3,0.42412,0,0,0,0,6.9273,-1941.7,-48372,-2.5888e+06,1.6267e+06,-64.478,17.848,26.341,12.882
-0.49728,0.38752,0.48194,0.78579,-0.044268,0.3,0.42395,0,0,0,0,6.8411,-2270,-58309,-2.4715e+06,1.5448e+06,-63.956,16.879,24.508,13.309
-0.50736,0.38068,0.47958,0.79049,-0.044158,0.3,0.4239,0,0,0,0,6.8136,-2316,-60849,-2.4563e+06,1.53e+06,-64.015,16.669,24.106,13.409
-0.6323,0.33543,0.48675,0.80651,-0.043428,0.3,0.42358,0,0,0,0,5.6391,-2886.4,-1.0475e+05,-2.3191e+06,1.4336e+06,-63.002,15.303,20.096,13.698
-0.64202,0.33114,0.48519,0.80908,-0.043372,0.3,0.42355,0,0,0,0,5.5714,-2930.8,-1.0691e+05,-2.3111e+06,1.4278e+06,-62.978,15.201,19.834,13.722
-0.74552,0.26586,0.48594,0.83194,-0.042549,0.3,0.42325,0,0,0,0,6.6686,-3403.2,-1.0276e+05,-2.167e+06,1.3314e+06,-61.373,13.969,18.042,14.861
-0.76672,0.25893,0.48786,0.83336,-0.042226,0.3,0.42313,0,0,0,0,7.12,-3500,-1.0988e+05,-2.1208e+06,1.3021e+06,-61.721,13.602,16.936,15.529
-0.87161,0.22511,0.50459,0.83348,-0.041295,0.3,0.42287,0,0,0,0,8.2022,-3978.8,-1.2584e+05,-1.9287e+06,1.1881e+06,-59.932,12.676,14.243,17.189
-0.87613,0.22361,0.50483,0.83373,-0.041225,0.3,0.42285,0,0,0,0,8.2634,-3999.4,-1.2624e+05,-1.9157e+06,1.1791e+06,-59.79,12.599,14.084,17.307
-0.94935,0.19376,0.50749,0.83941,-0.039391,0.3,0.42241,0,0,0,0,9.3695,-4333.7,-95310,-1.5922e+06,9.4266e+05,-55.282,10.165,11.503,20.26
-0.96663,0.1802,0.50758,0.84236,-0.039071,0.3,0.42234,0,0,0,0,9.172,-4412.6,-96211,-1.5462e+06,9.1147e+05,-54.563,9.8567,10.891,20.583
-1.0211,0.083031,0.50824,0.85682,-0.036159,0.3,0.42189,0,0,0,0,9.8735,-4661.2,-82427,-1.2933e+06,7.3789e+05,-50.795,7.2987,7.1056,23.82
-1.0338,0.066863,0.5035,0.86116,-0.035702,0.3,0.42183,0,0,0,0,9.924,-4719,-82186,-1.2523e+06,7.1213e+05,-50.128,6.9566,6.4076,24.39
-1.0441,0.05867,0.50528,0.86073,-0.035064,0.3,0.42178,0,0,0,0,10.417,-4766.1,-83443,-1.2194e+06,6.9578e+05,-50.096,6.6551,5.5936,25.34
-1.0441,0.048461,0.50558,0.8608,-0.034508,0.3,0.42177,0,0,0,0,11.033,-4766,-78702,-1.1889e+06,6.7282e+05,-49.948,6.0817,4.8107,26.198
-1.0431,0.029548,0.50185,0.86373,-0.033745,0.3,0.42174,0,0,0,0,12.125,-4761.4,-71566,-1.1408e+06,6.4662e+05,-50.576,5.0878,3.1417,28.01
-1.0483,0.032069,0.49577,0.86711,-0.031906,0.3,0.42178,0,0,0,0,36.831,-4785.4,-68770,-1.0365e+06,5.8222e+05,-47.713,4.452,1.8556,30.104
-1.0566,0.016234,0.48805,0.8725,-0.030393,0.3,0.42171,0,0,0,0,43.543,-4823.2,-73675,-9.6784e+05,5.4114e+05,-46.943,3.9432,0.35399,31.821
-1.0649,0.011789,0.48733,0.87311,-0.029625,0.3,0.42169,0,0,0,0,49.588,-4861.4,-73706,-9.1734e+05,5.0928e+05,-45.879,3.5808,-0.36863,32.778
-1.0035,-0.14622,0.47772,0.86625,-0.024224,0.3,0.42218,0,0,0,0,89.195,-4580.9,-66767,-6.8921e+05,3.6658e+05,-38.031,1.9763,-3.2989,36.639
-0.86983,-0.15532,0.47417,0.86659,-0.020243,0.3,0.42286,0,0,0,0,84.969,-3970.7,-70851,-5.9638e+05,3.0943e+05,-32.129,1.5744,-4.3653,35.775
-0.81134,-0.15968,0.47224,0.86688,-0.018453,0.3,0.42316,0,0,0,0,84.047,-3703.7,-71319,-5.5432e+05,2.8294e+05,-29.557,1.3373,-4.8334,35.55
-0.79298,-0.16459,0.47035,0.86693,-0.01782,0.3,0.42329,0,0,0,0,82.904,-3619.9,-72087,-5.4493e+05,2.774e+05,-28.837,1.3212,-4.9064,35.281
-0.62528,-0.19604,0.46386,0.86394,-0.012643,0.3,0.42447,0,0,0,0,74.42,-2854.4,-76344,-4.9041e+05,2.4403e+05,-24.488,1.2643,-5.0913,32.959
-0.59961,-0.19662,0.46382,0.86384,-0.011936,0.3,0.42463,0,0,0,0,72.991,-2737.2,-76877,-4.8062e+05,2.3839e+05,-23.697,1.2492,-5.1025,32.54
-0.41069,-0.19019,0.46498,0.86465,-0.0059156,0.3,0.42599,0,0,0,0,62.703,-1874.7,-82203,-4.3727e+05,2.1467e+05,-19.49,1.2994,-4.7891,28.683
-0.34788,-0.18708,0.46529,0.86516,-0.0028871,0.3,0.42664,0,0,0,0,59.212,-1588,-86065,-4.4048e+05,2.1712e+05,-18.337,1.3293,-4.5243,26.192
-0.28661,-0.15733,0.47065,0.86817,-3.9869e-05,0.3,0.42726,0,0,0,0,55.892,-1308.4,-88943,-4.4208e+05,2.1908e+05,-17.236,1.3384,-4.2687,23.907
-0.17529,-0.15662,0.47081,0.86822,0.005434,0.3,0.42824,0,0,0,0,55.502,-800.2,-1.0853e+05,-5.3116e+05,2.717e+05,-17.822,1.5656,-4.0484,19.023
-0.16662,-0.12047,0.47975,0.86909,0.0063462,0.3,0.42837,0,0,0,0,52.702,-760.59,-1.1354e+05,-5.5578e+05,2.8534e+05,-18.098,1.6355,-4.0276,18.206
-0.12342,-0.11259,0.48246,0.86864,0.0087732,0.3,0.42872,0,0,0,0,54.16,-563.41,-1.2654e+05,-6.2037e+05,3.2246e+05,-19.252,1.806,-4.0848,16.372
-0.12463,-0.10827,0.4826,0.8691,0.0091565,0.3,0.42876,0,0,0,0,50.987,-568.93,-1.3045e+05,-6.3461e+05,3.2969e+05,-19.336,1.8693,-4.0563,15.935
-0.12627,-0.10024,0.47929,0.87191,0.010292,0.3,0.4289,0,0,0,0,41.44,-576.42,-1.3965e+05,-6.6747e+05,3.5239e+05,-19.655,2.0194,-3.9685,14.998
-0.13723,-0.093835,0.48288,0.87064,0.0116,0.3,0.42904,0,0,0,0,31.6,-626.46,-1.4346e+05,-6.8892e+05,3.6561e+05,-19.535,2.0893,-3.7373,14.056
-0.10356,-0.048776,0.48702,0.87202,0.014671,0.3,0.42937,0,0,0,0,14.689,-472.76,-1.6945e+05,-8.5338e+05,4.6548e+05,-21.834,2.4173,-3.5461,11.204
-0.1038,-0.048619,0.48715,0.87196,0.014889,0.3,0.42938,0,0,0,0,14.148,-473.85,-1.6977e+05,-8.6994e+05,4.749e+05,-22.109,2.414,-3.5223,11.043
-0.10789,-0.046486,0.48809,0.87153,0.015311,0.3,0.4294,0,0,0,0,13.457,-492.52,-1.6953e+05,-8.9377e+05,4.8804e+05,-22.478,2.3991,-3.4694,10.796
-0.10739,-0.035309,0.49,0.871,0.017154,0.3,0.42947,0,0,0,0,8.3816,-490.21,-1.8285e+05,-1.0376e+06,5.6798e+05,-24.641,2.5357,-3.3196,9.1789
-0.11344,-0.036982,0.4898,0.87105,0.01723,0.3,0.42948,0,0,0,0,8.2283,-517.83,-1.834e+05,-1.0485e+06,5.724e+05,-24.781,2.5402,-3.3032,9.0636
-0.13156,-0.042267,0.48879,0.87136,0.017846,0.3,0.4295,0,0,0,0,7.6402,-600.55,-1.8303e+05,-1.0964e+06,5.9638e+05,-25.551,2.472,-3.3106,8.6859
-0.15011,-0.052418,0.48542,0.8727,0.019043,0.3,0.42958,0,0,0,0,7.9216,-685.23,-1.8654e+05,-1.1606e+06,6.32e+05,-26.975,2.4803,-3.4134,8.5489
-0.15926,-0.054117,0.4852,0.87273,0.019487,0.3,0.42961,0,0,0,0,8.0706,-727.02,-1.8657e+05,-1.1924e+06,6.4883e+05,-27.665,2.4811,-3.3923,8.479
-0.183,-0.019749,0.48845,0.87237,0.020891,0.3,0.42967,0,0,0,0,7.7018,-835.4,-1.8466e+05,-1.2148e+06,6.745e+05,-29.188,2.8131,-2.9412,9.2439
-0.21313,-0.019733,0.48845,0.87237,0.02193,0.3,0.42969,0,0,0,0,5.8103,-972.9,-1.876e+05,-1.3402e+06,7.5357e+05,-32.112,3.0862,-2.5444,9.1058
-0.23114,-0.01973,0.48845,0.87237,0.022497,0.3,0.42971,0,0,0,0,6.0489,-1055.1,-1.8131e+05,-1.3001e+06,7.2449e+05,-32.362,3.1139,-2.5566,10.229
-0.26434,-0.019731,0.48845,0.87237,0.023056,0.3,0.42972,0,0,0,0,5.4152,-1206.7,-1.8394e+05,-1.5147e+06,8.537e+05,-36.892,3.0977,-2.5306,9.7123
-0.29481,-0.019719,0.48844,0.87237,0.023313,0.3,0.42973,0,0,0,0,5.1253,-1345.8,-1.8314e+05,-1.5901e+06,8.9834e+05,-39.503,3.1237,-2.4794,10.029
-0.3547,-0.019745,0.48845,0.87237,0.024245,0.3,0.42975,0,0,0,0,7.3392,-1619.2,-2.6586e+05,-1.92e+06,1.1029e+06,-48.691,3.9263,-4.3848,10.414
-0.38532,-0.019764,0.48845,0.87237,0.024375,0.3,0.42975,0,0,0,0,8.5459,-1758.9,-3.9497e+05,-2.1102e+06,1.2377e+06,-54.103,5.7218,-6.368,10.4
-0.56266,-1,0,0,-0.31,0.3,0.364,0,0,0,0,28.303,-2568.5,10622,-9450.3,-15002,-29.068,0.45223,-1.5155,139.31
-0.53487,-1,0,0,-0.31,0.3,0.36303,0,0,0,0,14.306,-2441.6,9319.8,-77292,1.0236e+05,-14.822,-2.0353,-2.2236,70.514
-0.48406,-1,0,0,-0.31,0.3,0.36238,0,0,0,0,0.2916,-2209.7,2805.4,-87549,3.6491e+05,0.32099,-7.3383,-1.5543,2.0489
-0.52682,-1,0,0,-0.31,0.3,0.36173,0,0,0,0,16.892,-2404.9,1883,-35095,2.6879e+05,-16.658,-8.6858,-2.0267,81.413
-0.59261,-1,0,0,-0.31,0.3,0.361,0,0,0,0,33.508,-2705.2,6172.6,-40226,27488,-34.534,-7.2179,-3.8766,160.45
-0.22567,-0.037525,1.54e-05,0.9993,-0.31081,0.3,0.36097,0,0,0,0,33.356,-1030.2,4.1224e+05,-1.1922e+06,61644,-42.894,-13.57,-3.4692,98.513
-0.28051,-0.037528,1.1795e-05,0.9993,-0.31,0.3,0.361,0,0,0,0,34.574,-1280.5,53501,-1.8314e+05,1535.8,-32.225,-7.8989,-4.4175,184.2
-0.20039,-0.037517,1.4827e-05,0.9993,-0.31148,0.3,0.36094,0,0,0,0,40.809,-914.75,5.7154e+05,-1.5651e+06,70087,-44.966,-16.666,-2.5507,19.943
-0.22368,-0.037522,9.6394e-06,0.9993,-0.3122,0.3,0.36092,0,0,0,0,31.482,-1021.1,5.2029e+05,-1.3642e+06,43901,-39.744,-15.249,-3.3223,19.993
-0.20471,-0.037523,1.1146e-06,0.9993,-0.31295,0.3,0.36089,0,0,0,0,10.306,-934.48,7.7757e+05,-2.0868e+06,83804,-46.179,-17.514,-3.8989,10.966
-0.18035,-0.037526,-1.2468e-05,0.9993,-0.31369,0.3,0.36086,0,0,0,0,5.2226,-823.26,9.3783e+05,-2.6162e+06,1.0904e+05,-51.704,-18.817,-3.8706,7.4415
-0.17286,-0.037526,-6.1626e-06,0.9993,-0.31444,0.3,0.36083,0,0,0,0,2.1737,-789.07,9.9963e+05,-2.6001e+06,1.1185e+05,-48.694,-18.949,-3.7933,4.9605
-0.16907,-0.037524,1.5537e-05,0.9993,-0.31519,0.3,0.36081,0,0,0,0,0.9493,-771.8,9.9368e+05,-2.2483e+06,1.0045e+05,-41.471,-18.542,-3.4254,3.9733
-0.1537,-0.037526,2.4325e-05,0.9993,-0.31594,0.3,0.36078,0,0,0,0,0.86728,-701.62,1.0213e+06,-2.148e+06,98446,-39.6,-19.021,-3.3444,3.9202
-0.13574,-0.037523,2.5007e-05,0.9993,-0.31668,0.3,0.36075,0,0,0,0,0.88408,-619.66,1.1173e+06,-2.1528e+06,1.0203e+05,-39.699,-20.815,-3.5292,3.9678
-0.10931,-0.037527,2.1564e-05,0.9993,-0.31743,0.3,0.36072,0,0,0,0,0.92334,-498.98,1.1603e+06,-2.1607e+06,1.0354e+05,-39.846,-21.624,-3.7643,3.9934
-0.076287,-0.038049,-3.3021e-05,0.99928,-0.31818,0.3,0.36069,0,0,0,0,0.97133,-348.24,1.0493e+06,-2.109e+06,97783,-38.849,-19.568,-4.0609,3.9016
-0.088332,-0.062811,-4.3369e-05,0.99803,-0.31892,0.3,0.36066,0,0,0,0,0.90593,-403.23,1.138e+06,-1.939e+06,1.2975e+05,-35.599,-21.223,-4.3343,3.7792
-0.12531,-0.087017,-3.77e-06,0.99621,-0.31963,0.3,0.3606,0,0,0,0,0.80834,-572.02,1.1171e+06,-1.8149e+06,1.4728e+05,-33.212,-20.838,-4.4252,3.6427
-0.13314,-0.087025,8.0318e-07,0.99621,-0.3204,0.3,0.36054,0,0,0,0,0.8023,-607.75,9.0557e+05,-1.8127e+06,1.2775e+05,-33.148,-16.902,-4.4157,3.543
-0.14512,-0.08704,2.3209e-05,0.9962,-0.3207,0.3,0.36051,0,0,0,0,0.97041,-662.46,9.9121e+05,-1.9606e+06,1.4658e+05,-35.887,-18.556,-4.9588,3.7493
-0.17051,-0.087026,1.3468e-05,0.99621,-0.32126,0.3,0.36046,0,0,0,0,1.0465,-778.36,1.0583e+06,-2.0936e+06,1.6275e+05,-38.343,-19.852,-5.3968,3.9
-0.19101,-0.087016,-1.6987e-06,0.99621,-0.32196,0.3,0.3604,0,0,0,0,0.88827,-871.95,9.3974e+05,-2.0511e+06,1.4903e+05,-37.554,-17.615,-5.037,3.7699
-0.19794,-0.087018,-1.5082e-05,0.99621,-0.32269,0.3,0.36034,0,0,0,0,0.7859,-903.58,7.826e+05,-1.9995e+06,1.3148e+05,-36.608,-14.666,-4.6274,3.6581
-0.19781,-0.087019,-1.4049e-05,0.99621,-0.32343,0.3,0.36027,0,0,0,0,0.72806,-902.97,7.0023e+05,-1.9603e+06,1.2182e+05,-35.889,-13.123,-4.4123,3.6072
-0.19605,-0.087024,-7.2525e-07,0.99621,-0.32417,0.3,0.36021,0,0,0,0,0.69899,-894.96,6.739e+05,-1.9398e+06,1.179e+05,-35.514,-12.63,-4.3566,3.5953
-0.19485,-0.087021,2.6876e-07,0.99621,-0.32491,0.3,0.36014,0,0,0,0,0.68796,-889.48,6.5966e+05,-1.9296e+06,1.1566e+05,-35.327,-12.364,-4.3364,3.5973
-0.19479,-0.087016,-1.1185e-06,0.99621,-0.32566,0.3,0.36008,0,0,0,0,0.68794,-889.2,6.6737e+05,-1.9287e+06,1.1637e+05,-35.313,-12.51,-4.3668,3.6201
-0.19064,-0.087015,-3.9226e-06,0.99621,-0.3264,0.3,0.36001,0,0,0,0,0.69841,-870.26,7.3128e+05,-1.9473e+06,1.2323e+05,-35.66,-13.708,-4.5073,3.6787
-0.17997,-0.087017,-8.9305e-06,0.99621,-0.32714,0.3,0.35995,0,0,0,0,0.71471,-821.53,7.8965e+05,-1.9809e+06,1.2982e+05,-36.287,-14.801,-4.6215,3.7333
-0.16277,-0.087021,-6.2137e-06,0.99621,-0.32788,0.3,0.35988,0,0,0,0,0.73557,-743.02,7.4461e+05,-2.0066e+06,1.2593e+05,-36.76,-13.964,-4.6215,3.709
-0.14807,-0.087023,-3.2451e-06,0.99621,-0.3286,0.3,0.35982,0,0,0,0,0.74131,-675.94,6.557e+05,-1.9849e+06,1.1546e+05,-36.348,-12.301,-4.5387,3.6215
-0.1434,-0.087036,-9.1332e-06,0.99621,-0.32932,0.3,0.35976,0,0,0,0,0.73566,-654.6,6.271e+05,-1.9566e+06,1.1082e+05,-35.82,-11.763,-4.4852,3.5766
-0.1417,-0.087066,-8.7866e-06,0.9962,-0.32968,0.3,0.35972,0,0,0,0,0.86498,-646.85,6.5629e+05,-2.0368e+06,1.1856e+05,-37.294,-12.33,-4.8363,3.6936
-0.14388,-0.087006,-1.0997e-05,0.99621,-0.33024,0.3,0.35968,0,0,0,0,0.92835,-656.81,7.2605e+05,-2.1102e+06,1.2821e+05,-38.623,-13.648,-5.3121,3.7679
-0.14971,-0.089438,-0.00011385,0.99599,-0.33094,0.3,0.35961,0,0,0,0,0.81838,-683.41,7.6051e+05,-2.0622e+06,1.2914e+05,-37.69,-14.281,-5.4613,3.6704
-0.1679,-0.10262,-2.7961e-05,0.99472,-0.33167,0.3,0.35955,0,0,0,0,0.69874,-766.47,8.3456e+05,-1.9466e+06,1.441e+05,-35.498,-15.663,-5.4923,3.5877
-0.18863,-0.1134,0.00015332,0.99355,-0.3324,0.3,0.35946,0,0,0,0,0.58898,-861.07,7.646e+05,-1.8493e+06,1.4183e+05,-33.685,-14.359,-5.239,3.5018
-0.19231,-0.11341,0.00014612,0.99355,-0.33314,0.3,0.35938,0,0,0,0,0.54986,-877.85,6.0494e+05,-1.8185e+06,1.2202e+05,-33.139,-11.378,-4.9363,3.4455
-0.18727,-0.1134,0.00013984,0.99355,-0.33388,0.3,0.3593,0,0,0,0,0.55038,-854.87,5.9424e+05,-1.8151e+06,1.2008e+05,-33.087,-11.176,-4.8736,3.4516
-0.17776,-0.1134,0.00014473,0.99355,-0.33462,0.3,0.35921,0,0,0,0,0.57308,-811.46,5.5145e+05,-1.8224e+06,1.1459e+05,-33.233,-10.374,-4.7515,3.4269
-0.1733,-0.11342,0.00015498,0.99355,-0.33535,0.3,0.35913,0,0,0,0,0.61377,-791.1,5.3274e+05,-1.8167e+06,1.1063e+05,-33.131,-10.02,-4.7158,3.404
-0.17411,-0.1134,0.00014996,0.99355,-0.33612,0.3,0.35904,0,0,0,0,0.63725,-794.8,5.5564e+05,-1.8082e+06,1.1183e+05,-32.968,-10.445,-4.7826,3.4102
-0.17986,-0.11336,0.00013322,0.99355,-0.33642,0.3,0.359,0,0,0,0,0.76468,-821.05,6.455e+05,-1.9028e+06,1.3127e+05,-34.702,-12.161,-5.2409,3.5798
-0.19473,-0.11341,0.00012089,0.99355,-0.33698,0.3,0.35894,0,0,0,0,0.81757,-888.92,7.4285e+05,-1.9884e+06,1.5114e+05,-36.264,-14.012,-5.6738,3.7117
-0.20766,-0.1134,0.00012207,0.99355,-0.33768,0.3,0.35886,0,0,0,0,0.69192,-947.96,6.7217e+05,-1.9466e+06,1.4027e+05,-35.496,-12.676,-5.4017,3.6079
-0.21172,-0.11341,0.00012961,0.99355,-0.3384,0.3,0.35878,0,0,0,0,0.61125,-966.49,5.6225e+05,-1.8894e+06,1.2374e+05,-34.454,-10.606,-5.0504,3.5099
-0.21041,-0.11342,0.00013069,0.99355,-0.33914,0.3,0.35869,0,0,0,0,0.56877,-960.48,5.2803e+05,-1.8509e+06,1.1716e+05,-33.748,-9.9598,-4.9189,3.4675
-0.20762,-0.11341,0.00014661,0.99355,-0.33988,0.3,0.35861,0,0,0,0,0.55208,-947.76,5.4431e+05,-1.8344e+06,1.1761e+05,-33.442,-10.26,-4.9177,3.4659
-0.20216,-0.1134,0.00016586,0.99355,-0.34062,0.3,0.35853,0,0,0,0,0.55504,-922.83,5.6877e+05,-1.8407e+06,1.2043e+05,-33.562,-10.717,-4.9492,3.4864
-0.19213,-0.11341,0.00017019,0.99355,-0.34135,0.3,0.35844,0,0,0,0,0.57077,-877.06,5.3498e+05,-1.859e+06,1.1703e+05,-33.907,-10.088,-4.9112,3.4758
-0.18442,-0.11341,0.00017064,0.99355,-0.34208,0.3,0.35836,0,0,0,0,0.57462,-841.85,4.8689e+05,-1.8544e+06,1.0956e+05,-33.821,-9.1873,-4.8554,3.4334
-0.1825,-0.11341,0.00015792,0.99355,-0.34283,0.3,0.35827,0,0,0,0,0.56949,-833.09,4.783e+05,-1.8401e+06,1.0652e+05,-33.555,-9.0223,-4.8436,3.4133
-0.1825,-0.11341,0.00015792,0.99355,-0.34283,0.3,0.35827,0,0,0,0,0.56949,-833.09,4.783e+05,-1.8401e+06,1.0652e+05,-33.555,-9.0223,-4.8436,3.4133
-0.1862,-0.11338,0.000151,0.99355,-0.34316,0.3,0.35824,0,0,0,0,0.65757,-849.97,5.4339e+05,-1.9076e+06,1.188e+05,-34.788,-10.256,-5.1852,3.5345
-0.19708,-0.11341,0.00014847,0.99355,-0.34372,0.3,0.35817,0,0,0,0,0.68219,-899.65,6.2025e+05,-1.9547e+06,1.3087e+05,-35.635,-11.7,-5.4685,3.601
-0.20709,-0.11341,0.00014223,0.99355,-0.34441,0.3,0.35809,0,0,0,0,0.57993,-945.37,5.7138e+05,-1.9023e+06,1.2188e+05,-34.67,-10.771,-5.2113,3.488
-0.20811,-0.1134,0.00013968,0.99355,-0.34514,0.3,0.35801,0,0,0,0,0.52434,-949.99,5.0222e+05,-1.849e+06,1.1116e+05,-33.695,-9.4699,-4.9557,3.4135
-0.20322,-0.11342,0.0001497,0.99355,-0.34587,0.3,0.35793,0,0,0,0,0.50107,-927.7,4.7508e+05,-1.8092e+06,1.0642e+05,-32.966,-8.9599,-4.8339,3.3888
-0.19807,-0.11448,6.8095e-05,0.99343,-0.34661,0.3,0.35784,0,0,0,0,0.49301,-904.19,4.3948e+05,-1.7739e+06,1.0147e+05,-32.321,-8.2954,-4.7345,3.3725
-0.19745,-0.11901,-7.2059e-06,0.99289,-0.34735,0.3,0.35776,0,0,0,0,0.48779,-901.34,4.4949e+05,-1.7492e+06,1.0372e+05,-31.857,-8.4843,-4.7526,3.3661
-0.19511,-0.12247,7.8596e-06,0.99247,-0.34808,0.3,0.35767,0,0,0,0,0.50412,-890.65,4.5164e+05,-1.7528e+06,1.05e+05,-31.919,-8.5259,-4.7722,3.3512
-0.19445,-0.12247,7.7668e-06,0.99247,-0.34881,0.3,0.35758,0,0,0,0,0.53596,-887.66,4.6194e+05,-1.7427e+06,1.0468e+05,-31.732,-8.713,-4.7557,3.3269
-0.1976,-0.12245,-1.6397e-05,0.99247,-0.34956,0.3,0.35748,0,0,0,0,0.54784,-902.01,4.9706e+05,-1.7212e+06,1.0749e+05,-31.331,-9.3637,-4.772,3.3191
-0.2019,-0.12246,-6.6594e-06,0.99247,-0.34989,0.3,0.35744,0,0,0,0,0.63132,-921.66,5.247e+05,-1.8078e+06,1.1905e+05,-32.915,-9.9107,-5.1215,3.4623
-0.21226,-0.12246,-9.7413e-06,0.99247,-0.35045,0.3,0.35737,0,0,0,0,0.64606,-968.96,5.5298e+05,-1.8827e+06,1.2965e+05,-34.279,-10.464,-5.4296,3.5576
-0.22104,-0.12245,-1.6011e-05,0.99247,-0.35114,0.3,0.35729,0,0,0,0,0.54078,-1009,5.034e+05,-1.8405e+06,1.2013e+05,-33.506,-9.5237,-5.2011,3.4536
-0.22462,-0.12246,-1.5923e-05,0.99247,-0.35187,0.3,0.3572,0,0,0,0,0.48903,-1025.4,4.3925e+05,-1.7892e+06,1.0871e+05,-32.573,-8.3128,-4.9341,3.3786
-0.22375,-0.12246,-9.6031e-06,0.99247,-0.3526,0.3,0.35711,0,0,0,0,0.47555,-1021.4,4.4347e+05,-1.7689e+06,1.0825e+05,-32.203,-8.3888,-4.8819,3.3775
-0.21834,-0.12246,4.3658e-06,0.99247,-0.35334,0.3,0.35702,0,0,0,0,0.4846,-996.71,4.6035e+05,-1.7773e+06,1.1096e+05,-32.363,-8.7061,-4.9048,3.407
-0.21023,-0.12247,8.7847e-06,0.99247,-0.35407,0.3,0.35693,0,0,0,0,0.50337,-959.69,4.1916e+05,-1.793e+06,1.062e+05,-32.661,-7.9393,-4.8578,3.3957
-0.20699,-0.12246,2.2802e-06,0.99247,-0.3548,0.3,0.35684,0,0,0,0,0.50556,-944.89,3.9779e+05,-1.7769e+06,1.0133e+05,-32.367,-7.5363,-4.7966,3.353
-0.20819,-0.12244,-2.4475e-05,0.99248,-0.35551,0.3,0.35675,0,0,0,0,0.49632,-950.35,4.1634e+05,-1.753e+06,1.0151e+05,-31.925,-7.8777,-4.7778,3.3333
-0.21089,-0.12246,-4.2562e-05,0.99247,-0.35588,0.3,0.3567,0,0,0,0,0.56497,-962.7,4.5542e+05,-1.8182e+06,1.109e+05,-33.113,-8.622,-5.0714,3.4517
-0.21939,-0.12246,-4.0841e-05,0.99247,-0.35644,0.3,0.35663,0,0,0,0,0.57846,-1001.5,5.1112e+05,-1.863e+06,1.205e+05,-33.92,-9.6681,-5.308,3.5148
-0.22819,-0.12246,-3.7005e-05,0.99247,-0.35713,0.3,0.35655,0,0,0,0,0.49204,-1041.7,4.8701e+05,-1.8103e+06,1.1376e+05,-32.949,-9.2018,-5.0872,3.406
-0.23102,-0.12246,-3.0661e-05,0.99247,-0.35786,0.3,0.35646,0,0,0,0,0.44723,-1054.6,4.4213e+05,-1.7595e+06,1.0548e+05,-32.023,-8.3537,-4.8642,3.3392
-0.22799,-0.12246,-2.2297e-05,0.99247,-0.35859,0.3,0.35637,0,0,0,0,0.43316,-1040.7,4.4598e+05,-1.7361e+06,1.0484e+05,-31.598,-8.4211,-4.78,3.3335
-0.22107,-0.12246,-1.9146e-05,0.99247,-0.35933,0.3,0.35628,0,0,0,0,0.43914,-1009.2,4.447e+05,-1.7308e+06,1.0412e+05,-31.512,-8.3947,-4.7151,3.3411
-0.21306,-0.12245,-2.0737e-05,0.99247,-0.36007,0.3,0.35619,0,0,0,0,0.46699,-972.59,4.0669e+05,-1.7378e+06,98950,-31.652,-7.6849,-4.6407,3.3215
-0.21248,-0.12245,-2.1341e-05,0.99247,-0.3608,0.3,0.3561,0,0,0,0,0.50194,-969.95,4.1442e+05,-1.7204e+06,97785,-31.332,-7.8226,-4.5977,3.291
-0.21586,-0.12247,1.7996e-06,0.99247,-0.36154,0.3,0.356,0,0,0,0,0.51552,-985.4,4.5086e+05,-1.6957e+06,1.0037e+05,-30.874,-8.4962,-4.5892,3.2802
-0.21984,-0.12247,1.6359e-05,0.99247,-0.36187,0.3,0.35596,0,0,0,0,0.58837,-1003.5,4.6703e+05,-1.7707e+06,1.1028e+05,-32.246,-8.8257,-4.8856,3.4099
-0.22861,-0.12247,9.6292e-06,0.99247,-0.36243,0.3,0.3559,0,0,0,0,0.59039,-1043.6,4.7817e+05,-1.8293e+06,1.1844e+05,-33.309,-9.0562,-5.124,3.4858
-0.23552,-0.12246,-1.5173e-05,0.99247,-0.36312,0.3,0.35581,0,0,0,0,0.48739,-1075.1,4.3418e+05,-1.784e+06,1.0966e+05,-32.479,-8.2218,-4.9087,3.3805
-0.23812,-0.12246,-2.4081e-05,0.99247,-0.36385,0.3,0.35572,0,0,0,0,0.44363,-1087,3.8927e+05,-1.7381e+06,1.0089e+05,-31.644,-7.3724,-4.6977,3.3152
-0.23689,-0.12246,-1.6028e-05,0.99247,-0.36458,0.3,0.35563,0,0,0,0,0.43542,-1081.4,3.9804e+05,-1.722e+06,1.0114e+05,-31.35,-7.5338,-4.6623,3.3186
-0.232,-0.12246,-2.3745e-05,0.99247,-0.36532,0.3,0.35554,0,0,0,0,0.44748,-1059.1,4.1321e+05,-1.7316e+06,1.0367e+05,-31.532,-7.819,-4.684,3.3495
-0.22499,-0.12246,-2.594e-05,0.99247,-0.36605,0.3,0.35545,0,0,0,0,0.46928,-1027.1,3.8162e+05,-1.7499e+06,1.0023e+05,-31.877,-7.2325,-4.6664,3.3461
-0.2228,-0.12245,4.1001e-06,0.99247,-0.36678,0.3,0.35536,0,0,0,0,0.47271,-1017.1,3.7359e+05,-1.7348e+06,95846,-31.598,-7.0747,-4.6329,3.3066
-0.22445,-0.12244,-1.9064e-05,0.99248,-0.36753,0.3,0.35527,0,0,0,0,0.46301,-1024.6,3.9759e+05,-1.71e+06,95445,-31.137,-7.5131,-4.6205,3.2841
-0.22445,-0.12244,-1.9064e-05,0.99248,-0.36753,0.3,0.35527,0,0,0,0,0.46302,-1024.6,3.9759e+05,-1.71e+06,95445,-31.137,-7.5131,-4.6205,3.2841
-0.2278,-0.12242,-4.2033e-05,0.99248,-0.36786,0.3,0.35523,0,0,0,0,0.52416,-1039.9,4.3261e+05,-1.7684e+06,1.0487e+05,-32.205,-8.1819,-4.848,3.3911
-0.23618,-0.12245,-2.2664e-05,0.99247,-0.36842,0.3,0.35516,0,0,0,0,0.53137,-1078.1,4.7208e+05,-1.8032e+06,1.1322e+05,-32.834,-8.9261,-5.004,3.4397
-0.24414,-0.12247,-2.3076e-05,0.99247,-0.36911,0.3,0.35507,0,0,0,0,0.44956,-1114.5,4.43e+05,-1.7489e+06,1.0628e+05,-31.834,-8.3694,-4.7914,3.3322
-0.24738,-0.12246,-3.096e-05,0.99247,-0.36984,0.3,0.35498,0,0,0,0,0.41,-1129.3,3.9895e+05,-1.7007e+06,98368,-30.955,-7.5386,-4.5834,3.2693
-0.24567,-0.12246,-3.2228e-05,0.99247,-0.37057,0.3,0.35489,0,0,0,0,0.40049,-1121.5,3.9876e+05,-1.6809e+06,97415,-30.598,-7.5314,-4.4999,3.2663
-0.24068,-0.12246,-3.1232e-05,0.99247,-0.37131,0.3,0.3548,0,0,0,0,0.41176,-1098.7,4.0723e+05,-1.6809e+06,98108,-30.611,-7.6869,-4.4483,3.2818
-0.23487,-0.12245,-2.2366e-05,0.99247,-0.37205,0.3,0.35471,0,0,0,0,0.44549,-1072.2,3.9736e+05,-1.6952e+06,96636,-30.886,-7.5002,-4.3809,3.2773
-0.23717,-0.12246,-1.3189e-05,0.99247,-0.37278,0.3,0.35462,0,0,0,0,0.48918,-1082.7,4.5022e+05,-1.6798e+06,1.0002e+05,-30.609,-8.4725,-4.3129,3.261
-0.2423,-0.12247,-1.116e-05,0.99247,-0.37354,0.3,0.35452,0,0,0,0,0.50824,-1106.1,5.1109e+05,-1.6525e+06,1.0448e+05,-30.107,-9.5955,-4.2773,3.2542
-0.25091,-0.12245,-1.8839e-05,0.99248,-0.37386,0.3,0.35449,0,0,0,0,0.56566,-1145.4,5.4392e+05,-1.7264e+06,1.1758e+05,-31.465,-10.236,-4.5196,3.3857
-0.26309,-0.11978,-4.7586e-05,0.9928,-0.37441,0.3,0.35442,0,0,0,0,0.55403,-1201,5.2001e+05,-1.7884e+06,1.214e+05,-32.61,-9.8107,-4.6423,3.4574
-0.26154,-0.11303,-0.0001088,0.99359,-0.37511,0.3,0.35434,0,0,0,0,0.46997,-1193.9,4.2194e+05,-1.7676e+06,1.0406e+05,-32.244,-7.9675,-4.3879,3.3663
-0.25471,-0.10894,-0.00014546,0.99405,-0.37583,0.3,0.35426,0,0,0,0,0.43936,-1162.7,3.7974e+05,-1.7385e+06,94605,-31.72,-7.1696,-4.2097,3.3179
-0.25114,-0.10894,-0.00014535,0.99405,-0.37657,0.3,0.35417,0,0,0,0,0.42001,-1146.4,3.7933e+05,-1.7114e+06,92640,-31.221,-7.1573,-4.1495,3.3011
-0.24743,-0.10895,-0.00013623,0.99405,-0.37731,0.3,0.35409,0,0,0,0,0.42205,-1129.5,3.9412e+05,-1.71e+06,93659,-31.2,-7.4314,-4.1566,3.3181
-0.24231,-0.10893,-0.00013169,0.99405,-0.37805,0.3,0.35401,0,0,0,0,0.43955,-1106.1,4.0905e+05,-1.7269e+06,95809,-31.515,-7.7113,-4.1894,3.3482
-0.23495,-0.10894,-0.00012685,0.99405,-0.37879,0.3,0.35393,0,0,0,0,0.46521,-1072.5,3.7479e+05,-1.7489e+06,92782,-31.925,-7.0772,-4.1894,3.345
-0.23217,-0.10895,-0.00012174,0.99405,-0.37951,0.3,0.35385,0,0,0,0,0.47092,-1059.9,3.615e+05,-1.7372e+06,88721,-31.704,-6.8252,-4.1827,3.3054
-0.23348,-0.10893,-0.00011917,0.99405,-0.38026,0.3,0.35377,0,0,0,0,0.46264,-1065.8,3.8312e+05,-1.7145e+06,88252,-31.282,-7.2208,-4.1854,3.2825
-0.23348,-0.10893,-0.00011917,0.99405,-0.38026,0.3,0.35377,0,0,0,0,0.46264,-1065.8,3.8312e+05,-1.7145e+06,88252,-31.282,-7.2208,-4.1854,3.2825
-0.23706,-0.10893,-0.00013645,0.99405,-0.38059,0.3,0.35373,0,0,0,0,0.52581,-1082.1,4.2539e+05,-1.7718e+06,97630,-32.331,-8.0211,-4.3969,3.3875
-0.24566,-0.10894,-0.00012468,0.99405,-0.38115,0.3,0.35367,0,0,0,0,0.53452,-1121.4,4.6932e+05,-1.8067e+06,1.0577e+05,-32.965,-8.8454,-4.5453,3.4343
-0.25358,-0.10894,-0.00011432,0.99405,-0.38184,0.3,0.3536,0,0,0,0,0.45058,-1157.6,4.3669e+05,-1.755e+06,99147,-32.009,-8.2255,-4.357,3.3267
-0.25637,-0.10894,-0.00011344,0.99405,-0.38257,0.3,0.35352,0,0,0,0,0.40825,-1170.3,3.9036e+05,-1.7053e+06,91604,-31.1,-7.3542,-4.1588,3.2601
-0.25461,-0.10894,-0.0001241,0.99405,-0.38331,0.3,0.35344,0,0,0,0,0.39399,-1162.3,3.9352e+05,-1.6806e+06,90856,-30.65,-7.4093,-4.0854,3.2532
-0.2501,-0.10893,-0.00013514,0.99405,-0.38405,0.3,0.35335,0,0,0,0,0.39629,-1141.7,4.1964e+05,-1.6776e+06,93405,-30.6,-7.8936,-4.0751,3.2781
-0.24308,-0.10893,-0.00014205,0.99405,-0.38479,0.3,0.35327,0,0,0,0,0.40911,-1109.6,4.2196e+05,-1.684e+06,93502,-30.727,-7.9361,-4.0477,3.2962
-0.23476,-0.10894,-0.00014052,0.99405,-0.38553,0.3,0.35319,0,0,0,0,0.44234,-1071.7,3.8357e+05,-1.6979e+06,89070,-30.99,-7.2224,-4.0043,3.2819
-0.23448,-0.10896,-0.00013664,0.99405,-0.38626,0.3,0.35311,0,0,0,0,0.48563,-1070.4,3.9669e+05,-1.6841e+06,87967,-30.735,-7.4591,-3.9768,3.2533
-0.23834,-0.10891,-0.00012572,0.99405,-0.38703,0.3,0.35303,0,0,0,0,0.50481,-1088,4.3962e+05,-1.6613e+06,90252,-30.312,-8.2501,-3.9748,3.2428
-0.24277,-0.10896,-0.0001283,0.99405,-0.38733,0.3,0.353,0,0,0,0,0.57275,-1108.2,4.5115e+05,-1.7244e+06,99300,-31.467,-8.4898,-4.215,3.3557
-0.25179,-0.10895,-0.00012162,0.99405,-0.38789,0.3,0.35293,0,0,0,0,0.567,-1149.4,4.5019e+05,-1.7658e+06,1.0609e+05,-32.219,-8.4929,-4.3957,3.4114
-0.25855,-0.10894,-0.00011369,0.99405,-0.38859,0.3,0.35286,0,0,0,0,0.45795,-1180.3,3.9863e+05,-1.7135e+06,97562,-31.254,-7.5227,-4.1972,3.3035
-0.26031,-0.10894,-0.00011844,0.99405,-0.38931,0.3,0.35278,0,0,0,0,0.40508,-1188.3,3.4772e+05,-1.6617e+06,88758,-30.307,-6.5652,-3.9896,3.2324
-0.25853,-0.10894,-0.00012607,0.99405,-0.39005,0.3,0.3527,0,0,0,0,0.38442,-1180.2,3.3887e+05,-1.6328e+06,85899,-29.779,-6.3953,-3.8996,3.2121
-0.25573,-0.10893,-0.00012852,0.99405,-0.39079,0.3,0.35262,0,0,0,0,0.38722,-1167.4,3.553e+05,-1.6303e+06,87064,-29.737,-6.6995,-3.8995,3.2285
-0.25168,-0.10894,-0.00013454,0.99405,-0.39153,0.3,0.35254,0,0,0,0,0.40451,-1148.9,3.7005e+05,-1.6463e+06,89163,-30.036,-6.9756,-3.9302,3.2588
-0.246,-0.10894,-0.00014618,0.99405,-0.39226,0.3,0.35245,0,0,0,0,0.42996,-1123,3.5121e+05,-1.6716e+06,87899,-30.506,-6.6282,-3.9386,3.2641
-0.24582,-0.10897,-0.00016234,0.99405,-0.39299,0.3,0.35237,0,0,0,0,0.4369,-1122.2,3.6688e+05,-1.6615e+06,86114,-30.318,-6.9107,-3.9325,3.2327
-0.24869,-0.10894,-0.00012742,0.99405,-0.39376,0.3,0.35229,0,0,0,0,0.42971,-1135.3,4.0272e+05,-1.6368e+06,86206,-29.859,-7.5666,-3.9276,3.2099
-0.24869,-0.10894,-0.00012742,0.99405,-0.39376,0.3,0.35229,0,0,0,0,0.42971,-1135.3,4.0272e+05,-1.6368e+06,86206,-29.859,-7.5666,-3.9276,3.2099
-0.25285,-0.10895,-0.00011462,0.99405,-0.39407,0.3,0.35226,0,0,0,0,0.48311,-1154.2,4.2247e+05,-1.6877e+06,93567,-30.792,-7.949,-4.0939,3.3014
-0.26156,-0.10894,-0.00012708,0.99405,-0.39463,0.3,0.3522,0,0,0,0,0.48209,-1194,4.3286e+05,-1.7142e+06,98607,-31.273,-8.1514,-4.1947,3.3318
-0.26929,-0.10893,-0.00014723,0.99405,-0.39532,0.3,0.35212,0,0,0,0,0.39947,-1229.3,3.9353e+05,-1.6597e+06,91412,-30.267,-7.4081,-4.0056,3.222
-0.27362,-0.10893,-0.00014997,0.99405,-0.39605,0.3,0.35204,0,0,0,0,0.3575,-1249.1,3.367e+05,-1.6072e+06,82782,-29.31,-6.3426,-3.7792,3.1507
-0.27433,-0.10893,-0.00013876,0.99405,-0.39679,0.3,0.35196,0,0,0,0,0.34377,-1252.3,3.1135e+05,-1.5797e+06,78982,-28.815,-5.8677,-3.6561,3.1347
-0.2729,-0.10895,-0.00012894,0.99405,-0.39753,0.3,0.35188,0,0,0,0,0.35079,-1245.8,3.2285e+05,-1.5784e+06,80048,-28.797,-6.0805,-3.6346,3.1572
-0.27043,-0.10895,-0.00012978,0.99405,-0.39827,0.3,0.3518,0,0,0,0,0.37062,-1234.5,3.3852e+05,-1.5903e+06,81803,-29.026,-6.3703,-3.606,3.1841
-0.26764,-0.10894,-0.00013253,0.99405,-0.39901,0.3,0.35172,0,0,0,0,0.41406,-1221.8,3.5922e+05,-1.6182e+06,84201,-29.554,-6.7512,-3.5427,3.1981
-0.27625,-0.10895,-0.00013088,0.99405,-0.39974,0.3,0.35164,0,0,0,0,0.46929,-1261,4.5395e+05,-1.5876e+06,89149,-29.005,-8.4922,-3.3853,3.1765
-0.28615,-0.10893,-0.00014232,0.99405,-0.40052,0.3,0.35155,0,0,0,0,0.49392,-1306.2,5.3367e+05,-1.5372e+06,92342,-28.084,-9.9569,-3.2638,3.1517
-0.30203,-0.10894,-0.00013137,0.99405,-0.40081,0.3,0.35152,0,0,0,0,0.5313,-1378.8,5.571e+05,-1.6495e+06,1.0676e+05,-30.154,-10.421,-3.5122,3.3108
-0.30928,-0.098224,-0.00052886,0.99516,-0.40137,0.3,0.35146,0,0,0,0,0.54398,-1411.8,5.3448e+05,-1.8026e+06,1.1069e+05,-32.993,-10.019,-3.6738,3.4584
-0.29501,-0.083448,-0.00067873,0.99651,-0.40207,0.3,0.3514,0,0,0,0,0.50384,-1346.7,4.4697e+05,-1.814e+06,93301,-33.224,-8.3767,-3.4416,3.395
-0.28721,-0.079397,-0.00042097,0.99684,-0.4028,0.3,0.35134,0,0,0,0,0.47156,-1311.1,4.0137e+05,-1.7594e+06,84873,-32.221,-7.5198,-3.2436,3.3204
-0.28277,-0.079405,-0.00041794,0.99684,-0.40354,0.3,0.35128,0,0,0,0,0.44536,-1290.8,3.8792e+05,-1.7181e+06,81914,-31.461,-7.2656,-3.1526,3.2886
-0.2786,-0.079396,-0.00042698,0.99684,-0.40428,0.3,0.35122,0,0,0,0,0.43044,-1271.8,3.7171e+05,-1.6927e+06,79385,-30.995,-6.9625,-3.0887,3.2762
-0.27525,-0.079396,-0.00042992,0.99684,-0.40503,0.3,0.35116,0,0,0,0,0.42575,-1256.5,3.6238e+05,-1.6817e+06,77738,-30.795,-6.7882,-3.0601,3.2759
-0.27287,-0.079404,-0.00043626,0.99684,-0.40577,0.3,0.3511,0,0,0,0,0.43346,-1245.6,3.7639e+05,-1.686e+06,78544,-30.876,-7.0487,-3.0925,3.2945
-0.2701,-0.079393,-0.00042759,0.99684,-0.40651,0.3,0.35104,0,0,0,0,0.44927,-1233,4.1058e+05,-1.7008e+06,81847,-31.15,-7.6849,-3.1555,3.3313
-0.26503,-0.079389,-0.00040989,0.99684,-0.40726,0.3,0.35098,0,0,0,0,0.46974,-1209.8,4.3362e+05,-1.7253e+06,84968,-31.607,-8.1157,-3.2026,3.3686
-0.2577,-0.079401,-0.00042026,0.99684,-0.408,0.3,0.35092,0,0,0,0,0.49849,-1176.4,4.0852e+05,-1.7553e+06,83879,-32.161,-7.6537,-3.2171,3.3675
-0.25627,-0.079412,-0.00043439,0.99684,-0.40873,0.3,0.35086,0,0,0,0,0.50902,-1169.9,4.1406e+05,-1.7424e+06,82037,-31.916,-7.7529,-3.2305,3.3234
-0.25896,-0.079392,-0.00044986,0.99684,-0.40948,0.3,0.3508,0,0,0,0,0.50229,-1182.1,4.5e+05,-1.7152e+06,82458,-31.409,-8.4143,-3.2489,3.2964
-0.25896,-0.079392,-0.00044986,0.99684,-0.40948,0.3,0.3508,0,0,0,0,0.50229,-1182.1,4.5e+05,-1.7152e+06,82458,-31.409,-8.4144,-3.2489,3.2964
-0.26404,-0.079372,-0.00046154,0.99684,-0.40979,0.3,0.35078,0,0,0,0,0.5667,-1205.3,4.8568e+05,-1.7718e+06,89471,-32.453,-9.0866,-3.4168,3.3925
-0.27494,-0.079401,-0.00043458,0.99684,-0.41035,0.3,0.35073,0,0,0,0,0.56185,-1255.1,5.0893e+05,-1.7983e+06,93718,-32.934,-9.5205,-3.5071,3.4152
-0.28455,-0.079383,-0.00043209,0.99684,-0.41105,0.3,0.35068,0,0,0,0,0.45787,-1298.9,4.5368e+05,-1.7352e+06,85829,-31.765,-8.4817,-3.2882,3.2837
-0.28972,-0.079399,-0.0004357,0.99684,-0.41178,0.3,0.35062,0,0,0,0,0.4028,-1322.5,3.733e+05,-1.6777e+06,76846,-30.711,-6.9815,-3.0252,3.196
-0.29057,-0.079404,-0.0004398,0.99684,-0.41253,0.3,0.35056,0,0,0,0,0.37934,-1326.4,3.2218e+05,-1.6448e+06,71728,-30.114,-6.0293,-2.8488,3.1652
-0.29005,-0.079401,-0.00043204,0.99684,-0.41327,0.3,0.3505,0,0,0,0,0.37859,-1324.1,3.1482e+05,-1.6375e+06,70845,-29.984,-5.8921,-2.8127,3.1763
-0.28983,-0.079398,-0.00041477,0.99684,-0.41401,0.3,0.35044,0,0,0,0,0.38559,-1323.1,3.3195e+05,-1.6424e+06,72066,-30.076,-6.2109,-2.8601,3.2046
-0.2888,-0.079404,-0.00041254,0.99684,-0.41476,0.3,0.35038,0,0,0,0,0.39487,-1318.3,3.5155e+05,-1.6497e+06,73577,-30.212,-6.5753,-2.8954,3.2357
-0.28668,-0.079402,-0.00042386,0.99684,-0.4155,0.3,0.35032,0,0,0,0,0.40703,-1308.7,3.6461e+05,-1.6589e+06,74685,-30.387,-6.8177,-2.8944,3.2649
-0.28409,-0.07939,-0.00042968,0.99684,-0.41625,0.3,0.35027,0,0,0,0,0.42569,-1296.8,3.7454e+05,-1.6775e+06,75805,-30.737,-7.0023,-2.8817,3.2883
-0.28199,-0.07939,-0.00042906,0.99684,-0.41699,0.3,0.35021,0,0,0,0,0.45208,-1287.3,3.9629e+05,-1.7064e+06,77831,-31.273,-7.4064,-2.876,3.2994
-0.28056,-0.079395,-0.00042256,0.99684,-0.41773,0.3,0.35015,0,0,0,0,0.49866,-1280.7,4.4656e+05,-1.7458e+06,82005,-32.002,-8.342,-2.8696,3.3009
-0.29009,-0.079404,-0.00041609,0.99684,-0.41847,0.3,0.35009,0,0,0,0,0.56465,-1324.2,5.7837e+05,-1.7165e+06,88655,-31.467,-10.792,-2.7917,3.2925
-0.30023,-0.079403,-0.00041366,0.99684,-0.41923,0.3,0.35003,0,0,0,0,0.59932,-1370.5,6.7612e+05,-1.6637e+06,92477,-30.498,-12.608,-2.7198,3.2842
-0.32054,-0.079381,-0.00042314,0.99684,-0.41953,0.3,0.35,0,0,0,0,0.65965,-1463.3,7.5106e+05,-1.7756e+06,1.097e+05,-32.583,-13.998,-2.8513,3.4659
-0.33984,-0.070931,-0.00058314,0.99748,-0.42009,0.3,0.34996,0,0,0,0,0.66944,-1551.3,7.8238e+05,-1.945e+06,1.1781e+05,-35.75,-14.569,-2.8473,3.6441
-0.3256,-0.051813,-0.00071076,0.99866,-0.42078,0.3,0.34992,0,0,0,0,0.62393,-1486.3,6.1985e+05,-1.9897e+06,94018,-36.599,-11.536,-2.4759,3.579
-0.3098,-0.041132,-0.00068734,0.99915,-0.42152,0.3,0.34989,0,0,0,0,0.60994,-1414.2,4.8756e+05,-1.9381e+06,77198,-35.646,-9.0694,-2.1565,3.4783
-0.30533,-0.04114,-0.00069041,0.99915,-0.42226,0.3,0.34985,0,0,0,0,0.5796,-1393.8,4.6577e+05,-1.8792e+06,74056,-34.554,-8.6586,-2.0267,3.4244
-0.30176,-0.041138,-0.00068224,0.99915,-0.42301,0.3,0.34982,0,0,0,0,0.56092,-1377.5,4.472e+05,-1.8439e+06,72157,-33.902,-8.3111,-1.9359,3.3999
-0.29899,-0.041133,-0.00067672,0.99915,-0.42376,0.3,0.34979,0,0,0,0,0.54748,-1364.9,4.3356e+05,-1.8189e+06,70750,-33.442,-8.0561,-1.8727,3.3863
-0.29673,-0.041142,-0.00068416,0.99915,-0.42451,0.3,0.34976,0,0,0,0,0.53454,-1354.5,4.2237e+05,-1.8003e+06,69541,-33.098,-7.849,-1.822,3.3769
-0.29477,-0.041136,-0.0006976,0.99915,-0.42525,0.3,0.34973,0,0,0,0,0.52239,-1345.6,4.09e+05,-1.7874e+06,68249,-32.862,-7.6033,-1.7757,3.3689
-0.29329,-0.041135,-0.00069384,0.99915,-0.426,0.3,0.3497,0,0,0,0,0.51728,-1338.8,3.9555e+05,-1.7824e+06,67037,-32.77,-7.3596,-1.7351,3.364
-0.29291,-0.041147,-0.00069064,0.99915,-0.42675,0.3,0.34967,0,0,0,0,0.52207,-1337.1,3.8964e+05,-1.7843e+06,66470,-32.807,-7.2506,-1.7236,3.3673
-0.29345,-0.041147,-0.00068876,0.99915,-0.4275,0.3,0.34964,0,0,0,0,0.53236,-1339.6,3.9174e+05,-1.7902e+06,66897,-32.918,-7.2865,-1.743,3.3825
-0.29399,-0.041132,-0.00067387,0.99915,-0.42824,0.3,0.34961,0,0,0,0,0.54091,-1342,3.9364e+05,-1.7977e+06,67836,-33.06,-7.3197,-1.7607,3.4042
-0.2942,-0.041135,-0.00067881,0.99915,-0.42899,0.3,0.34958,0,0,0,0,0.54671,-1343,3.9541e+05,-1.8075e+06,68749,-33.244,-7.3503,-1.7783,3.427
-0.29431,-0.041137,-0.00070218,0.99915,-0.42974,0.3,0.34955,0,0,0,0,0.55414,-1343.5,4.0056e+05,-1.8201e+06,69547,-33.479,-7.4474,-1.8029,3.4504
-0.29446,-0.041137,-0.00069101,0.99915,-0.43049,0.3,0.34952,0,0,0,0,0.56529,-1344.2,4.0936e+05,-1.8359e+06,70405,-33.776,-7.6123,-1.8395,3.4763
-0.2948,-0.041139,-0.00067676,0.99915,-0.43123,0.3,0.34949,0,0,0,0,0.57994,-1345.7,4.2302e+05,-1.8547e+06,71479,-34.126,-7.8675,-1.8838,3.5052
-0.29532,-0.041132,-0.00068749,0.99915,-0.43198,0.3,0.34945,0,0,0,0,0.59846,-1348.1,4.4044e+05,-1.8759e+06,72768,-34.522,-8.1925,-1.9299,3.5368
-0.29596,-0.041142,-0.00068128,0.99915,-0.43273,0.3,0.34942,0,0,0,0,0.62261,-1351,4.6515e+05,-1.9001e+06,74448,-34.974,-8.653,-1.9861,3.5725
-0.29627,-0.04114,-0.00068311,0.99915,-0.43348,0.3,0.34939,0,0,0,0,0.65526,-1352.4,5.0628e+05,-1.9302e+06,76982,-35.537,-9.4185,-2.0634,3.615
-0.29501,-0.041131,-0.00070576,0.99915,-0.43422,0.3,0.34936,0,0,0,0,0.70297,-1346.7,5.6312e+05,-1.973e+06,80453,-36.336,-10.5,-2.1433,3.6607
-0.29192,-0.041143,-0.0006987,0.99915,-0.43496,0.3,0.34933,0,0,0,0,0.77233,-1332.6,6.2836e+05,-2.0297e+06,84083,-37.392,-11.759,-2.1624,3.686
-0.30124,-0.041131,-0.00065628,0.99915,-0.43569,0.3,0.3493,0,0,0,0,0.81872,-1375.1,7.6823e+05,-2.0118e+06,87741,-37.066,-14.373,-2.1317,3.6677
-0.31261,-0.041129,-0.00068863,0.99915,-0.4364,0.3,0.34927,0,0,0,0,0.8244,-1427,8.7578e+05,-1.9631e+06,89772,-36.165,-16.366,-2.1226,3.6473
-0.34487,-0.041096,-0.00071956,0.99915,-0.43674,0.3,0.34926,0,0,0,0,0.8762,-1574.3,1.079e+06,-2.1144e+06,1.0572e+05,-39.018,-20.099,-2.0784,3.8729
-0.36053,-0.023602,-0.00073442,0.99972,-0.43731,0.3,0.34924,0,0,0,0,0.92047,-1645.8,1.0525e+06,-2.3167e+06,96596,-42.812,-19.55,-1.639,3.9992
-0.33418,0.00024621,-0.00037494,1,-0.438,0.3,0.34923,0,0,0,0,0.89551,-1525.5,7.4826e+05,-2.3256e+06,65123,-42.95,-13.884,-0.92571,3.8155
-0.32223,0.0065794,9.487e-06,0.99998,-0.43874,0.3,0.34924,0,0,0,0,0.85293,-1471,6.672e+05,-2.2515e+06,57682,-41.548,-12.375,-0.56331,3.6932
-0.31816,0.00659,3.5409e-06,0.99998,-0.43949,0.3,0.34924,0,0,0,0,0.82298,-1452.4,6.5589e+05,-2.2097e+06,56467,-40.764,-12.153,-0.48912,3.6444
-0.31503,0.0065879,-7.2688e-06,0.99998,-0.44023,0.3,0.34925,0,0,0,0,0.8231,-1438.1,6.5444e+05,-2.2015e+06,56368,-40.609,-12.117,-0.4678,3.6346
-0.31249,0.0065766,2.0411e-06,0.99998,-0.44098,0.3,0.34925,0,0,0,0,0.83617,-1426.5,6.5969e+05,-2.2082e+06,56579,-40.733,-12.212,-0.4671,3.6392
-0.31103,0.0065865,9.6573e-06,0.99998,-0.44173,0.3,0.34926,0,0,0,0,0.85404,-1419.8,6.7536e+05,-2.2196e+06,56785,-40.946,-12.501,-0.50825,3.6487
-0.30974,0.0065971,5.745e-06,0.99998,-0.44248,0.3,0.34926,0,0,0,0,0.87578,-1413.9,7.0488e+05,-2.2301e+06,56850,-41.145,-13.053,-0.59397,3.662
-0.30754,0.0065737,2.3198e-06,0.99998,-0.44323,0.3,0.34926,0,0,0,0,0.90463,-1403.9,7.4771e+05,-2.2348e+06,56754,-41.238,-13.866,-0.71352,3.6855
-0.30363,0.006574,-8.2438e-06,0.99998,-0.44396,0.3,0.34927,0,0,0,0,0.95553,-1386,7.9095e+05,-2.2252e+06,56661,-41.076,-14.68,-0.76491,3.7307
-0.29636,0.0065882,-2.527e-05,0.99998,-0.44466,0.3,0.34927,0,0,0,0,1.0629,-1352.9,7.8273e+05,-2.2057e+06,56775,-40.741,-14.52,-0.52918,3.8046
-0.30045,0.0065882,-3.3809e-05,0.99998,-0.44523,0.3,0.34928,0,0,0,0,1.0208,-1371.5,8.2752e+05,-2.1919e+06,57268,-40.493,-15.339,-0.46421,3.8363
-0.309,0.0065681,-1.7864e-05,0.99998,-0.44555,0.3,0.34928,0,0,0,0,0.90534,-1410.5,8.9671e+05,-2.1879e+06,57650,-40.408,-16.618,-0.60229,3.8228
-0.309,0.0065681,-1.7863e-05,0.99998,-0.44555,0.3,0.34928,0,0,0,0,0.90534,-1410.5,8.9671e+05,-2.1879e+06,57650,-40.408,-16.618,-0.60229,3.8228
-0.31287,0.0065797,-3.1852e-06,0.99998,-0.44626,0.3,0.34928,0,0,0,0,0.84497,-1428.2,8.1802e+05,-2.1205e+06,57968,-39.146,-15.155,-0.57068,3.7656
-0.31477,0.0065823,-3.4751e-06,0.99998,-0.44699,0.3,0.34929,0,0,0,0,0.82074,-1436.9,7.1925e+05,-2.0581e+06,57378,-37.989,-13.323,-0.43233,3.7431
-0.31393,0.0065932,-3.7203e-06,0.99998,-0.44773,0.3,0.34929,0,0,0,0,0.89146,-1433,7.3878e+05,-2.0819e+06,56378,-38.453,-13.694,-0.38275,3.8166
-0.31804,0.0065861,5.5361e-06,0.99998,-0.44847,0.3,0.3493,0,0,0,0,0.95129,-1451.8,8.337e+05,-2.1143e+06,56224,-39.074,-15.465,-0.49095,3.8858
-0.32915,0.0065799,6.0193e-06,0.99998,-0.44922,0.3,0.3493,0,0,0,0,0.98762,-1502.5,9.7508e+05,-2.1317e+06,55792,-39.417,-18.096,-0.53403,3.9494
-0.35559,0.0065796,-1.2669e-05,0.99998,-0.44997,0.3,0.34931,0,0,0,0,0.97119,-1623.2,1.1579e+06,-2.1403e+06,55206,-39.591,-21.507,-0.28136,4.0236
-0.37561,0.017008,-3.7566e-05,0.99986,-0.45072,0.3,0.34931,0,0,0,0,0.95708,-1714.6,1.2647e+06,-2.2303e+06,43734,-41.288,-23.442,0.43153,4.1266
-0.35108,0.044982,-0.00010083,0.99899,-0.45146,0.3,0.34933,0,0,0,0,1.0325,-1602.6,1.0511e+06,-2.3326e+06,23832,-43.167,-19.435,1.4673,4.1196
-0.323,0.062501,-0.00014627,0.99804,-0.45224,0.3,0.34938,0,0,0,0,1.0887,-1474.5,8.2405e+05,-2.3148e+06,14152,-42.784,-15.244,2.0331,4.0173
-0.31965,0.06251,-0.00014421,0.99804,-0.45299,0.3,0.34943,0,0,0,0,1.0775,-1459.2,8.1593e+05,-2.272e+06,13278,-41.971,-15.085,2.0445,3.9694
-0.31791,0.062511,-0.00014663,0.99804,-0.45374,0.3,0.34948,0,0,0,0,1.0759,-1451.2,8.2596e+05,-2.2654e+06,12539,-41.848,-15.271,1.9786,3.9523
-0.31657,0.062502,-0.00014705,0.99804,-0.45448,0.3,0.34952,0,0,0,0,1.0803,-1445.1,8.5778e+05,-2.2696e+06,10551,-41.929,-15.865,1.8746,3.9477
-0.31531,0.062513,-0.00014806,0.99804,-0.45523,0.3,0.34957,0,0,0,0,1.0799,-1439.4,8.8954e+05,-2.2756e+06,8448.1,-42.04,-16.454,1.8373,3.9412
-0.31536,0.062506,-0.0001566,0.99804,-0.45598,0.3,0.34962,0,0,0,0,1.0843,-1439.6,9.2226e+05,-2.2832e+06,6313.1,-42.178,-17.06,1.8266,3.9345
-0.31918,0.062504,-0.00016852,0.99804,-0.45672,0.3,0.34966,0,0,0,0,1.1067,-1457,9.5082e+05,-2.3005e+06,4945.9,-42.5,-17.59,1.8275,3.9393
-0.32434,0.062513,-0.00016559,0.99804,-0.45747,0.3,0.34971,0,0,0,0,1.1559,-1480.6,9.5905e+05,-2.3333e+06,5695.4,-43.107,-17.741,1.9525,3.9565
-0.32683,0.062507,-0.00014444,0.99804,-0.45821,0.3,0.34976,0,0,0,0,1.2216,-1492,9.7181e+05,-2.3783e+06,6667.8,-43.944,-17.977,2.0771,3.9834
-0.32824,0.062501,-0.0001348,0.99804,-0.45896,0.3,0.3498,0,0,0,0,1.2814,-1498.4,1.0157e+06,-2.4216e+06,5413.9,-44.76,-18.799,2.039,4.0129
-0.33146,0.062515,-0.00014644,0.99804,-0.4597,0.3,0.34985,0,0,0,0,1.3385,-1513.1,1.1004e+06,-2.4595e+06,1245.7,-45.492,-20.387,1.8305,4.0496
-0.33983,0.062513,-0.00016396,0.99804,-0.46045,0.3,0.3499,0,0,0,0,1.3945,-1551.3,1.2206e+06,-2.484e+06,-5519.2,-45.989,-22.644,1.5309,4.1012
-0.35733,0.062501,-0.00016427,0.99804,-0.46118,0.3,0.34994,0,0,0,0,1.4217,-1631.2,1.3717e+06,-2.4689e+06,-15193,-45.753,-25.477,1.3429,4.1744
-0.38371,0.062511,-0.00013982,0.99804,-0.46188,0.3,0.34999,0,0,0,0,1.4007,-1751.6,1.5705e+06,-2.4202e+06,-29642,-44.894,-29.202,1.493,4.2979
-0.36385,0.098851,-0.00094691,0.9951,-0.46244,0.3,0.35002,0,0,0,0,1.3594,-1661,1.4811e+06,-2.5779e+06,-54150,-47.818,-27.545,3.3107,4.3429
-0.32949,0.11632,0.0029342,0.99321,-0.46274,0.3,0.35005,0,0,0,0,1.3409,-1504.1,1.2797e+06,-2.7644e+06,-70052,-51.256,-23.789,4.9185,4.3099
-0.32052,0.12907,5.4538e-06,0.99164,-0.46352,0.3,0.35015,0,0,0,0,1.2991,-1463.2,1.2295e+06,-2.6584e+06,-78140,-49.144,-22.804,4.8916,4.226
-0.30601,0.12907,3.8338e-06,0.99164,-0.46425,0.3,0.35025,0,0,0,0,1.3051,-1396.9,1.1621e+06,-2.553e+06,-84427,-47.049,-21.558,4.9409,4.1588
-0.29756,0.12907,-3.4757e-06,0.99164,-0.46498,0.3,0.35034,0,0,0,0,1.4084,-1358.3,1.1602e+06,-2.576e+06,-84108,-47.491,-21.587,5.0283,4.1936
-0.29347,0.12906,-1.7566e-05,0.99164,-0.46572,0.3,0.35044,0,0,0,0,1.5168,-1339.7,1.2303e+06,-2.6115e+06,-92350,-48.195,-22.916,4.8803,4.2352
-0.28768,0.12907,-1.92e-05,0.99164,-0.46644,0.3,0.35053,0,0,0,0,1.636,-1313.2,1.3301e+06,-2.6277e+06,-1.0443e+05,-48.552,-24.809,4.7073,4.2945
-0.27573,0.12907,-5.8411e-06,0.99163,-0.46713,0.3,0.35062,0,0,0,0,1.831,-1258.7,1.3742e+06,-2.6501e+06,-1.0996e+05,-48.997,-25.658,4.9407,4.3934
-0.28884,0.12903,7.9238e-06,0.99164,-0.46769,0.3,0.3507,0,0,0,0,1.8313,-1318.5,1.5499e+06,-2.7249e+06,-1.2619e+05,-50.445,-28.949,4.9343,4.4874
-0.30926,0.12905,1.9022e-05,0.99164,-0.46806,0.3,0.35074,0,0,0,0,1.7028,-1411.7,1.7266e+06,-2.7805e+06,-1.4222e+05,-51.527,-32.246,4.6807,4.5182
-0.32023,0.12907,-2.2745e-06,0.99164,-0.46877,0.3,0.35084,0,0,0,0,1.6088,-1461.8,1.6104e+06,-2.702e+06,-1.3045e+05,-50.011,-30.036,4.6465,4.4282
-0.32972,0.12907,-1.6173e-05,0.99164,-0.4695,0.3,0.35093,0,0,0,0,1.5788,-1505.1,1.4786e+06,-2.6587e+06,-1.1682e+05,-49.143,-27.565,4.9239,4.3832
-0.33544,0.12907,-2.2416e-05,0.99164,-0.47023,0.3,0.35103,0,0,0,0,1.7039,-1531.3,1.6538e+06,-2.7364e+06,-1.3914e+05,-50.654,-30.927,5.1437,4.5227
-0.37673,0.12913,-0.00029175,0.99163,-0.47096,0.3,0.35112,0,0,0,0,1.7015,-1719.7,2.2462e+06,-2.8281e+06,-2.1413e+05,-52.525,-42.201,5.488,4.8096
-0.33634,0.17045,0.00061812,0.98537,-0.47169,0.3,0.35122,0,0,0,0,1.9285,-1535.4,2.2141e+06,-3.0043e+06,-2.7986e+05,-55.612,-41.833,7.9234,4.9149
-0.24534,0.21229,0.00090783,0.97721,-0.47238,0.3,0.35137,0,0,0,0,2.2904,-1120,1.6864e+06,-3.065e+06,-2.8268e+05,-56.367,-32.014,10.132,4.8031
-0.24448,0.21316,1.1758e-05,0.97702,-0.47292,0.3,0.35149,0,0,0,0,2.139,-1116,1.7262e+06,-3.0006e+06,-2.9791e+05,-55.131,-32.693,9.8233,4.7281
-0.26015,0.21311,2.2652e-05,0.97703,-0.47326,0.3,0.35156,0,0,0,0,1.916,-1187.6,1.8602e+06,-3.0022e+06,-3.2525e+05,-55.218,-35.173,9.3061,4.6781
-0.25259,0.21313,2.586e-05,0.97702,-0.47402,0.3,0.35173,0,0,0,0,1.8425,-1153,1.8029e+06,-2.9075e+06,-3.1719e+05,-53.442,-34.123,8.9765,4.5938
-0.23145,0.21312,2.1123e-05,0.97703,-0.47472,0.3,0.35188,0,0,0,0,1.8619,-1056.6,1.7502e+06,-2.8071e+06,-3.1016e+05,-51.561,-33.176,8.7626,4.5599
-0.20481,0.21313,7.7494e-06,0.97702,-0.47539,0.3,0.35203,0,0,0,0,2.1076,-934.93,1.748e+06,-2.8288e+06,-3.1058e+05,-51.942,-33.172,9.285,4.6772
-0.22211,0.21309,6.521e-07,0.97703,-0.47594,0.3,0.35214,0,0,0,0,2.1261,-1013.9,1.9994e+06,-2.9173e+06,-3.579e+05,-53.682,-37.972,9.3529,4.789
-0.25248,0.21311,-3.091e-06,0.97703,-0.4763,0.3,0.35222,0,0,0,0,1.9917,-1152.6,2.2574e+06,-2.9782e+06,-4.0581e+05,-54.938,-42.88,9.0142,4.8339
-0.26599,0.21313,-2.0333e-05,0.97702,-0.47704,0.3,0.35238,0,0,0,0,1.8972,-1214.2,2.1503e+06,-2.8954e+06,-3.879e+05,-53.299,-40.827,9.0061,4.7384
-0.28827,0.21313,-1.1946e-05,0.97702,-0.47775,0.3,0.35254,0,0,0,0,1.8608,-1315.9,2.1508e+06,-2.8577e+06,-3.9259e+05,-52.524,-40.88,9.3586,4.7559
-0.33019,0.21312,-9.5628e-06,0.97703,-0.47845,0.3,0.35269,0,0,0,0,1.8937,-1507.3,2.7089e+06,-2.9274e+06,-5.1052e+05,-54.006,-51.813,10.087,5.128
-0.26544,0.25973,0.0026578,0.96568,-0.47912,0.3,0.35284,0,0,0,0,2.2168,-1211.7,2.6073e+06,-3.1139e+06,-5.8523e+05,-56.921,-50.385,13.637,5.2774
-0.15887,0.31391,1.2766e-05,0.94945,-0.47965,0.3,0.35301,0,0,0,0,2.3876,-725.22,2.1617e+06,-3.2696e+06,-6.1438e+05,-59.093,-42.205,16.514,5.088
-0.1502,0.31392,-1.3201e-06,0.94945,-0.48002,0.3,0.35313,0,0,0,0,2.2101,-685.63,2.2681e+06,-3.2635e+06,-6.6418e+05,-58.969,-44.28,16.207,5.0084
-0.13878,0.31394,-1.8751e-05,0.94944,-0.48074,0.3,0.35337,0,0,0,0,2.1294,-633.51,2.2404e+06,-3.0696e+06,-6.6379e+05,-55.424,-43.764,15.17,4.8965
-0.10946,0.31393,-1.5154e-05,0.94945,-0.48138,0.3,0.35358,0,0,0,0,2.1173,-499.69,2.1854e+06,-2.8729e+06,-6.5584e+05,-51.725,-42.743,14.579,4.8561
-0.12529,0.31392,-1.1558e-05,0.94945,-0.48189,0.3,0.35375,0,0,0,0,2.1173,-571.95,2.5108e+06,-2.8983e+06,-7.5688e+05,-52.443,-49.255,14.346,5.0476
-0.15902,0.31391,-6.7723e-06,0.94945,-0.48226,0.3,0.35387,0,0,0,0,2.0487,-725.91,2.8635e+06,-2.9266e+06,-8.6547e+05,-53.314,-56.272,13.667,5.1677
-0.18168,0.31623,0.0022617,0.94868,-0.48295,0.3,0.3541,0,0,0,0,1.8154,-829.35,3.0742e+06,-2.5025e+06,-9.5843e+05,-45.483,-60.654,12.024,5.1676
-0.11684,0.31623,0.0022617,0.94868,-0.48347,0.3,0.35427,0,0,0,0,1.6701,-533.36,2.9943e+06,-2.8161e+06,-1.0942e+06,-50.042,-60.168,17.346,5.256
-0.02934,0.41576,-0.00039431,0.90948,-0.48388,0.3,0.35446,0,0,0,0,1.7581,-133.93,2.7036e+06,-3.5537e+06,-1.1371e+06,-62.431,-55.3,24.31,5.3445
-0.019185,0.41629,-3.3793e-06,0.90923,-0.48456,0.3,0.35477,0,0,0,0,1.8106,-87.579,2.7231e+06,-3.2611e+06,-1.1618e+06,-57.162,-55.762,22.435,5.2583
0.00075693,0.41627,-1.1744e-05,0.90924,-0.48515,0.3,0.35504,0,0,0,0,1.8441,3.4553,2.9537e+06,-2.7531e+06,-1.2896e+06,-48.091,-60.738,19.369,5.2951
0.083957,0.42865,-0.00014184,0.90347,-0.48562,0.3,0.35526,0,0,0,0,2.1615,383.25,3.1547e+06,-3.0795e+06,-1.4685e+06,-53.448,-66.31,24.114,5.5017
0.15737,0.47554,0.01283,0.8796,-0.48598,0.3,0.35543,0,0,0,0,2.498,718.38,3.1447e+06,-3.6211e+06,-1.5442e+06,-62.607,-67.369,30.05,5.5853
0.17993,0.51476,-2.0734e-05,0.85733,-0.48651,0.3,0.35575,0,0,0,0,2.6302,821.37,3.6435e+06,-3.5335e+06,-2.0028e+06,-61.103,-80.018,29.501,5.8027
0.2025,0.5232,-0.0028869,0.8522,-0.48691,0.3,0.35599,0,0,0,0,2.7624,924.38,4.1422e+06,-3.4459e+06,-2.4614e+06,-59.6,-92.668,28.952,6.0202
0.30115,0.60699,-7.2531e-06,0.79471,-0.4875,0.3,0.35636,0,0,0,0,3.0978,1374.7,3.7898e+06,-2.9177e+06,-2.5223e+06,-49.455,-87.211,26.138,5.8837
0.44452,0.60699,-7.2553e-06,0.79471,-0.4879,0.3,0.35667,0,0,0,0,3.4013,2029.2,4.1742e+06,-2.65e+06,-3.3271e+06,-43.887,-103.89,27.31,6.1953
0.48923,0.65173,0.015495,0.75829,-0.48829,0.3,0.35696,0,0,0,0,3.3693,2233.3,4.9108e+06,-2.9106e+06,-4.0711e+06,-48.464,-126.03,31.295,6.6434
0.69425,0.71194,-4.5193e-05,0.70224,-0.48869,0.3,0.35735,0,0,0,0,4.0146,3169.2,4.1642e+06,-2.6713e+06,-3.9683e+06,-44.344,-113.2,29.261,6.3197
0.89926,0.76251,0.014067,0.64682,-0.48906,0.3,0.35774,0,0,0,0,4.6599,4105,3.4176e+06,-2.432e+06,-3.8655e+06,-40.224,-100.38,27.228,5.996
0.9929,0.85699,0.0037297,0.51532,-0.48935,0.3,0.35813,0,0,0,0,4.9783,4532.5,2.8469e+06,-2.0705e+06,-3.7674e+06,-35.664,-91.315,22.978,5.8297
1.1598,0.89909,-0.00079376,0.43776,-0.48962,0.3,0.35857,0,0,0,0,5.2444,5294.3,1.8935e+06,-1.0623e+06,-3.7303e+06,-25.73,-79.614,9.6007,5.4109
1.2746,0.97153,-0.011555,0.23666,-0.48988,0.3,0.3592,0,0,0,0,5.4753,5818.5,9.7041e+05,5.0928e+05,-3.8354e+06,-19.792,-75.399,-14.476,5.1515
1.3162,0.99346,-0.017616,0.11277,-0.48999,0.3,0.36009,0,0,0,0,5.7586,6008.4,4.3012e+05,1.4342e+06,-3.8797e+06,-19.228,-73.824,-29.425,5.1446
-0.26865,-0.011505,-0.10315,-0.9946,-0.076234,0.3,0.49531,0,0,0,0,5.0051,-1226.4,-1.0529e+05,1.4842e+06,-1.5371e+05,-28.844,-1.975,0.69897,6.5837
-0.25822,-0.011544,-0.10315,-0.9946,-0.077464,0.3,0.49533,0,0,0,0,8.3876,-1178.7,-93689,1.2556e+06,-1.2966e+05,-25.887,-1.8426,0.88836,8.6209
-0.28689,-0.016882,-0.1029,-0.99455,-0.075533,0.3,0.4953,0,0,0,0,3.9299,-1309.6,-1.0522e+05,1.5471e+06,-1.6042e+05,-29.512,-1.9466,0.59363,5.689
-0.26035,-0.020552,-0.10256,-0.99451,-0.077543,0.3,0.49533,0,0,0,0,8.5891,-1188.5,-91533,1.2355e+06,-1.2736e+05,-25.597,-1.8016,0.94822,8.7445
-0.29776,-0.016882,-0.1029,-0.99455,-0.075114,0.3,0.49529,0,0,0,0,3.2077,-1359.3,-1.0501e+05,1.5764e+06,-1.6324e+05,-29.716,-1.9178,0.59637,5.0789
-0.28751,-0.039378,-0.1024,-0.99396,-0.080858,0.3,0.49543,0,0,0,0,14.449,-1312.5,-75867,9.8478e+05,-97309,-22.35,-1.6116,1.1479,11.114
-0.29718,-0.016877,-0.10289,-0.99455,-0.074894,0.3,0.49529,0,0,0,0,3.1127,-1356.6,-1.071e+05,1.5794e+06,-1.6311e+05,-29.707,-1.9589,0.53848,4.9338
-0.28827,-0.039744,-0.10238,-0.99395,-0.080943,0.3,0.49543,0,0,0,0,14.642,-1315.9,-75493,9.7764e+05,-96462,-22.262,-1.6076,1.1554,11.189
-0.31388,-0.016872,-0.10289,-0.99455,-0.074105,0.3,0.49528,0,0,0,0,2.6007,-1432.8,-1.0851e+05,1.6156e+06,-1.6968e+05,-30.153,-1.9874,0.3439,4.3336
-0.28897,-0.040008,-0.10235,-0.99394,-0.081032,0.3,0.49544,0,0,0,0,15.022,-1319.1,-75242,9.7382e+05,-96020,-22.226,-1.6052,1.1607,11.26
-0.32634,-0.016884,-0.10288,-0.99455,-0.073736,0.3,0.49527,0,0,0,0,2.064,-1489.7,-97173,1.6076e+06,-1.692e+05,-30.02,-1.7538,0.45528,4.0429
-0.3285,-0.056053,-0.1018,-0.99322,-0.084907,0.3,0.49562,0,0,0,0,39.522,-1499.6,-60278,7.4754e+05,-74917,-19.944,-1.4691,1.4317,15.565
-0.33421,-0.016881,-0.10287,-0.99455,-0.073503,0.3,0.49527,0,0,0,0,1.7114,-1525.6,-90636,1.6098e+06,-1.6977e+05,-30.066,-1.6138,0.56222,3.8558
-0.33085,-0.058377,-0.10181,-0.99309,-0.084977,0.3,0.49563,0,0,0,0,40.694,-1510.3,-60467,7.4155e+05,-74335,-19.895,-1.4809,1.4504,15.711
-0.33932,-0.016875,-0.10289,-0.99455,-0.07298,0.3,0.49526,0,0,0,0,0.94127,-1549,-78883,1.6376e+06,-1.7241e+05,-30.598,-1.3165,1.1623,3.4687
-0.33781,-0.058996,-0.10178,-0.99305,-0.085434,0.3,0.49566,0,0,0,0,42.42,-1542,-59187,7.2319e+05,-72372,-19.695,-1.4666,1.4726,16.196
-0.33987,-0.016875,-0.10288,-0.99455,-0.0725,0.3,0.49525,0,0,0,0,0.60652,-1551.5,-70560,1.6629e+06,-1.7565e+05,-31.075,-1.1282,1.4153,3.3166
-0.40128,-0.068427,-0.10008,-0.99262,-0.090333,0.3,0.496,0,0,0,0,57.019,-1831.8,-45722,5.6641e+05,-54823,-17.936,-1.2849,1.6339,20.384
-0.48269,-0.095846,-0.098988,-0.99046,-0.096042,0.3,0.4965,0,0,0,0,58.102,-2203.4,-35372,4.8379e+05,-44425,-17.666,-1.1086,1.9408,24.862
-0.60428,-0.10792,-0.098443,-0.98927,-0.10192,0.3,0.49712,0,0,0,0,62.353,-2758.5,-29829,4.7289e+05,-43268,-18.957,-0.99219,2.1738,28.207
-0.75624,-0.10871,-0.098608,-0.98917,-0.10785,0.3,0.49779,0,0,0,0,68.966,-3452.1,-24935,5.0184e+05,-46796,-21.606,-0.86458,2.2001,30.989
-0.93631,-0.096955,-0.099644,-0.99029,-0.11376,0.3,0.49842,0,0,0,0,77.519,-4274.1,-19841,5.5411e+05,-53427,-25.46,-0.73004,1.8582,33.655
-1.1368,-0.069885,-0.10184,-0.99234,-0.11969,0.3,0.49895,0,0,0,0,86.708,-5189.4,-14856,6.2699e+05,-63165,-30.47,-0.64542,0.77542,35.984
-1.3489,-0.033657,-0.10373,-0.99403,-0.12563,0.3,0.49925,0,0,0,0,91.263,-6157.8,-8088.9,7.5366e+05,-81652,-37.338,-0.63029,-1.6532,36.885
-1.4711,-7.1825e-05,-0.10462,-0.99451,-0.13137,0.3,0.49926,0,0,0,0,52.526,-6715.2,2963.1,1.0196e+06,-1.0795e+05,-45.804,-0.50512,-5.6002,33.576
-1.4766,0.057559,-0.10575,-0.99264,-0.13174,0.3,0.49923,0,0,0,0,49.564,-6740.6,3458.8,1.0401e+06,-1.106e+05,-45.988,-0.51683,-5.8673,33.063
-1.5369,0.11801,-0.10624,-0.98729,-0.13663,0.3,0.49888,0,0,0,0,11.55,-7015.8,26306,1.291e+06,-1.4019e+05,-49.792,-0.019281,-8.9786,27.601
-1.5479,0.13169,-0.10658,-0.98541,-0.13688,0.3,0.49884,0,0,0,0,11.081,-7066.1,30685,1.3071e+06,-1.4311e+05,-49.525,0.1088,-9.0941,26.957
-1.6503,0.16857,-0.1154,-0.97887,-0.13984,0.3,0.49837,0,0,0,0,8.5296,-7533.4,49683,1.603e+06,-1.8207e+05,-54.316,0.15161,-13.724,23.248
-1.6657,0.21061,-0.10901,-0.97143,-0.14061,0.3,0.49825,0,0,0,0,8.1352,-7603.6,50688,1.67e+06,-1.8887e+05,-55.365,0.043408,-14.893,22.486
-1.561,0.21568,-0.10896,-0.97037,-0.14358,0.3,0.49759,0,0,0,0,9.5172,-7125.6,32448,2.0841e+06,-2.3865e+05,-62.044,-1.4462,-21.65,20.131
-1.5642,0.28949,-0.11139,-0.95057,-0.14401,0.3,0.49745,0,0,0,0,9.1222,-7140.2,34201,2.1701e+06,-2.493e+05,-62.189,-1.6297,-23.292,19.391
-1.5732,0.32842,-0.11352,-0.93767,-0.14589,0.3,0.49684,0,0,0,0,7.5356,-7181.6,32842,2.5598e+06,-3.0364e+05,-62.236,-2.8636,-30.655,15.673
-1.5867,0.37217,-0.10923,-0.92172,-0.14598,0.3,0.49681,0,0,0,0,7.2576,-7243.1,37948,2.5867e+06,-3.0206e+05,-62,-2.7605,-31.13,15.385
-1.5602,0.43955,-0.10951,-0.89146,-0.14831,0.3,0.49587,0,0,0,0,5.4352,-7122.1,42909,3.1509e+06,-3.601e+05,-67.665,-3.9278,-41.745,13.651
-1.2384,0.58149,-0.11168,-0.80585,-0.14938,0.3,0.49528,0,0,0,0,7.7499,-5653,64488,4.067e+06,-4.8722e+05,-78.818,-5.6908,-56.912,12.768
-1.1058,0.59106,-0.11058,-0.79886,-0.14989,0.3,0.49491,0,0,0,0,7.0756,-5047.8,86681,4.3868e+06,-5.1645e+05,-78.309,-6.1226,-63.436,11.948
-0.83656,0.61452,-0.11108,-0.78102,-0.15095,0.3,0.49414,0,0,0,0,5.7611,-3818.8,1.5307e+05,5.1077e+06,-5.9136e+05,-77.785,-6.7872,-78.172,10.26
-0.78607,0.64799,-0.10754,-0.75347,-0.15102,0.3,0.49408,0,0,0,0,5.0661,-3588.3,1.5854e+05,5.2202e+06,-5.9351e+05,-77,-6.8988,-80.816,9.9308
-0.29925,0.78676,-0.095022,-0.60981,-0.1518,0.3,0.49322,0,0,0,0,2.61,-1366.1,1.5668e+05,5.5229e+06,-6.3007e+05,-63.508,-8.9565,-94.011,8.7279
0.31855,0.86619,-0.085654,-0.4914,-0.15213,0.3,0.4927,0,0,0,0,3.3843,1454.2,1.8081e+05,5.0916e+06,-6.2512e+05,-43.252,-9.9382,-93.096,8.1868
0.53309,0.9378,-0.099888,-0.33213,-0.15222,0.3,0.49243,0,0,0,0,3.51,2433.5,1.7442e+05,4.5455e+06,-5.7412e+05,-33.346,-9.2852,-83.728,7.6293
0.92947,0.98513,-0.055211,-0.16159,-0.15245,0.3,0.49181,0,0,0,0,4.0336,4242.9,1.5862e+05,3.6361e+06,-4.8005e+05,-17.968,-7.9899,-68.077,6.677
1.1633,0.99545,-0.04635,-0.083017,-0.1525,0.3,0.49119,0,0,0,0,4.1874,5310.2,80387,2.7129e+06,-3.8955e+05,-7.022,-7.0993,-50.779,5.7474
-0.28202,-0.82433,0.5464,-0.14809,-0.74946,0.3,0.23357,0,0,0,0,47.278,-1287.4,-91870,-78372,3.3564e+05,-9.7708,-8.7736,-4.3862,26.215
-0.72866,-0.82424,0.54625,-0.1491,-0.74959,0.3,0.2343,0,0,0,0,72.464,-3326.3,-88053,-74196,3.9935e+05,-28.164,-2.1165,-5.3534,30.788
-0.29325,-0.82452,0.54713,-0.14428,-0.74945,0.3,0.23348,0,0,0,0,45.973,-1338.6,-84746,-53811,3.3195e+05,-9.535,-8.6917,-3.3147,25.644
-1.1774,-0.82426,0.54623,-0.14911,-0.74971,0.3,0.23495,0,0,0,0,91.129,-5374.6,-68025,-10825,4.4803e+05,-43.964,4.2208,-4.3279,33.893
-0.39073,-0.82488,0.54727,-0.14168,-0.74941,0.3,0.23327,0,0,0,0,49.785,-1783.7,-1.025e+05,-63163,3.4515e+05,-13.283,-7.1235,-5.0879,26.519
-0.50597,-0.8255,0.54719,-0.13834,-0.74933,0.3,0.23278,0,0,0,0,50.572,-2309.7,-1.2322e+05,-45296,3.4994e+05,-16.378,-5.3231,-6.7089,26.811
-0.68689,-0.82577,0.54706,-0.13725,-0.74922,0.3,0.23215,0,0,0,0,60.653,-3135.6,-1.6758e+05,-99158,3.7761e+05,-25.601,-2.0078,-11.501,29.514
-0.72788,-0.8258,0.54706,-0.13705,-0.74919,0.3,0.23197,0,0,0,0,62.883,-3322.7,-1.7741e+05,-1.087e+05,3.8374e+05,-27.541,-1.2527,-12.493,30.033
-0.29111,-0.027591,1.4128e-05,-0.99962,-0.3108,0.3,0.36402,0,0,0,0,16.169,-1328.9,-1.3517e+05,8.269e+05,40113,-25.045,-3.7959,-0.55526,70.358
-0.29643,-0.027602,1.1635e-05,-0.99962,-0.31,0.3,0.364,0,0,0,0,19.251,-1353.2,4007.4,1.3051e+05,-2694.3,-17.321,-1.6844,-1.5081,130.76
-0.29417,-0.027582,1.2295e-05,-0.99962,-0.31147,0.3,0.36404,0,0,0,0,18.284,-1342.9,-1.9939e+05,1.0911e+06,47376,-26.853,-4.9817,0.47609,15.049
-0.30083,-0.027597,2.7295e-06,-0.99962,-0.3122,0.3,0.36406,0,0,0,0,13.698,-1373.3,-1.7505e+05,9.2706e+05,26833,-23.168,-4.4695,1.0716,14.942
-0.29513,-0.027605,-1.3792e-05,-0.99962,-0.31294,0.3,0.36408,0,0,0,0,2.7108,-1347.3,-2.6575e+05,1.3113e+06,53509,-26.479,-5.4407,1.2906,8.1941
-0.28688,-0.027598,-1.8914e-05,-0.99962,-0.31369,0.3,0.3641,0,0,0,0,1.0353,-1309.6,-3.2582e+05,1.4488e+06,63641,-27.386,-6.2246,0.9553,5.3919
-0.28972,-0.027591,-8.6877e-06,-0.99962,-0.31444,0.3,0.36412,0,0,0,0,0.35061,-1322.6,-3.3146e+05,1.2161e+06,48380,-22.424,-6.1475,0.80708,3.3486
-0.29504,-0.027597,-1.521e-05,-0.99962,-0.31519,0.3,0.36414,0,0,0,0,0.11859,-1346.8,-2.8957e+05,9.12e+05,32193,-16.718,-5.334,0.60187,2.4886
-0.29122,-0.027598,-2.5762e-05,-0.99962,-0.31594,0.3,0.36416,0,0,0,0,0.10014,-1329.4,-2.7111e+05,8.5091e+05,29754,-15.598,-4.9885,0.4582,2.4089
-0.28691,-0.027592,-1.9178e-05,-0.99962,-0.31668,0.3,0.36418,0,0,0,0,0.098288,-1309.7,-2.8835e+05,8.2531e+05,29570,-15.129,-5.3033,0.40881,2.3776
-0.28265,-0.02759,-1.1234e-05,-0.99962,-0.31743,0.3,0.36421,0,0,0,0,0.098033,-1290.3,-3.072e+05,7.7864e+05,27779,-14.27,-5.6473,0.31301,2.301
-0.29002,-0.027586,-9.8406e-06,-0.99962,-0.31816,0.3,0.36423,0,0,0,0,0.1006,-1323.9,-2.1668e+05,7.4696e+05,23340,-13.672,-4.0116,0.44579,2.2065
-0.40214,-0.084984,0.00025663,-0.99638,-0.33614,0.3,0.3654,1,0,0,0,0.073277,-1835.7,-17755,7.1741e+05,21286,-13.248,-0.43808,-0.34791,2.1147
-0.39372,-0.084979,0.00026959,-0.99638,-0.3354,0.3,0.36534,1,0,0,0,0.070935,-1797.3,30203,6.883e+05,14730,-12.718,0.57044,-0.17706,2.0591
-0.40641,-0.084987,0.00026331,-0.99638,-0.33689,0.3,0.36546,1,0,0,0,0.074101,-1855.2,-42440,7.2574e+05,23931,-13.401,-0.89013,-0.38969,2.139
-0.37538,-0.076195,0.0001417,-0.99709,-0.33466,0.3,0.36527,1,0,0,0,0.068194,-1713.6,1.3514e+05,6.4041e+05,-11953,-11.79,2.5835,0.17859,2.003
-0.40468,-0.084975,0.00026408,-0.99638,-0.33763,0.3,0.36553,1,0,0,0,0.07478,-1847.3,24688,7.2441e+05,17683,-13.348,0.35812,-0.1001,2.1409
-0.36295,-0.066447,6.7895e-05,-0.99779,-0.33391,0.3,0.36522,1,0,0,0,0.066153,-1656.8,1.328e+05,6.5983e+05,-9706.6,-12.114,2.4281,0.23063,2.0176
-0.40562,-0.084974,0.00025811,-0.99638,-0.33837,0.3,0.36559,1,0,0,0,0.079702,-1851.6,2.1298e+05,7.0007e+05,-20103,-12.867,3.9107,0.229,2.1414
-0.36635,-0.065487,0.00014259,-0.99785,-0.33317,0.3,0.36517,1,0,0,0,0.066619,-1672.3,-7360.6,7.1684e+05,19808,-13.193,-0.22416,-0.15224,2.0645
-0.42717,-0.084982,0.00025913,-0.99638,-0.3391,0.3,0.36565,1,0,0,0,0.09489,-1950,1.361e+05,7.5216e+05,-13057,-13.866,2.4713,-0.25141,2.1919
-0.36881,-0.065493,0.00016067,-0.99785,-0.33242,0.3,0.36512,1,0,0,0,0.067944,-1683.6,-64590,7.3069e+05,24290,-13.464,-1.2822,-0.39885,2.0833
-0.36672,-0.06549,0.00017149,-0.99785,-0.33169,0.3,0.36508,1,0,0,0,0.066669,-1674,-42213,7.2579e+05,22112,-13.394,-0.87363,-0.46925,2.0897
-0.36008,-0.065476,0.00016653,-0.99785,-0.33099,0.3,0.36503,1,0,0,0,0.059229,-1643.7,1.5349e+05,7.1232e+05,8801.5,-13.131,2.821,-0.079273,2.1583
-0.36842,-0.065474,0.0001601,-0.99785,-0.33043,0.3,0.36499,1,0,0,0,0.062537,-1681.8,1.4037e+05,7.2501e+05,10057,-13.339,2.5869,0.0010478,2.1848
-0.33076,-0.06549,0.00014958,-0.99785,-0.32343,0.3,0.36453,2,0,0,0,0.067559,-1509.9,3261.6,6.875e+05,6086.7,-12.636,0.14768,0.41118,2.0756
-0.32532,-0.065491,0.00016571,-0.99785,-0.32268,0.3,0.36449,2,0,0,0,0.066328,-1485,15286,6.7351e+05,-11331,-12.367,0.35374,0.53045,2.048
-0.3359,-0.065489,0.00013924,-0.99785,-0.32417,0.3,0.36458,2,0,0,0,0.069496,-1533.3,-15325,7.0015e+05,14513,-12.87,-0.27174,0.28166,2.1003
-0.31951,-0.065493,0.00016977,-0.99785,-0.32194,0.3,0.36444,2,0,0,0,0.064366,-1458.5,29989,6.5856e+05,-26730,-12.064,0.52397,0.674,2.0177
-0.34027,-0.065486,0.00014865,-0.99785,-0.32492,0.3,0.36463,2,0,0,0,0.073308,-1553.3,-39194,7.1427e+05,21810,-13.125,-0.78797,0.19631,2.127
-0.3138,-0.065486,0.00017465,-0.99785,-0.32119,0.3,0.36439,2,0,0,0,0.06297,-1432.5,19312,6.4904e+05,-24870,-11.866,0.23815,0.72357,2.0002
-0.34334,-0.065491,0.00015918,-0.99785,-0.32566,0.3,0.36468,2,0,0,0,0.076992,-1567.3,-47305,7.1801e+05,22837,-13.192,-0.93559,0.19417,2.1426
-0.30742,-0.065489,0.00017929,-0.99785,-0.32046,0.3,0.36434,2,0,0,0,0.063568,-1403.3,-11050,6.3792e+05,-21966,-11.652,-0.28051,0.73907,1.9953
-0.34639,-0.065485,0.00015773,-0.99785,-0.32641,0.3,0.36473,2,0,0,0,0.077276,-1581.2,-63776,7.1744e+05,25245,-13.186,-1.2415,0.12941,2.1559
-0.3015,-0.065502,0.00017537,-0.99785,-0.31976,0.3,0.36429,2,0,0,0,0.068946,-1376.3,-24822,6.4222e+05,-21883,-11.747,-0.45723,0.80204,2.0332
-0.34811,-0.065491,0.00015084,-0.99785,-0.32715,0.3,0.36478,2,0,0,0,0.07522,-1589.1,-63200,7.1194e+05,25793,-13.086,-1.2303,0.11957,2.1572
-0.29902,-0.06551,0.00017181,-0.99785,-0.3192,0.3,0.36426,2,0,0,0,0.088352,-1365,-64823,6.9924e+05,-1583.4,-12.8,-1.2045,0.76447,2.1172
-0.34742,-0.065491,0.00014904,-0.99785,-0.3279,0.3,0.36483,2,0,0,0,0.073866,-1586,-5500.3,6.9808e+05,20185,-12.825,-0.085966,0.25363,2.1351
-0.34948,-0.065488,0.00014965,-0.99785,-0.32864,0.3,0.36488,2,0,0,0,0.074278,-1595.4,1.0143e+05,6.5887e+05,-8296.8,-12.089,1.9398,0.33296,2.068
-0.367,-0.065499,0.00014934,-0.99785,-0.32937,0.3,0.36492,2,0,0,0,0.073297,-1675.3,59637,6.8636e+05,-5101.4,-12.607,1.0815,-0.0013683,2.0811
-0.59828,0.42035,-1.0455e-05,-0.90736,-0.48492,0.3,0.36511,3,0,0,0,1.3815,-2731.1,-1.0918e+06,3.2299e+06,-4.2943e+05,-54.478,-21.522,-25.656,4.6913
-0.50167,0.42035,-1.0451e-05,-0.90736,-0.48445,0.3,0.36533,3,0,0,0,1.5202,-2290.1,-1.1685e+06,3.2145e+06,-4.5192e+05,-54.657,-23.041,-24.517,4.7067
-0.73109,-0.052789,-0.00057939,-0.99861,-0.40727,0.3,0.37088,4,0,0,0,0.22758,-3337.4,-65872,1.2537e+06,39798,-23.274,-0.93835,-2.8233,2.8648
-0.72712,-0.05279,-0.00058306,-0.99861,-0.40652,0.3,0.37084,4,0,0,0,0.22903,-3319.2,-93048,1.2481e+06,40916,-23.19,-1.4501,-2.7566,2.8629
-0.73325,-0.052802,-0.00057244,-0.9986,-0.40801,0.3,0.37092,4,0,0,0,0.22721,-3347.2,1.1504e+05,1.2705e+06,30921,-23.525,2.3891,-2.6538,2.8665
-0.7218,-0.052809,-0.0005773,-0.9986,-0.40577,0.3,0.3708,4,0,0,0,0.23043,-3294.9,-93227,1.2479e+06,40949,-23.18,-1.4888,-2.6676,2.8548
-0.74649,-0.052797,-0.00057395,-0.99861,-0.40873,0.3,0.37096,4,0,0,0,0.23648,-3407.7,4.5944e+05,1.3416e+06,13906,-24.821,8.7371,-2.852,2.9837
-0.71699,-0.052802,-0.00057562,-0.9986,-0.40502,0.3,0.37076,4,0,0,0,0.23226,-3273,-1.0222e+05,1.2516e+06,41476,-23.238,-1.6948,-2.599,2.8486
-0.71452,-0.052796,-0.00057695,-0.99861,-0.40428,0.3,0.37072,4,0,0,0,0.23346,-3261.7,-1.2206e+05,1.2577e+06,42391,-23.342,-2.0724,-2.5818,2.8441
-0.71489,-0.052791,-0.00057926,-0.99861,-0.40353,0.3,0.37068,4,0,0,0,0.22913,-3263.4,-1.3589e+05,1.2623e+06,42782,-23.425,-2.2805,-2.6526,2.8368
-0.71562,-0.052804,-0.00058279,-0.9986,-0.40278,0.3,0.37064,4,0,0,0,0.21826,-3266.7,-1.3257e+05,1.2605e+06,42354,-23.396,-2.173,-2.7911,2.8253
-0.71294,-0.052799,-0.00059281,-0.99861,-0.40204,0.3,0.3706,4,0,0,0,0.20821,-3254.5,-94440,1.2532e+06,40397,-23.265,-1.4662,-2.8911,2.8104
-0.70817,-0.052796,-0.00059946,-0.99861,-0.40129,0.3,0.37056,4,0,0,0,0.204,-3232.7,-59736,1.2497e+06,38866,-23.209,-0.82565,-2.9282,2.8005
-0.70527,-0.052801,-0.00059302,-0.9986,-0.40055,0.3,0.37052,4,0,0,0,0.20272,-3219.5,-64232,1.2538e+06,39423,-23.294,-0.90639,-2.9686,2.7983
-0.70531,-0.052798,-0.00058487,-0.99861,-0.3998,0.3,0.37049,4,0,0,0,0.20106,-3219.7,-64089,1.2612e+06,39693,-23.436,-0.89998,-3.0454,2.7966
-0.70741,-0.052804,-0.00058212,-0.9986,-0.39905,0.3,0.37045,4,0,0,0,0.19994,-3229.3,-42999,1.2719e+06,38720,-23.639,-0.50429,-3.137,2.7965
-0.71129,-0.052792,-0.00057411,-0.99861,-0.39831,0.3,0.37041,4,0,0,0,0.19963,-3247,7740.7,1.2894e+06,36438,-23.959,0.44033,-3.2728,2.805
-0.71938,-0.052793,-0.00056273,-0.99861,-0.39756,0.3,0.37037,4,0,0,0,0.19834,-3283.9,1.077e+05,1.318e+06,31992,-24.488,2.2958,-3.5207,2.8398
-0.73511,-0.052807,-0.00056554,-0.9986,-0.39683,0.3,0.37033,4,0,0,0,0.19662,-3355.7,3.3277e+05,1.3823e+06,22605,-25.705,6.4681,-4.0105,2.9705
-0.76912,-0.059587,-0.00026735,-0.99822,-0.39613,0.3,0.37029,4,0,0,0,0.20799,-3510.9,3.3715e+05,1.4948e+06,25115,-27.967,6.6439,-5.4837,3.1468
-0.79728,-0.066359,3.793e-05,-0.9978,-0.39557,0.3,0.37025,4,0,0,0,0.24698,-3639.5,42829,1.5034e+06,39313,-28.213,1.247,-5.9149,3.0969
-0.62026,0.077387,-6.7805e-06,-0.997,-0.45527,0.3,0.37092,5,0,0,0,0.086386,-2831.4,3.8602e+05,1.1594e+06,62235,-20.937,7.322,-5.375,2.7877
-0.63984,0.07738,-1.0939e-05,-0.997,-0.456,0.3,0.37086,5,0,0,0,0.074381,-2920.8,1.3323e+05,1.1039e+06,42686,-19.808,2.693,-6.1426,2.6643
-0.63569,0.077373,-1.3323e-05,-0.997,-0.45674,0.3,0.37081,5,0,0,0,0.072977,-2901.9,1.8069e+05,1.0891e+06,46352,-19.518,3.5544,-5.834,2.6725
-0.63915,0.07738,-1.7579e-05,-0.997,-0.45748,0.3,0.37075,5,0,0,0,0.075369,-2917.6,2.2395e+05,1.0941e+06,49876,-19.6,4.3489,-5.8013,2.6839
-0.64877,0.077391,-2.3675e-05,-0.997,-0.45823,0.3,0.37069,5,0,0,0,0.079541,-2961.6,3.1312e+05,1.1108e+06,57125,-19.925,5.9955,-5.8714,2.7139
-0.66476,0.077381,-1.8349e-05,-0.997,-0.45897,0.3,0.37063,5,0,0,0,0.085804,-3034.6,3.8942e+05,1.1365e+06,63459,-20.393,7.4147,-6.181,2.7516
-0.68766,0.077375,-1.1804e-05,-0.997,-0.45972,0.3,0.37057,5,0,0,0,0.094502,-3139.1,3.9612e+05,1.1737e+06,64975,-21.029,7.5695,-6.8842,2.7851
-0.71277,0.07739,-1.1354e-05,-0.997,-0.46046,0.3,0.37052,5,0,0,0,0.10342,-3253.7,2.9881e+05,1.2293e+06,60806,-21.974,5.8284,-7.9404,2.8241
-0.71176,0.083592,-0.00081474,-0.9965,-0.46119,0.3,0.37046,5,0,0,0,0.11288,-3249.1,4.3912e+05,1.3274e+06,79854,-23.738,8.4517,-8.3704,3.0005
-0.64492,0.11491,-0.00092186,-0.99338,-0.46188,0.3,0.3704,5,0,0,0,0.11996,-2944,9.9948e+05,1.4567e+06,1.7057e+05,-26.16,18.864,-7.4275,3.4199
-0.57177,0.13997,-0.00022574,-0.99016,-0.46244,0.3,0.37032,5,0,0,0,0.10544,-2610.1,1.0002e+06,1.3185e+06,1.7801e+05,-23.729,18.821,-5.629,3.2589
-0.73942,-0.018468,-0.00029745,-0.99983,-0.41927,0.3,0.37142,6,0,0,0,0.21109,-3375.4,-37996,1.2908e+06,35333,-23.784,-0.47627,-3.858,2.8421
-0.7444,-0.018471,-0.00030552,-0.99983,-0.41852,0.3,0.37141,6,0,0,0,0.20555,-3398.1,11194,1.2869e+06,34273,-23.712,0.42797,-3.7906,2.8436
-0.73872,-0.018473,-0.00028101,-0.99983,-0.42001,0.3,0.37143,6,0,0,0,0.21375,-3372.2,-63550,1.3054e+06,35988,-24.053,-0.94563,-3.9415,2.84
-0.75366,-0.018475,-0.00029605,-0.99983,-0.41777,0.3,0.37139,6,0,0,0,0.19631,-3440.4,1.6123e+05,1.3011e+06,31877,-23.977,3.1849,-3.7139,2.8718
-0.74066,-0.018481,-0.0002899,-0.99983,-0.42076,0.3,0.37145,6,0,0,0,0.21453,-3381.1,-76549,1.3222e+06,36435,-24.365,-1.1809,-4.0559,2.8416
-0.77596,-0.024342,-0.00045455,-0.9997,-0.41702,0.3,0.37138,6,0,0,0,0.18554,-3542.2,3.7313e+05,1.3418e+06,26277,-24.761,7.094,-3.6772,2.9498
-0.74193,-0.018466,-0.00030608,-0.99983,-0.42151,0.3,0.37146,6,0,0,0,0.21441,-3386.8,-84269,1.3284e+06,36633,-24.486,-1.3213,-4.0958,2.8415
-0.8157,-0.041505,-0.00059731,-0.99914,-0.41626,0.3,0.37136,6,0,0,0,0.19083,-3723.6,2.3985e+05,1.3572e+06,29180,-25.18,4.6968,-4.1161,2.9482
-0.74251,-0.018467,-0.00031792,-0.99983,-0.42226,0.3,0.37148,6,0,0,0,0.21441,-3389.5,-86188,1.3282e+06,36633,-24.487,-1.357,-4.0861,2.8412
-0.83412,-0.052795,-0.0005809,-0.99861,-0.41552,0.3,0.37132,6,0,0,0,0.21005,-3807.7,16503,1.3482e+06,35614,-25.122,0.63211,-4.4793,2.8944
-0.74313,-0.018474,-0.00032165,-0.99983,-0.42301,0.3,0.37149,6,0,0,0,0.21421,-3392.3,-84614,1.3256e+06,36520,-24.443,-1.3291,-4.0631,2.8408
-0.8243,-0.052791,-0.000588,-0.99861,-0.41477,0.3,0.37128,6,0,0,0,0.22171,-3762.9,16044,1.3537e+06,35393,-25.227,0.62872,-4.3784,2.889
-0.74413,-0.018463,-0.00030703,-0.99983,-0.42376,0.3,0.3715,6,0,0,0,0.21386,-3396.9,-81840,1.323e+06,36377,-24.395,-1.2788,-4.0466,2.841
-0.81568,-0.052797,-0.00059069,-0.99861,-0.41402,0.3,0.37124,6,0,0,0,0.22535,-3723.5,311.12,1.362e+06,36643,-25.38,0.34161,-4.3584,2.8851
-0.74564,-0.018462,-0.00028287,-0.99983,-0.4245,0.3,0.37152,6,0,0,0,0.21325,-3403.8,-78027,1.3204e+06,36216,-24.348,-1.2092,-4.0357,2.8414
-0.81028,-0.052796,-0.00057116,-0.99861,-0.41328,0.3,0.3712,6,0,0,0,0.22717,-3698.9,-31666,1.3729e+06,38816,-25.584,-0.24304,-4.419,2.8837
-0.74768,-0.018472,-0.00027026,-0.99983,-0.42525,0.3,0.37153,6,0,0,0,0.21242,-3413.1,-73473,1.3183e+06,36048,-24.308,-1.1258,-4.0311,2.8422
-0.80751,-0.052794,-0.00055771,-0.99861,-0.41253,0.3,0.37116,6,0,0,0,0.22911,-3686.2,-50840,1.3867e+06,40264,-25.839,-0.58919,-4.5262,2.8868
-0.7503,-0.018482,-0.00027988,-0.99983,-0.426,0.3,0.37155,6,0,0,0,0.21139,-3425,-68516,1.3165e+06,35887,-24.275,-1.0347,-4.0342,2.8434
-0.80822,-0.052793,-0.00056993,-0.99861,-0.41179,0.3,0.37112,6,0,0,0,0.23067,-3689.4,-12624,1.4046e+06,38769,-26.175,0.12752,-4.7483,2.9035
-0.75345,-0.018482,-0.00030041,-0.99983,-0.42675,0.3,0.37156,6,0,0,0,0.21022,-3439.4,-62575,1.3152e+06,35720,-24.253,-0.92496,-4.0468,2.8451
-0.8157,-0.052812,-0.00057708,-0.9986,-0.41105,0.3,0.37108,6,0,0,0,0.23197,-3723.6,33761,1.4296e+06,37442,-26.675,1.0196,-5.4706,2.9568
-0.75719,-0.018472,-0.00030971,-0.99983,-0.4275,0.3,0.37157,6,0,0,0,0.2089,-3456.5,-55859,1.3145e+06,35558,-24.241,-0.80047,-4.0706,2.8475
-0.82605,-0.052809,-0.00057649,-0.9986,-0.41035,0.3,0.37104,6,0,0,0,0.23161,-3770.8,22951,1.5109e+06,41365,-28.31,0.90159,-7.2885,3.1172
-0.76154,-0.018472,-0.00030768,-0.99983,-0.42825,0.3,0.37159,6,0,0,0,0.20751,-3476.3,-47885,1.3144e+06,35386,-24.239,-0.65249,-4.1024,2.8505
-0.79465,-0.052792,-0.00057726,-0.99861,-0.40979,0.3,0.37101,6,0,0,0,0.23795,-3627.5,3.3011e+05,1.489e+06,24600,-27.784,6.4876,-5.8897,3.1675
-0.76654,-0.01847,-0.00030629,-0.99983,-0.429,0.3,0.3716,6,0,0,0,0.20607,-3499.2,-39342,1.315e+06,35230,-24.251,-0.49365,-4.1416,2.8543
-0.7721,-0.018466,-0.00030777,-0.99983,-0.42974,0.3,0.37161,6,0,0,0,0.20456,-3524.6,-29486,1.3163e+06,35065,-24.276,-0.31003,-4.1993,2.8588
-0.77827,-0.018468,-0.00030962,-0.99983,-0.43049,0.3,0.37163,6,0,0,0,0.20283,-3552.7,-14272,1.318e+06,34785,-24.308,-0.027282,-4.2492,2.8641
-0.7853,-0.018471,-0.00030764,-0.99983,-0.43124,0.3,0.37164,6,0,0,0,0.201,-3584.8,7106.2,1.3201e+06,34403,-24.348,0.36904,-4.3086,2.8699
-0.79365,-0.01847,-0.00030269,-0.99983,-0.43199,0.3,0.37166,6,0,0,0,0.19917,-3622.9,34213,1.3227e+06,33947,-24.399,0.87096,-4.4005,2.8771
-0.80383,-0.018472,-0.00028769,-0.99983,-0.43274,0.3,0.37167,6,0,0,0,0.19733,-3669.4,66740,1.3259e+06,33405,-24.46,1.4728,-4.5142,2.8857
-0.81666,-0.018478,-0.00026999,-0.99983,-0.43349,0.3,0.37168,6,0,0,0,0.19485,-3728,76795,1.332e+06,33328,-24.577,1.6624,-4.6701,2.8971
-0.82998,-0.018478,-0.000272,-0.99983,-0.43424,0.3,0.3717,6,0,0,0,0.1838,-3788.8,68879,1.3411e+06,34279,-24.751,1.5176,-4.9138,2.9101
-0.80837,-0.0038082,-0.00046819,-0.99999,-0.43498,0.3,0.37171,6,0,0,0,0.16241,-3690.1,3.2421e+05,1.3708e+06,38915,-25.227,6.168,-4.6321,2.9988
-0.76439,0.018164,-0.00059259,-0.99983,-0.43575,0.3,0.3717,6,0,0,0,0.15376,-3489.4,4.4479e+05,1.3535e+06,42327,-24.79,8.3414,-4.2908,2.9924
-0.74196,0.025484,-0.0005272,-0.99968,-0.4365,0.3,0.37168,6,0,0,0,0.16076,-3387,1.9521e+05,1.2974e+06,38730,-23.706,3.7548,-4.4913,2.8697
-0.73233,0.025486,-0.00052399,-0.99968,-0.43725,0.3,0.37166,6,0,0,0,0.16512,-3343,48200,1.2802e+06,34326,-23.379,1.0551,-4.6344,2.8284
-0.72771,0.025488,-0.00052746,-0.99967,-0.438,0.3,0.37165,6,0,0,0,0.16577,-3321.9,-4508.1,1.2772e+06,32855,-23.317,0.086955,-4.729,2.8193
-0.72676,0.025488,-0.0005326,-0.99967,-0.43875,0.3,0.37163,6,0,0,0,0.16537,-3317.6,-22059,1.2786e+06,32525,-23.341,-0.23316,-4.8244,2.8171
-0.7282,0.025477,-0.00053434,-0.99968,-0.4395,0.3,0.37161,6,0,0,0,0.16459,-3324.2,-14040,1.282e+06,32858,-23.4,-0.082101,-4.9217,2.8171
-0.73103,0.025491,-0.0005285,-0.99967,-0.44025,0.3,0.37159,6,0,0,0,0.16397,-3337.1,-2116,1.2865e+06,33317,-23.479,0.14172,-5.041,2.8183
-0.73479,0.025492,-0.00051177,-0.99967,-0.44099,0.3,0.37157,6,0,0,0,0.16337,-3354.3,7785.7,1.2913e+06,33765,-23.563,0.32874,-5.174,2.82
-0.73922,0.025482,-0.00050532,-0.99968,-0.44174,0.3,0.37155,6,0,0,0,0.16274,-3374.5,16473,1.2959e+06,34153,-23.644,0.49398,-5.3205,2.8215
-0.74415,0.025485,-0.00051178,-0.99968,-0.44249,0.3,0.37153,6,0,0,0,0.16173,-3397,23533,1.2995e+06,34619,-23.707,0.63007,-5.4774,2.8223
-0.74936,0.025488,-0.00052357,-0.99967,-0.44324,0.3,0.37151,6,0,0,0,0.15978,-3420.8,27963,1.301e+06,34804,-23.731,0.71799,-5.6453,2.8216
-0.75449,0.025487,-0.00053948,-0.99968,-0.44399,0.3,0.37149,6,0,0,0,0.15588,-3444.2,28957,1.2982e+06,34628,-23.68,0.74365,-5.8271,2.8191
-0.75906,0.02549,-0.00053803,-0.99968,-0.44473,0.3,0.37147,6,0,0,0,0.14945,-3465,25128,1.2886e+06,34408,-23.507,0.67895,-5.951,2.8159
-0.76226,0.025492,-0.00051943,-0.99967,-0.44548,0.3,0.37145,6,0,0,0,0.14143,-3479.6,25292,1.2693e+06,34171,-23.152,0.68227,-5.9464,2.8113
-0.76385,0.02549,-0.00051513,-0.99968,-0.44623,0.3,0.37144,6,0,0,0,0.1337,-3486.9,62651,1.2457e+06,34946,-22.719,1.369,-5.8562,2.8046
-0.76758,0.025492,-0.00051913,-0.99967,-0.44698,0.3,0.37142,6,0,0,0,0.12909,-3503.9,1.2148e+05,1.2389e+06,36407,-22.592,2.452,-5.8127,2.8071
-0.7758,0.025487,-0.00052701,-0.99968,-0.44773,0.3,0.3714,6,0,0,0,0.12623,-3541.4,1.5899e+05,1.2524e+06,37616,-22.833,3.1429,-5.862,2.8214
-0.78661,0.025482,-0.00054522,-0.99968,-0.44848,0.3,0.37138,6,0,0,0,0.11919,-3590.8,1.5747e+05,1.2742e+06,38606,-23.228,3.1237,-6.1682,2.8396
-0.77751,0.031992,-0.00052411,-0.99949,-0.44922,0.3,0.37136,6,0,0,0,0.1029,-3549.2,3.5022e+05,1.317e+06,48671,-23.997,6.6708,-6.0757,2.9283
-0.72454,0.057955,-0.00025209,-0.99832,-0.44997,0.3,0.37133,6,0,0,0,0.089586,-3307.4,7.4218e+05,1.3519e+06,84530,-24.588,13.879,-5.2971,3.0904
-0.68812,0.077384,-4.5252e-06,-0.997,-0.45073,0.3,0.37127,6,0,0,0,0.090587,-3141.2,5.1184e+05,1.2955e+06,75627,-23.355,9.6504,-5.8007,2.9574
-0.68482,0.077386,-3.3179e-06,-0.997,-0.45147,0.3,0.37121,6,0,0,0,0.094878,-3126.1,1.4332e+05,1.2441e+06,45336,-22.264,2.8845,-6.7998,2.7519
-0.67695,0.077377,-9.5926e-07,-0.997,-0.45221,0.3,0.37116,6,0,0,0,0.0997,-3090.2,1.8129e+05,1.2599e+06,49667,-22.556,3.599,-7.023,2.7676
-0.66947,0.077381,1.0824e-05,-0.997,-0.45295,0.3,0.3711,6,0,0,0,0.11184,-3056.1,2.1532e+05,1.2737e+06,53563,-22.811,4.2491,-7.3591,2.8071
-0.65357,0.077381,2.9471e-06,-0.997,-0.45364,0.3,0.37105,6,0,0,0,0.12519,-2983.5,3.6395e+05,1.2687e+06,66260,-22.744,7.0096,-7.5173,2.896
-0.61947,0.077361,-9.3151e-06,-0.997,-0.45421,0.3,0.371,6,0,0,0,0.11361,-2827.8,5.75e+05,1.2292e+06,79932,-22.18,10.836,-5.9206,2.9355
-0.59582,0.23103,0.0015876,-0.97294,-0.47892,0.3,0.36733,7,0,0,0,0.54965,-2719.9,-3257.6,2.2532e+06,36128,-39.873,0.13391,-11.975,3.8619
-0.66048,0.22566,0.00078958,-0.97421,-0.47838,0.3,0.36745,7,0,0,0,0.29324,-3015,6.0981e+05,1.6355e+06,1.5356e+05,-28.945,11.674,-8.0133,3.3932
-0.5983,0.22029,-1.0117e-05,-0.97544,-0.47771,0.3,0.3676,7,0,0,0,0.16535,-2731.2,5.9709e+05,1.1995e+06,95826,-21.011,11.204,-5.8876,2.8959
-0.5559,0.22029,-1.1791e-05,-0.97544,-0.47701,0.3,0.36776,7,0,0,0,0.12552,-2537.6,4.6897e+05,1.0949e+06,69945,-19.307,8.8465,-5.1597,2.6904
-0.53581,-0.084976,0.00025314,-0.99638,-0.35939,0.3,0.36738,8,0,0,0,0.12124,-2445.9,-4998.2,9.7439e+05,29164,-18.17,-0.042284,-1.5205,2.4604
-0.54154,-0.084987,0.00025371,-0.99638,-0.36012,0.3,0.36744,8,0,0,0,0.11946,-2472.1,7730.5,9.6935e+05,28698,-17.976,-0.045496,-1.1946,2.4384
-0.52701,-0.084976,0.00025507,-0.99638,-0.35869,0.3,0.36732,8,0,0,0,0.12122,-2405.8,1.2781e+05,9.9704e+05,18375,-18.646,2.6354,-1.7767,2.5525
-0.5478,-0.084982,0.00026119,-0.99638,-0.36086,0.3,0.36751,8,0,0,0,0.11897,-2500.7,8381.9,9.655e+05,28149,-17.895,-0.02772,-1.1414,2.4383
-0.53445,-0.084988,0.00026245,-0.99638,-0.35813,0.3,0.36727,8,0,0,0,0.13426,-2439.7,89311,1.0193e+06,20911,-18.969,1.8944,-1.7448,2.5623
-0.55445,-0.08499,0.00027785,-0.99638,-0.3616,0.3,0.36757,8,0,0,0,0.12035,-2531,-7373,9.6705e+05,29242,-17.922,-0.31435,-1.1354,2.4496
-0.56037,-0.084988,0.00027815,-0.99638,-0.36235,0.3,0.36763,8,0,0,0,0.12481,-2558,-37956,9.7325e+05,32087,-18.035,-0.8714,-1.141,2.4684
-0.56416,-0.084973,0.00026612,-0.99638,-0.36309,0.3,0.3677,8,0,0,0,0.12991,-2575.3,-55655,9.773e+05,33901,-18.106,-1.1914,-1.1038,2.4886
-0.56645,-0.084981,0.00025339,-0.99638,-0.36383,0.3,0.36776,8,0,0,0,0.13054,-2585.8,-52531,9.7705e+05,33891,-18.098,-1.1289,-1.0573,2.5035
-0.5631,-0.083593,5.3578e-05,-0.9965,-0.36458,0.3,0.36782,8,0,0,0,0.1277,-2570.5,31591,9.7533e+05,26432,-18.058,0.50142,-0.86173,2.509
-0.55762,-0.080142,-0.00032742,-0.99678,-0.36532,0.3,0.36789,8,0,0,0,0.12971,-2545.5,2.6818e+05,9.6559e+05,6332,-17.829,5.0225,-0.46666,2.532
-0.57816,-0.078088,-0.00051329,-0.99695,-0.36604,0.3,0.36794,8,0,0,0,0.14029,-2639.2,2.2516e+05,1.0347e+06,11551,-19.131,4.3632,-1.2661,2.59
-0.61896,-0.078049,-0.00051415,-0.99695,-0.37505,0.3,0.36865,9,0,0,0,0.15593,-2825.5,1.7936e+05,1.0694e+06,13719,-19.827,3.527,-1.5973,2.5909
-0.6149,-0.078051,-0.00051667,-0.99695,-0.37431,0.3,0.36859,9,0,0,0,0.14322,-2807,31784,1.0432e+06,25409,-19.369,0.60783,-1.7379,2.5781
-0.6427,-0.078043,-0.00051538,-0.99695,-0.37579,0.3,0.36871,9,0,0,0,0.18567,-2933.8,71732,1.1637e+06,24700,-21.614,1.5893,-2.4392,2.6794
-0.61691,-0.078065,-0.00052539,-0.99695,-0.37357,0.3,0.36853,9,0,0,0,0.13681,-2816.2,-39741,1.0339e+06,31441,-19.204,-0.91349,-1.8869,2.5721
-0.61725,-0.078064,-0.00052312,-0.99695,-0.37282,0.3,0.36847,9,0,0,0,0.13306,-2817.7,-56410,1.0334e+06,32703,-19.198,-1.2244,-1.9361,2.5623
-0.61633,-0.07805,-0.00050375,-0.99695,-0.37208,0.3,0.36841,9,0,0,0,0.13076,-2813.5,-53527,1.0364e+06,32609,-19.252,-1.1725,-1.9345,2.5516
-0.61476,-0.078051,-0.00049596,-0.99695,-0.37134,0.3,0.36836,9,0,0,0,0.12866,-2806.3,-45662,1.0397e+06,32177,-19.32,-1.0322,-1.9922,2.5412
-0.61274,-0.078058,-0.00050911,-0.99695,-0.37059,0.3,0.3683,9,0,0,0,0.12658,-2797.1,-36880,1.0447e+06,31737,-19.421,-0.87432,-2.0572,2.5323
-0.61056,-0.078066,-0.0005272,-0.99695,-0.36985,0.3,0.36824,9,0,0,0,0.12516,-2787.1,-31548,1.0523e+06,31635,-19.566,-0.77995,-2.1065,2.5272
-0.60848,-0.078057,-0.00053883,-0.99695,-0.36911,0.3,0.36818,9,0,0,0,0.12482,-2777.7,-27321,1.0622e+06,31787,-19.77,-0.71,-2.2257,2.533
-0.60857,-0.078055,-0.0005257,-0.99695,-0.36837,0.3,0.36812,9,0,0,0,0.12431,-2778.1,-21466,1.0745e+06,31741,-20.091,-0.35511,-2.7262,2.5674
-0.61094,-0.078056,-0.00050644,-0.99695,-0.36768,0.3,0.36807,9,0,0,0,0.12308,-2788.9,-18146,1.1211e+06,33167,-21.074,-0.018787,-3.6218,2.6807
-0.60607,-0.078052,-0.00050266,-0.99695,-0.36711,0.3,0.36803,9,0,0,0,0.13499,-2766.7,1535.7,1.1369e+06,32323,-21.247,0.32851,-3.1895,2.696
-0.78785,-0.078052,-0.00052243,-0.99695,-0.39451,0.3,0.37017,10,0,0,0,0.25018,-3596.5,27931,1.3766e+06,33357,-25.73,0.89196,-4.4811,2.894
-0.76741,-0.078061,-0.00050815,-0.99695,-0.39377,0.3,0.37011,10,0,0,0,0.21739,-3503.1,1.0889e+05,1.2805e+06,24815,-23.899,2.3448,-3.5862,2.8057
-0.75816,-0.078058,-0.00049955,-0.99695,-0.39303,0.3,0.37006,10,0,0,0,0.20455,-3460.9,25184,1.2398e+06,30770,-23.178,0.79036,-3.4096,2.7951
-0.75398,-0.078054,-0.00051886,-0.99695,-0.39229,0.3,0.37,10,0,0,0,0.19759,-3441.8,-32088,1.2211e+06,35165,-22.862,-0.26818,-3.369,2.7913
-0.75132,-0.078057,-0.0005284,-0.99695,-0.39155,0.3,0.36994,10,0,0,0,0.19158,-3429.7,-53234,1.2169e+06,36776,-22.801,-0.66071,-3.334,2.7843
-0.74956,-0.078056,-0.00052018,-0.99695,-0.3908,0.3,0.36988,10,0,0,0,0.18737,-3421.7,-58895,1.222e+06,37610,-22.908,-0.85346,-3.3155,2.7756
-0.7486,-0.078062,-0.00051469,-0.99695,-0.39006,0.3,0.36982,10,0,0,0,0.18526,-3417.3,-61749,1.2318e+06,38338,-23.096,-0.97947,-3.3219,2.7697
-0.74828,-0.078066,-0.00051094,-0.99695,-0.38931,0.3,0.36976,10,0,0,0,0.18371,-3415.8,-67024,1.2427e+06,38960,-23.315,-0.98293,-3.4346,2.7655
-0.74829,-0.078069,-0.00051284,-0.99695,-0.38857,0.3,0.36971,10,0,0,0,0.18272,-3415.9,-58336,1.2569e+06,38579,-23.593,-0.73865,-3.601,2.7653
-0.74939,-0.078056,-0.00052125,-0.99695,-0.38783,0.3,0.36965,10,0,0,0,0.18325,-3420.9,-12286,1.2769e+06,35544,-23.967,0.12314,-3.8029,2.7792
-0.75516,-0.078043,-0.00052873,-0.99695,-0.38709,0.3,0.36959,10,0,0,0,0.18432,-3447.2,20171,1.3054e+06,33970,-24.521,0.75534,-4.4263,2.8294
-0.7622,-0.078063,-0.00052374,-0.99695,-0.3864,0.3,0.36954,10,0,0,0,0.18388,-3479.4,13436,1.3839e+06,37678,-26.092,0.69845,-5.9524,2.978
-0.73269,-0.078083,-0.00051538,-0.99695,-0.38583,0.3,0.36949,10,0,0,0,0.19139,-3344.7,3.0137e+05,1.3502e+06,14572,-25.296,5.9397,-4.522,3.0075
1.0519,0.98532,-0.0084074,-0.17051,-0.48999,0.3,0.36009,11,0,0,0,5.8766,4801.9,-9.2482e+05,3.5267e+06,-5.0927e+06,-30.495,-100.48,-63.292,6.397
0.86297,0.95893,-7.7839e-05,-0.28365,-0.48985,0.3,0.36092,11,0,0,0,5.8859,3939.4,-1.6235e+06,4.6222e+06,-5.1074e+06,-42.606,-106.3,-81.314,6.9519
0.4312,0.91952,0.0082528,-0.39294,-0.4896,0.3,0.36148,11,0,0,0,5.1807,1968.4,-3.1532e+06,5.5508e+06,-5.1569e+06,-59.204,-122.61,-93.589,7.4364
-0.58298,0.51788,-4.1017e-05,-0.85546,-0.48596,0.3,0.36462,12,0,0,0,1.5102,-2661.3,-1.2065e+06,3.6332e+06,-5.7459e+05,-59.466,-24.73,-32.902,5.0178
-0.54113,0.51788,-4.1015e-05,-0.85545,-0.48641,0.3,0.36435,12,0,0,0,1.807,-2470.2,-1.6103e+06,3.8207e+06,-8.6182e+05,-60.834,-34.258,-38.124,5.2723
-0.52647,-0.084987,0.00025631,-0.99638,-0.35707,0.3,0.36718,13,0,0,0,0.1317,-2403.3,1.5277e+05,9.3747e+05,11131,-17.334,3.0029,-0.85947,2.4475
-0.50105,-0.084989,0.00025848,-0.99638,-0.35633,0.3,0.36712,13,0,0,0,0.10716,-2287.2,2.8329e+05,8.6223e+05,-1481.7,-15.894,5.3078,-0.11775,2.3802
-0.50354,-0.084985,0.00025412,-0.99638,-0.3556,0.3,0.36706,13,0,0,0,0.097782,-2298.6,1.0772e+05,8.7098e+05,14516,-16.098,1.9308,-0.5186,2.3589
-0.51273,-0.084984,0.00025079,-0.99638,-0.35485,0.3,0.367,13,0,0,0,0.09599,-2340.6,15639,8.7065e+05,22955,-16.125,0.14835,-0.93467,2.3479
-0.51641,-0.084976,0.00025383,-0.99638,-0.35411,0.3,0.36693,13,0,0,0,0.095966,-2357.4,-35359,8.7113e+05,27542,-16.148,-0.7988,-1.1239,2.3378
-0.51648,-0.084976,0.00025963,-0.99638,-0.35336,0.3,0.36687,13,0,0,0,0.095574,-2357.7,-47234,8.7254e+05,28608,-16.179,-1.0233,-1.1858,2.3267
-0.51432,-0.084984,0.00026795,-0.99638,-0.35262,0.3,0.3668,13,0,0,0,0.094736,-2347.8,-36472,8.7394e+05,27845,-16.206,-0.8307,-1.1991,2.3133
-0.51105,-0.084979,0.00027025,-0.99638,-0.35188,0.3,0.36674,13,0,0,0,0.09382,-2332.9,-23872,8.7598e+05,26789,-16.245,-0.60278,-1.2024,2.3011
-0.50689,-0.084976,0.00026723,-0.99638,-0.35114,0.3,0.36668,13,0,0,0,0.093034,-2313.9,-10240,8.7817e+05,25671,-16.293,-0.35626,-1.2557,2.2963
-0.50314,-0.084975,0.00026082,-0.99638,-0.35041,0.3,0.36662,13,0,0,0,0.091064,-2296.8,-7677.3,8.7939e+05,25633,-16.416,-0.15695,-1.6715,2.3145
-0.50123,-0.084991,0.00026038,-0.99638,-0.34971,0.3,0.36656,13,0,0,0,0.087184,-2288.1,-10344,9.014e+05,26943,-16.954,0.016137,-2.3998,2.3928
-0.50177,-0.085001,0.00026334,-0.99638,-0.34915,0.3,0.36651,13,0,0,0,0.093003,-2290.5,-52629,9.1183e+05,29788,-17.071,-0.71626,-2.413,2.4078
-0.5826,0.13996,-0.00022856,-0.99016,-0.46499,0.3,0.36996,14,0,0,0,0.06034,-2659.5,1.8205e+05,9.8643e+05,52721,-17.191,3.5284,-6.4345,2.5039
-0.58825,0.13998,-0.00022189,-0.99015,-0.46426,0.3,0.37006,14,0,0,0,0.05822,-2685.3,1.6675e+05,9.9398e+05,50622,-17.378,3.301,-6.3751,2.4995
-0.58472,0.13997,-0.00023208,-0.99016,-0.46572,0.3,0.36985,14,0,0,0,0.067441,-2669.2,1.3285e+05,9.9289e+05,47098,-17.208,2.6346,-6.9088,2.4989
-0.5733,0.13998,-0.00021849,-0.99015,-0.46353,0.3,0.37016,14,0,0,0,0.073907,-2617,3.8151e+05,1.0579e+06,79578,-18.77,7.2699,-5.6002,2.6564
-0.58712,0.13997,-0.00022731,-0.99016,-0.46644,0.3,0.36975,14,0,0,0,0.079529,-2680.1,1.5079e+05,1.005e+06,52981,-17.438,3.0532,-7.186,2.5284
-0.58276,0.13998,-0.000212,-0.99015,-0.46713,0.3,0.36965,14,0,0,0,0.095658,-2660.3,2.8882e+05,1.0034e+06,73449,-17.548,5.6188,-6.9503,2.6118
-0.57019,0.13999,-0.00020171,-0.99015,-0.46769,0.3,0.36958,14,0,0,0,0.098966,-2602.8,7.0444e+05,9.8399e+05,1.2468e+05,-17.507,13.275,-5.34,2.8083
-0.48041,-0.084989,0.00027417,-0.99638,-0.34808,0.3,0.36642,15,0,0,0,0.096878,-2193,1.755e+05,8.1012e+05,-14912,-14.998,3.3871,-0.95479,2.3286
-0.45572,-0.084983,0.00027571,-0.99638,-0.34735,0.3,0.36636,15,0,0,0,0.090661,-2080.3,2.7722e+05,7.5384e+05,-23874,-13.882,5.0907,0.067873,2.2725
-0.45687,-0.084984,0.00028078,-0.99638,-0.34661,0.3,0.36629,15,0,0,0,0.089758,-2085.6,35222,7.9285e+05,20532,-14.631,0.53058,-0.28996,2.2547
-0.4599,-0.084982,0.00026634,-0.99638,-0.34587,0.3,0.36623,15,0,0,0,0.09238,-2099.4,-47500,7.9928e+05,27954,-14.773,-1.0064,-0.5737,2.2559
-0.45771,-0.084981,0.00024296,-0.99638,-0.34512,0.3,0.36617,15,0,0,0,0.092438,-2089.4,-45632,7.9743e+05,27244,-14.739,-0.97595,-0.57225,2.2387
-0.45362,-0.084973,0.00024652,-0.99638,-0.34438,0.3,0.3661,15,0,0,0,0.088425,-2070.7,-21199,7.8967e+05,24706,-14.595,-0.53007,-0.55437,2.2128
-0.44897,-0.084976,0.00025972,-0.99638,-0.34364,0.3,0.36604,15,0,0,0,0.084111,-2049.5,-6203.8,7.8254e+05,23343,-14.466,-0.25845,-0.57323,2.1929
-0.44468,-0.084987,0.00025659,-0.99638,-0.3429,0.3,0.36598,15,0,0,0,0.082875,-2029.9,-7384.9,7.809e+05,23650,-14.439,-0.28457,-0.60011,2.1823
-0.44008,-0.084977,0.00024454,-0.99638,-0.34215,0.3,0.36591,15,0,0,0,0.08417,-2008.9,-4131.1,7.8251e+05,23699,-14.472,-0.22912,-0.62025,2.1796
-0.43509,-0.084986,0.00024956,-0.99638,-0.34142,0.3,0.36585,15,0,0,0,0.086089,-1986.1,1300.2,7.8283e+05,23038,-14.502,-0.13614,-0.72976,2.1905
-0.4265,-0.084975,0.00026447,-0.99638,-0.34073,0.3,0.36579,15,0,0,0,0.085612,-1947,1.4082e+05,7.911e+05,11271,-14.664,2.6032,-0.63919,2.2691
-0.43274,-0.084955,0.00026965,-0.99638,-0.34017,0.3,0.36574,15,0,0,0,0.095026,-1975.4,1.083e+05,8.1311e+05,12771,-15.048,2.0197,-0.62615,2.2877
-0.46176,0.69173,0.0083216,-0.72211,-0.48856,0.3,0.36279,16,0,0,0,3.9543,-2107.9,-3.5831e+06,6.696e+06,-3.2384e+06,-96.206,-98.501,-95.204,8.0399
-0.13385,0.70643,0.0094107,-0.70772,-0.48888,0.3,0.36249,16,0,0,0,4.4404,-611.02,-4.0705e+06,6.4874e+06,-4.5402e+06,-86.951,-125.69,-99.162,8.0457
-0.48967,0.67674,0.0072288,-0.73618,-0.48823,0.3,0.3631,16,0,0,0,2.5986,-2235.3,-2.4839e+06,5.2084e+06,-1.9514e+06,-74.859,-61.647,-68.001,6.5448
-0.69044,0.32066,0.00031346,-0.94719,-0.4829,0.3,0.36599,17,0,0,0,0.79794,-3151.8,-4.1874e+05,2.2056e+06,-96649,-38.259,-7.7686,-13.983,3.8363
-0.59693,0.3189,9.4097e-06,-0.94779,-0.48226,0.3,0.3662,17,0,0,0,0.7902,-2724.9,-6.0397e+05,2.122e+06,-1.6988e+05,-37.071,-11.402,-12.433,3.7098
-0.61315,0.32243,0.0006175,-0.94659,-0.4834,0.3,0.36581,17,0,0,0,1.141,-2799,-7.0938e+05,2.933e+06,-2.1456e+05,-50.297,-13.439,-21.072,4.4349
-0.67185,-0.078061,-0.00051617,-0.99695,-0.38404,0.3,0.36935,18,0,0,0,0.17549,-3066.9,1.6524e+05,1.1446e+06,20859,-21.251,3.133,-1.7806,2.719
-0.67074,-0.078051,-0.00052099,-0.99695,-0.3833,0.3,0.36929,18,0,0,0,0.17215,-3061.9,-24236,1.1347e+06,35979,-21.105,-0.59534,-2.0179,2.7054
-0.68676,-0.07806,-0.00050419,-0.99695,-0.38477,0.3,0.36941,18,0,0,0,0.18892,-3135,4.579e+05,1.2033e+06,-1757.1,-22.299,8.705,-1.7897,2.8289
-0.66875,-0.078056,-0.00050571,-0.99695,-0.38256,0.3,0.36924,18,0,0,0,0.17185,-3052.8,-53746,1.1325e+06,37825,-21.046,-1.2119,-1.9954,2.6989
-0.66621,-0.078064,-0.00050868,-0.99695,-0.38181,0.3,0.36918,18,0,0,0,0.17162,-3041.2,-57922,1.135e+06,37958,-21.097,-1.2917,-2.0399,2.6868
-0.66528,-0.078063,-0.0005249,-0.99695,-0.38107,0.3,0.36912,18,0,0,0,0.16682,-3036.9,-64490,1.1378e+06,38174,-21.189,-1.3801,-2.2172,2.6736
-0.66326,-0.078055,-0.00051458,-0.99695,-0.38032,0.3,0.36906,18,0,0,0,0.15945,-3027.7,-49038,1.1383e+06,36841,-21.241,-1.0593,-2.4056,2.66
-0.65818,-0.078051,-0.00048815,-0.99695,-0.37958,0.3,0.369,18,0,0,0,0.15484,-3004.5,-17122,1.1398e+06,34323,-21.287,-0.35475,-2.5011,2.6523
-0.65287,-0.078062,-0.00048045,-0.99695,-0.37884,0.3,0.36894,18,0,0,0,0.15562,-2980.3,-13944,1.1503e+06,34646,-21.522,-0.13948,-2.6674,2.6639
-0.65151,-0.07806,-0.00049151,-0.99695,-0.37811,0.3,0.36889,18,0,0,0,0.16074,-2974.1,-14683,1.1747e+06,35845,-22.021,-0.0069867,-3.1529,2.7098
-0.65527,-0.078059,-0.0005105,-0.99695,-0.37741,0.3,0.36883,18,0,0,0,0.1676,-2991.2,-2144,1.2408e+06,37127,-23.314,0.34323,-4.0394,2.8335
-0.65963,-0.078061,-0.00052171,-0.99695,-0.37685,0.3,0.36879,18,0,0,0,0.18906,-3011.1,-64798,1.2652e+06,40674,-23.689,-0.83843,-3.9514,2.8401
-0.50842,0.22029,2.12e-06,-0.97543,-0.474,0.3,0.36844,19,0,0,0,0.094709,-2320.9,2.6917e+05,1.0645e+06,50203,-18.872,5.1074,-5.0079,2.5822
-0.51056,0.2203,4.4401e-06,-0.97543,-0.47329,0.3,0.3686,19,0,0,0,0.11306,-2330.7,2.9254e+05,1.1404e+06,74097,-20.251,5.5933,-5.3247,2.6732
-0.50615,0.22029,-1.5008e-06,-0.97544,-0.4747,0.3,0.36829,19,0,0,0,0.10933,-2310.5,2.9999e+05,1.0483e+06,46508,-18.622,5.6826,-4.768,2.6018
-0.50973,0.2203,-5.5896e-06,-0.97543,-0.47537,0.3,0.36813,19,0,0,0,0.13002,-2326.9,2.9741e+05,1.0307e+06,34550,-18.291,5.5643,-4.6666,2.6149
-0.52515,0.22031,-8.3777e-06,-0.97543,-0.47591,0.3,0.36801,19,0,0,0,0.13189,-2397.3,3.5337e+05,1.0464e+06,44592,-18.567,6.6566,-4.7527,2.632
-0.64661,0.13998,-0.00020249,-0.99015,-0.4695,0.3,0.36932,20,0,0,0,0.073736,-2951.7,4.036e+05,9.9057e+05,84411,-17.382,7.7411,-6.9194,2.5995
-0.66805,0.13997,-0.00021351,-0.99016,-0.47023,0.3,0.36922,20,0,0,0,0.083832,-3049.6,3.3864e+05,1.1019e+06,80521,-19.367,6.555,-7.3371,2.7204
-0.59838,0.13999,-0.00018926,-0.99015,-0.46878,0.3,0.36942,20,0,0,0,0.082489,-2731.6,7.2334e+05,9.6194e+05,1.2425e+05,-17.112,13.623,-5.3463,2.751
-0.62697,0.16702,2.171e-05,-0.98595,-0.47095,0.3,0.36911,20,0,0,0,0.10846,-2862,6.5079e+05,1.3704e+06,1.6365e+05,-24.414,12.441,-6.9951,3.1457
-0.55072,0.20716,0.00012685,-0.97831,-0.47165,0.3,0.36897,20,0,0,0,0.14004,-2514,7.5991e+05,1.4524e+06,2.0706e+05,-26.025,14.507,-6.2035,3.3082
-0.51714,0.22033,-1.0189e-06,-0.97543,-0.47219,0.3,0.36885,20,0,0,0,0.14619,-2360.7,4.365e+05,1.2777e+06,1.3495e+05,-22.795,8.4016,-5.691,2.9566
-0.51295,0.31889,-1.7671e-05,-0.94779,-0.48065,0.3,0.36674,21,0,0,0,0.9194,-2341.6,-6.8862e+05,2.2627e+06,-1.7004e+05,-39.803,-13.111,-12.881,3.8894
-0.49939,0.31888,-2.358e-05,-0.94779,-0.48002,0.3,0.36696,21,0,0,0,0.76876,-2279.7,-6.1705e+05,2.4048e+06,-1.4539e+05,-42.326,-11.688,-13.63,3.9175
-0.54041,0.3189,-1.1762e-05,-0.94779,-0.48117,0.3,0.36657,21,0,0,0,0.9202,-2466.9,-7.0177e+05,2.2555e+06,-1.7553e+05,-39.605,-13.281,-12.993,3.8845
-0.59653,0.077377,-3.1944e-06,-0.997,-0.45452,0.3,0.37098,22,0,0,0,0.096262,-2723.1,6.8539e+05,1.2015e+06,85371,-21.817,12.799,-4.32,2.9193
-0.62026,0.077395,1.0072e-05,-0.997,-0.45527,0.3,0.37092,22,0,0,0,0.086386,-2831.4,3.8602e+05,1.1594e+06,62235,-20.937,7.322,-5.375,2.7877
-0.59653,0.077377,-3.1947e-06,-0.997,-0.45452,0.3,0.37098,22,0,0,0,0.096261,-2723.1,6.8539e+05,1.2015e+06,85371,-21.817,12.799,-4.32,2.9193
-0.61947,0.077337,-2.4047e-05,-0.99701,-0.45421,0.3,0.371,22,0,0,0,0.11361,-2827.8,5.75e+05,1.2292e+06,79932,-22.18,10.836,-5.9206,2.9355
-0.367,-0.065485,0.00013299,-0.99785,-0.32937,0.3,0.36492,23,0,0,0,0.073297,-1675.3,59637,6.8636e+05,-5101.4,-12.607,1.0815,-0.0013683,2.0811
-0.38135,-0.065518,0.00013623,-0.99785,-0.33012,0.3,0.36497,23,0,0,0,0.071892,-1740.8,-38207,7.4374e+05,21884,-13.686,-0.78652,-0.30972,2.1435
-0.38135,-0.065518,0.00013623,-0.99785,-0.33012,0.3,0.36497,23,0,0,0,0.071892,-1740.8,-38206,7.4374e+05,21884,-13.686,-0.7865,-0.30972,2.1435
-0.36842,-0.065574,0.00015549,-0.99785,-0.33043,0.3,0.36499,23,0,0,0,0.062537,-1681.8,1.4037e+05,7.2501e+05,10057,-13.339,2.5869,0.0010478,2.1848
-0.5378,0.22029,-1.0291e-05,-0.97543,-0.47625,0.3,0.36793,24,0,0,0,0.12151,-2455,4.1532e+05,1.065e+06,57897,-18.903,7.9118,-4.8734,2.6325
-0.5559,0.2203,-1.1325e-06,-0.97543,-0.47701,0.3,0.36776,24,0,0,0,0.12552,-2537.6,4.6897e+05,1.0949e+06,69945,-19.307,8.8465,-5.1597,2.6904
-0.5378,0.22029,-1.0292e-05,-0.97543,-0.47625,0.3,0.36793,24,0,0,0,0.12151,-2455,4.1532e+05,1.065e+06,57896,-18.903,7.9118,-4.8734,2.6325
-0.52515,0.22027,-2.3067e-05,-0.97544,-0.47591,0.3,0.36801,24,0,0,0,0.13189,-2397.3,3.5337e+05,1.0464e+06,44592,-18.567,6.6566,-4.7527,2.632
-0.50964,0.22028,4.6964e-06,-0.97544,-0.47254,0.3,0.36877,25,0,0,0,0.13758,-2326.4,3.4331e+05,1.215e+06,1.0299e+05,-21.651,6.6097,-5.4684,2.7874
-0.51056,0.22031,-5.5628e-06,-0.97543,-0.47329,0.3,0.3686,25,0,0,0,0.11306,-2330.7,2.9254e+05,1.1404e+06,74097,-20.251,5.5933,-5.3247,2.6732
-0.50964,0.22028,4.6964e-06,-0.97544,-0.47254,0.3,0.36877,25,0,0,0,0.13758,-2326.4,3.4331e+05,1.215e+06,1.0299e+05,-21.651,6.6097,-5.4684,2.7874
-0.51714,0.22023,-6.828e-06,-0.97545,-0.47219,0.3,0.36885,25,0,0,0,0.14619,-2360.7,4.365e+05,1.2777e+06,1.3495e+05,-22.795,8.4016,-5.691,2.9566
-0.48041,-0.084959,0.00029244,-0.99638,-0.34808,0.3,0.36642,26,0,0,0,0.096878,-2193,1.755e+05,8.1012e+05,-14912,-14.998,3.3871,-0.95479,2.3286
-0.5028,-0.084972,0.00026933,-0.99638,-0.34883,0.3,0.36648,26,0,0,0,0.10093,-2295.3,-99056,9.0025e+05,31965,-16.744,-1.5929,-2.0692,2.3621
-0.5028,-0.084972,0.00026933,-0.99638,-0.34883,0.3,0.36648,26,0,0,0,0.10093,-2295.3,-99057,9.0025e+05,31965,-16.744,-1.5929,-2.0692,2.3621
-0.50177,-0.084973,0.00025524,-0.99638,-0.34915,0.3,0.36651,26,0,0,0,0.093003,-2290.5,-52629,9.1183e+05,29788,-17.071,-0.71626,-2.413,2.4078
-0.47886,0.42037,3.8204e-06,-0.90735,-0.48379,0.3,0.36563,27,0,0,0,1.4414,-2185.9,-1.0834e+06,3.4129e+06,-3.9903e+05,-58.13,-20.881,-25.813,4.7725
-0.50167,0.42037,6.1027e-06,-0.90735,-0.48445,0.3,0.36533,27,0,0,0,1.5202,-2290.1,-1.1685e+06,3.2145e+06,-4.5192e+05,-54.657,-23.041,-24.517,4.7067
-0.47886,0.42037,3.8203e-06,-0.90735,-0.48379,0.3,0.36563,27,0,0,0,1.4414,-2186,-1.0834e+06,3.4129e+06,-3.9902e+05,-58.13,-20.881,-25.813,4.7725
-0.61315,0.42036,-2.9365e-07,-0.90736,-0.4834,0.3,0.36581,27,0,0,0,1.141,-2799,-7.0938e+05,2.933e+06,-2.1456e+05,-50.297,-13.439,-21.072,4.4349
-0.29002,-0.027616,-1.8256e-05,-0.99962,-0.31816,0.3,0.36423,28,0,0,0,0.1006,-1323.9,-2.1668e+05,7.4696e+05,23340,-13.672,-4.0116,0.44579,2.2065
-0.29934,-0.031828,-0.00073943,-0.99949,-0.31891,0.3,0.36425,28,0,0,0,0.10283,-1366.5,-1.1546e+05,7.4748e+05,20479,-13.667,-2.1819,0.67431,2.1675
-0.29934,-0.031828,-0.00073942,-0.99949,-0.31891,0.3,0.36425,28,0,0,0,0.10283,-1366.5,-1.1546e+05,7.4748e+05,20479,-13.667,-2.1818,0.67431,2.1675
-0.29902,-0.037805,0.00068556,-0.99928,-0.3192,0.3,0.36426,28,0,0,0,0.088352,-1365,-64823,6.9924e+05,-1583.4,-12.8,-1.2045,0.76447,2.1172
-0.55243,0.13999,-0.00022449,-0.99015,-0.46278,0.3,0.37027,29,0,0,0,0.08932,-2521.8,6.5543e+05,1.1158e+06,1.1693e+05,-20.066,12.332,-4.6223,2.8304
-0.5733,0.13996,-0.00021029,-0.99016,-0.46353,0.3,0.37016,29,0,0,0,0.073907,-2617,3.8151e+05,1.0579e+06,79578,-18.77,7.2699,-5.6002,2.6564
-0.55243,0.13999,-0.00022449,-0.99015,-0.46278,0.3,0.37027,29,0,0,0,0.089322,-2521.8,6.5544e+05,1.1159e+06,1.1694e+05,-20.067,12.332,-4.6223,2.8304
-0.57177,0.14001,-0.00022554,-0.99015,-0.46244,0.3,0.37032,29,0,0,0,0.10544,-2610.1,1.0002e+06,1.3185e+06,1.7801e+05,-23.729,18.821,-5.629,3.2589
-0.57816,-0.078037,-0.00051443,-0.99695,-0.36604,0.3,0.36794,30,0,0,0,0.14029,-2639.2,2.2516e+05,1.0347e+06,11551,-19.131,4.3632,-1.2661,2.59
-0.59993,-0.078059,-0.00052344,-0.99695,-0.36676,0.3,0.368,30,0,0,0,0.14731,-2738.6,19781,1.1124e+06,30006,-20.632,0.62604,-2.2652,2.6251
-0.59993,-0.078059,-0.00052344,-0.99695,-0.36676,0.3,0.368,30,0,0,0,0.14731,-2738.6,19780,1.1124e+06,30006,-20.632,0.62601,-2.2652,2.6251
-0.60607,-0.078086,-0.0005201,-0.99695,-0.36711,0.3,0.36803,30,0,0,0,0.13499,-2766.7,1535.7,1.1369e+06,32323,-21.247,0.32851,-3.1895,2.696
-0.6427,-0.078091,-0.0005206,-0.99695,-0.37579,0.3,0.36871,31,0,0,0,0.18567,-2933.8,71732,1.1637e+06,24700,-21.614,1.5893,-2.4392,2.6794
-0.66094,-0.078046,-0.00051246,-0.99695,-0.37654,0.3,0.36876,31,0,0,0,0.20684,-3017.1,-1.2732e+05,1.2392e+06,42453,-23.082,-2.0337,-3.3429,2.7566
-0.66094,-0.078046,-0.00051246,-0.99695,-0.37654,0.3,0.36876,31,0,0,0,0.20684,-3017.1,-1.2732e+05,1.2392e+06,42453,-23.082,-2.0337,-3.3429,2.7566
-0.65963,-0.077982,-0.00052825,-0.99695,-0.37685,0.3,0.36879,31,0,0,0,0.18906,-3011.1,-64798,1.2652e+06,40674,-23.689,-0.83843,-3.9514,2.8401
-0.13385,0.77962,-0.0046036,-0.62623,-0.48888,0.3,0.36249,32,0,0,0,4.4404,-611.02,-4.0705e+06,6.4874e+06,-4.5402e+06,-86.951,-125.69,-99.162,8.0457
0.18837,0.81603,0.014778,-0.57782,-0.48932,0.3,0.36194,32,0,0,0,4.4661,859.91,-3.9841e+06,5.3837e+06,-5.1917e+06,-63.69,-133.09,-87.844,7.366
0.18838,0.81603,0.014778,-0.57782,-0.48932,0.3,0.36194,32,0,0,0,4.4661,859.95,-3.9841e+06,5.3837e+06,-5.1917e+06,-63.69,-133.09,-87.844,7.366
0.4312,0.84938,-0.00053073,-0.52778,-0.4896,0.3,0.36148,32,0,0,0,5.1807,1968.4,-3.1532e+06,5.5508e+06,-5.1569e+06,-59.204,-122.61,-93.589,7.4364
-0.51191,0.60329,-0.00020917,-0.79752,-0.48771,0.3,0.36351,33,0,0,0,1.7034,-2336.8,-1.9586e+06,4.616e+06,-1.3147e+06,-67.518,-44.576,-56.074,5.7351
-0.48967,0.60974,-1.1695e-05,-0.7926,-0.48823,0.3,0.3631,33,0,0,0,2.5986,-2235.3,-2.4839e+06,5.2084e+06,-1.9514e+06,-74.859,-61.647,-68.001,6.5448
-0.51191,0.60329,-0.00020922,-0.79752,-0.48771,0.3,0.36351,33,0,0,0,1.7034,-2336.8,-1.9586e+06,4.616e+06,-1.3146e+06,-67.518,-44.576,-56.074,5.7351
-0.55014,0.55688,-0.0027971,-0.83059,-0.48728,0.3,0.36382,33,0,0,0,1.7305,-2511.3,-1.8481e+06,4.2173e+06,-1.1216e+06,-64.013,-40.737,-47.304,5.493
-0.58837,0.51789,-5.0519e-05,-0.85544,-0.48679,0.3,0.36412,33,0,0,0,1.7576,-2685.8,-1.7377e+06,3.8187e+06,-9.2851e+05,-60.507,-36.899,-38.535,5.2509
-0.58837,0.51789,-5.0517e-05,-0.85545,-0.48679,0.3,0.36412,33,0,0,0,1.7576,-2685.8,-1.7377e+06,3.8187e+06,-9.285e+05,-60.507,-36.899,-38.535,5.2509
-0.54113,0.5179,-4.9619e-05,-0.85544,-0.48641,0.3,0.36435,33,0,0,0,1.807,-2470.2,-1.6103e+06,3.8207e+06,-8.6182e+05,-60.834,-34.258,-38.124,5.2723
-0.42717,-0.084985,0.00028013,-0.99638,-0.3391,0.3,0.36565,34,0,0,0,0.09489,-1950,1.361e+05,7.5216e+05,-13057,-13.866,2.4713,-0.25141,2.1919
-0.44518,-0.084993,0.00027202,-0.99638,-0.33988,0.3,0.36572,34,0,0,0,0.10591,-2032.2,-68741,8.264e+05,26100,-15.282,-1.4014,-0.80229,2.2383
-0.44518,-0.084993,0.00027202,-0.99638,-0.33988,0.3,0.36572,34,0,0,0,0.10591,-2032.2,-68740,8.264e+05,26101,-15.282,-1.4014,-0.80229,2.2383
-0.43274,-0.084998,0.00026856,-0.99638,-0.34017,0.3,0.36574,34,0,0,0,0.095026,-1975.4,1.083e+05,8.1311e+05,12771,-15.048,2.0197,-0.62615,2.2877
-0.67208,0.42415,-0.0036855,-0.90558,-0.48531,0.3,0.36493,35,0,0,0,1.1639,-3068,-9.3006e+05,3.4438e+06,-3.5405e+05,-57.772,-17.842,-28.09,4.7419
-0.58298,0.43113,-0.01143,-0.90222,-0.48596,0.3,0.36462,35,0,0,0,1.5102,-2661.3,-1.2065e+06,3.6332e+06,-5.7459e+05,-59.466,-24.73,-32.902,5.0178
-0.67208,0.42415,-0.0036854,-0.90558,-0.48531,0.3,0.36493,35,0,0,0,1.1639,-3068,-9.3006e+05,3.4438e+06,-3.5405e+05,-57.772,-17.842,-28.09,4.7419
-0.59828,0.42036,-2.4966e-05,-0.90736,-0.48492,0.3,0.36511,35,0,0,0,1.3815,-2731.1,-1.0918e+06,3.2299e+06,-4.2943e+05,-54.478,-21.522,-25.656,4.6913
-0.56042,0.3189,-6.2623e-06,-0.94779,-0.48154,0.3,0.36645,36,0,0,0,0.82513,-2558.3,-7.0581e+05,2.2859e+06,-1.7655e+05,-40.087,-13.264,-13.232,3.8442
-0.59693,0.3189,3.2734e-06,-0.94779,-0.48226,0.3,0.3662,36,0,0,0,0.7902,-2724.9,-6.0397e+05,2.122e+06,-1.6988e+05,-37.071,-11.402,-12.433,3.7098
-0.56042,0.3189,-6.2624e-06,-0.94779,-0.48154,0.3,0.36645,36,0,0,0,0.82513,-2558.3,-7.0582e+05,2.2859e+06,-1.7655e+05,-40.087,-13.264,-13.232,3.8442
-0.54041,0.3189,-1.3512e-05,-0.94779,-0.48117,0.3,0.36657,36,0,0,0,0.9202,-2466.9,-7.0177e+05,2.2555e+06,-1.7553e+05,-39.605,-13.281,-12.993,3.8845
-0.74649,-0.052798,-0.00059959,-0.99861,-0.40873,0.3,0.37096,37,0,0,0,0.23648,-3407.7,4.5944e+05,1.3416e+06,13906,-24.821,8.7371,-2.852,2.9837
-0.75891,-0.052799,-0.00058856,-0.99861,-0.40945,0.3,0.371,37,0,0,0,0.24565,-3464.4,6.5083e+05,1.4008e+06,4603.8,-25.937,12.272,-3.2433,3.0973
-0.75891,-0.052799,-0.00058856,-0.99861,-0.40945,0.3,0.371,37,0,0,0,0.24566,-3464.4,6.5083e+05,1.4008e+06,4603.8,-25.937,12.272,-3.2433,3.0973
-0.79465,-0.05281,-0.00057803,-0.9986,-0.40979,0.3,0.37101,37,0,0,0,0.23795,-3627.5,3.3011e+05,1.489e+06,24600,-27.784,6.4876,-5.8897,3.1675
-0.49327,0.31892,-1.6666e-05,-0.94778,-0.47929,0.3,0.3672,38,0,0,0,0.71399,-2251.7,-5.5458e+05,2.5094e+06,-1.2521e+05,-44.168,-10.453,-14.252,3.9809
-0.49939,0.3189,-3.2787e-05,-0.94779,-0.48002,0.3,0.36696,38,0,0,0,0.76876,-2279.7,-6.1705e+05,2.4048e+06,-1.4539e+05,-42.326,-11.688,-13.63,3.9175
-0.49327,0.31892,-1.6666e-05,-0.94778,-0.47929,0.3,0.3672,38,0,0,0,0.71398,-2251.7,-5.5457e+05,2.5094e+06,-1.2521e+05,-44.168,-10.453,-14.252,3.9809
-0.59582,0.31896,1.1951e-05,-0.94777,-0.47892,0.3,0.36733,38,0,0,0,0.54965,-2719.9,-3257.6,2.2532e+06,36128,-39.873,0.13391,-11.975,3.8619
-0.78785,-0.078062,-0.00054129,-0.99695,-0.39451,0.3,0.37017,39,0,0,0,0.25018,-3596.5,27931,1.3766e+06,33357,-25.73,0.89196,-4.4811,2.894
-0.80172,-0.078046,-0.00053067,-0.99695,-0.39528,0.3,0.37023,39,0,0,0,0.27368,-3659.8,-94506,1.4456e+06,44540,-27.072,-1.3361,-5.2053,2.9736
-0.80172,-0.078046,-0.00053067,-0.99695,-0.39528,0.3,0.37023,39,0,0,0,0.27368,-3659.8,-94505,1.4456e+06,44540,-27.072,-1.3361,-5.2053,2.9736
-0.79728,-0.078031,-0.00052885,-0.99695,-0.39557,0.3,0.37025,39,0,0,0,0.24698,-3639.5,42829,1.5034e+06,39313,-28.213,1.247,-5.9149,3.0969
-0.52647,-0.084993,0.00024258,-0.99638,-0.35707,0.3,0.36718,40,0,0,0,0.13169,-2403.3,1.5277e+05,9.3747e+05,11131,-17.334,3.0029,-0.85947,2.4475
-0.54811,-0.084978,0.00027503,-0.99638,-0.35782,0.3,0.36725,40,0,0,0,0.1485,-2502.1,-97961,1.0212e+06,34678,-18.95,-1.5783,-1.7321,2.4986
-0.54811,-0.084978,0.00027503,-0.99638,-0.35782,0.3,0.36725,40,0,0,0,0.1485,-2502.1,-97961,1.0212e+06,34678,-18.95,-1.5783,-1.7321,2.4986
-0.53445,-0.084983,0.00029778,-0.99638,-0.35813,0.3,0.36727,40,0,0,0,0.13426,-2439.7,89311,1.0193e+06,20911,-18.969,1.8944,-1.7448,2.5623
-0.68676,-0.078065,-0.00048546,-0.99695,-0.38477,0.3,0.36941,41,0,0,0,0.18892,-3135,4.579e+05,1.2033e+06,-1757.1,-22.299,8.705,-1.7897,2.8289
-0.70079,-0.078047,-0.00048533,-0.99695,-0.38552,0.3,0.36947,41,0,0,0,0.19997,-3199,5.931e+05,1.255e+06,-11358,-23.273,11.209,-2.0653,2.9262
-0.70079,-0.078047,-0.00048533,-0.99695,-0.38552,0.3,0.36947,41,0,0,0,0.19998,-3199,5.931e+05,1.255e+06,-11358,-23.273,11.209,-2.0653,2.9262
-0.73269,-0.078019,-0.00049423,-0.99695,-0.38583,0.3,0.36949,41,0,0,0,0.19139,-3344.7,3.0137e+05,1.3502e+06,14572,-25.296,5.9397,-4.522,3.0075
-0.5625,0.13998,-0.00019157,-0.99015,-0.46806,0.3,0.36952,42,0,0,0,0.09353,-2567.8,1.0053e+06,9.7025e+05,1.6064e+05,-17.475,18.813,-4.031,2.9431
-0.59838,0.13995,-0.00017617,-0.99016,-0.46878,0.3,0.36942,42,0,0,0,0.082489,-2731.6,7.2334e+05,9.6194e+05,1.2425e+05,-17.112,13.623,-5.3463,2.751
-0.5625,0.13998,-0.00019157,-0.99015,-0.46806,0.3,0.36952,42,0,0,0,0.093527,-2567.8,1.0053e+06,9.7025e+05,1.6064e+05,-17.475,18.813,-4.031,2.9431
-0.57019,0.14001,-0.00018864,-0.99015,-0.46769,0.3,0.36958,42,0,0,0,0.098966,-2602.8,7.0444e+05,9.8399e+05,1.2468e+05,-17.507,13.275,-5.34,2.8083
-0.17989,-0.022753,0.10116,0.99461,0.10792,0.3,0.27036,0,0,0,0,0.88867,-821.17,2.8656e+05,-1.2129e+06,1.5457e+05,-22.916,-5.4444,0.021463,4.648
-0.18695,-0.022762,0.10116,0.99461,0.10875,0.3,0.27038,0,0,0,0,0.80418,-853.4,3.2805e+05,-1.4345e+06,1.847e+05,-27.048,-6.313,-0.63857,4.2979
-0.1618,-0.022735,0.10117,0.99461,0.10715,0.3,0.27034,0,0,0,0,1.0209,-738.58,2.6448e+05,-1.06e+06,1.311e+05,-20.099,-4.971,0.44624,5.1046
-0.1387,-0.022743,0.10118,0.99461,0.10633,0.3,0.27032,0,0,0,0,1.4562,-633.17,2.2775e+05,-1.0326e+06,1.3167e+05,-19.783,-4.3352,0.40165,5.6201
-0.11083,-0.022753,0.10118,0.99461,0.10561,0.3,0.2703,0,0,0,0,1.7569,-505.95,1.7077e+05,-9.5113e+05,1.1685e+05,-18.174,-3.2797,0.038491,5.427
-0.11048,-0.027546,0.095989,0.99497,0.10534,0.3,0.2703,0,0,0,0,1.7481,-504.33,1.5857e+05,-8.9668e+05,1.0506e+05,-17.185,-3.0729,-0.13832,5.5885
-0.10343,-0.022973,0.097042,0.99493,0.10467,0.3,0.27028,0,0,0,0,1.7027,-472.16,1.2969e+05,-8.1133e+05,86534,-15.507,-2.5274,-0.3568,5.6281
-0.10445,-0.020926,0.092366,0.99545,0.10438,0.3,0.27028,0,0,0,0,1.7451,-476.79,1.2109e+05,-7.7358e+05,78944,-14.825,-2.3736,-0.43629,5.9827
-0.10669,-0.024384,0.088205,0.99578,0.10433,0.3,0.27028,0,0,0,0,1.8724,-487.03,1.1735e+05,-7.6098e+05,75926,-14.676,-2.3232,-0.50137,6.1536
-0.10599,-0.026582,0.086865,0.99586,0.10411,0.3,0.27027,0,0,0,0,1.8527,-483.85,1.1315e+05,-7.5993e+05,75116,-14.544,-2.2234,-0.56,5.9624
-0.10624,-0.03892,0.071565,0.99653,0.10314,0.3,0.27022,0,0,0,0,2.5849,-484.97,1.1056e+05,-7.3416e+05,65602,-14.252,-2.2147,-0.747,6.7102
-0.095135,-0.065307,0.078863,0.99474,0.10129,0.3,0.2701,0,0,0,0,3.0981,-434.28,98959,-7.2822e+05,65444,-14.087,-1.9965,-0.91699,6.7086
-0.094131,-0.060794,0.079646,0.99496,0.10097,0.3,0.27008,0,0,0,0,2.9497,-429.7,94273,-7.1834e+05,61455,-13.865,-1.9004,-0.94659,6.6125
-0.091895,-0.059828,0.080431,0.99496,0.10063,0.3,0.27006,0,0,0,0,3.0401,-419.49,89297,-7.0457e+05,60671,-13.658,-1.8097,-0.95183,6.7577
-0.088227,-0.094047,0.061488,0.99365,0.098434,0.3,0.26993,0,0,0,0,3.4255,-402.75,56847,-6.2611e+05,52652,-12.349,-1.1931,-1.0179,7.2977
-0.093673,-0.10262,0.057147,0.99308,0.095234,0.3,0.26963,0,0,0,0,5.2782,-427.61,27290,-5.3065e+05,34283,-11.032,-0.64457,-1.2947,8.8746
-0.1003,-0.11995,0.044184,0.99179,0.092482,0.3,0.2693,0,0,0,0,8.0332,-457.88,18192,-4.7933e+05,22375,-10.345,-0.46191,-1.409,10.035
-0.12623,-0.12422,0.038889,0.99149,0.089418,0.3,0.2689,0,0,0,0,18.683,-576.22,23226,-4.3632e+05,17600,-9.9769,-0.60144,-1.5593,11.689
-0.1298,-0.16853,0.035058,0.98502,0.089233,0.3,0.26887,0,0,0,0,18.624,-592.52,23949,-4.2847e+05,16817,-9.8497,-0.61869,-1.5438,11.765
-0.18713,-0.1555,0.025046,0.98751,0.085056,0.3,0.26814,0,0,0,0,28.885,-854.24,28844,-3.8102e+05,11200,-9.8534,-0.81014,-1.7885,15.053
-0.19319,-0.15488,0.023468,0.98764,0.084556,0.3,0.26807,0,0,0,0,30.166,-881.91,28268,-3.7376e+05,9969.3,-9.8099,-0.80317,-1.8065,15.397
-0.26664,-0.19344,0.0036446,0.9811,0.076139,0.3,0.26646,0,0,0,0,34.075,-1217.2,40976,-3.5368e+05,7672,-10.856,-1.3267,-2.081,19.71
-0.34851,-0.19613,0.0024448,0.98057,0.070952,0.3,0.26541,0,0,0,0,39.494,-1590.9,60431,-3.7192e+05,10421,-12.797,-2.1435,-2.2569,23.237
-0.44448,-0.18255,0.010558,0.98313,0.065491,0.3,0.26431,0,0,0,0,46.117,-2029,82485,-4.1541e+05,16958,-15.507,-3.1549,-2.1143,25.818
-0.54438,-0.14876,0.03117,0.98835,0.059775,0.3,0.26333,0,0,0,0,53.175,-2485.1,1.1247e+05,-4.8892e+05,30000,-19.205,-4.4836,-1.4346,27.544
-0.61569,-0.089373,0.065274,0.99379,0.053998,0.3,0.26257,0,0,0,0,54.792,-2810.6,1.5118e+05,-6.0704e+05,54545,-23.383,-5.72,0.61633,27.146
-0.61329,-0.052369,0.085016,0.99492,0.048258,0.3,0.26226,0,0,0,0,28.886,-2799.6,2.0827e+05,-7.9371e+05,92466,-26.858,-6.6509,3.043,23.57
-0.56794,0.063393,0.14245,0.98759,0.043446,0.3,0.26246,0,0,0,0,5.3341,-2592.6,2.8197e+05,-1.0026e+06,1.4333e+05,-29.397,-7.3962,5.7208,19.147
-0.56829,0.063212,0.14476,0.98732,0.042972,0.3,0.26246,0,0,0,0,4.6831,-2594.2,2.8572e+05,-1.018e+06,1.4683e+05,-29.653,-7.4197,5.9584,18.83
-0.56862,0.06979,0.1493,0.98622,0.042895,0.3,0.26246,0,0,0,0,2.3946,-2595.7,2.877e+05,-1.0188e+06,1.4725e+05,-29.589,-7.4472,6.0547,18.707
-0.4888,0.11862,0.19285,0.97401,0.039454,0.3,0.26296,0,0,0,0,2.3493,-2231.3,3.6319e+05,-1.2436e+06,2.1522e+05,-31.975,-7.7245,9.4018,15.426
-0.48307,0.12281,0.19464,0.97314,0.039254,0.3,0.26298,0,0,0,0,2.5688,-2205.2,3.6935e+05,-1.2618e+06,2.222e+05,-32.342,-7.7934,9.6408,15.279
-0.37253,0.20371,0.22922,0.95182,0.036393,0.3,0.26363,0,0,0,0,2.1497,-1700.6,4.1927e+05,-1.4489e+06,2.8254e+05,-32.809,-7.0302,12.555,12.453
-0.35142,0.28693,0.26802,0.91956,0.035965,0.3,0.26376,0,0,0,0,1.9096,-1604.2,4.1886e+05,-1.4634e+06,2.9164e+05,-32.683,-6.7312,13.031,12.176
-0.28225,0.30991,0.28977,0.90552,0.034918,0.3,0.26409,0,0,0,0,1.3048,-1288.4,4.4741e+05,-1.5391e+06,3.2391e+05,-31.65,-6.0709,14.595,10.289
-0.27967,0.31223,0.29074,0.90435,0.034879,0.3,0.26411,0,0,0,0,1.2732,-1276.7,4.4933e+05,-1.5455e+06,3.2589e+05,-31.629,-6.0569,14.63,10.172
-0.23623,0.34228,0.30211,0.88968,0.034048,0.3,0.26441,0,0,0,0,1.0801,-1078.3,4.5486e+05,-1.5929e+06,3.5887e+05,-31.799,-5.4151,16.091,9.8144
-0.21298,0.35877,0.31103,0.87966,0.033695,0.3,0.26456,0,0,0,0,0.9962,-972.24,4.6312e+05,-1.607e+06,3.6511e+05,-31.532,-5.2219,16.854,9.6051
-0.1588,0.38623,0.32171,0.86448,0.032863,0.3,0.26493,0,0,0,0,1.0991,-724.92,4.9637e+05,-1.6831e+06,3.9897e+05,-31.957,-4.8826,18.804,9.4391
-0.026145,0.49882,0.37912,0.77936,0.031837,0.3,0.26545,0,0,0,0,1.4467,-119.35,5.7153e+05,-1.8733e+06,5.101e+05,-32.648,-3.7498,22.71,8.8995
0.0043859,0.50399,0.37964,0.77547,0.031664,0.3,0.26557,0,0,0,0,1.4712,20.021,5.7233e+05,-1.8963e+06,5.3728e+05,-32.507,-3.2384,23.174,8.6481
0.12248,0.52918,0.39424,0.75109,0.030886,0.3,0.26608,0,0,0,0,1.5016,559.1,5.3315e+05,-1.9425e+06,6.36e+05,-31.425,-0.65456,24.256,7.4117
0.17505,0.58363,0.40842,0.70022,0.030429,0.3,0.26644,0,0,0,0,1.2862,799.08,4.8686e+05,-1.8533e+06,6.4202e+05,-29.082,0.69917,23.698,6.6144
0.20064,0.63599,0.42925,0.64101,0.030136,0.3,0.26669,0,0,0,0,1.0863,915.91,4.6835e+05,-1.7172e+06,6.0478e+05,-26.499,0.92772,22.621,6.0752
0.21267,0.63852,0.43432,0.63531,0.030121,0.3,0.2667,0,0,0,0,1.0351,970.83,4.7027e+05,-1.6801e+06,6.0502e+05,-25.782,1.0212,22.434,5.9709
0.23763,0.65114,0.43755,0.6192,0.029997,0.3,0.26683,0,0,0,0,0.95983,1084.8,4.362e+05,-1.6047e+06,6.0453e+05,-24.5,1.6885,21.611,5.6467
0.27612,0.65663,0.44741,0.60546,0.02983,0.3,0.26703,0,0,0,0,0.85056,1260.5,3.8263e+05,-1.458e+06,5.9987e+05,-22.08,2.6566,19.966,5.2423
0.35277,0.67096,0.4729,0.57079,0.029547,0.3,0.26735,0,0,0,0,0.5455,1610.3,2.9129e+05,-1.2146e+06,5.983e+05,-17.781,4.5949,17.525,4.2234
0.37922,0.75386,0.46513,0.46406,0.029444,0.3,0.26746,0,0,0,0,0.4732,1731.1,2.5145e+05,-1.1077e+06,6.1754e+05,-16.221,5.5755,16.305,4.0304
0.4411,0.75386,0.46513,0.46406,0.029083,0.3,0.26804,0,0,0,0,0.40291,2013.6,1.0349e+05,-7.3037e+05,6.3325e+05,-11.485,8.0862,11.044,3.458
0.44749,0.80522,0.49002,0.33303,0.029013,0.3,0.26823,0,0,0,0,0.40556,2042.8,53280,-5.835e+05,6.4104e+05,-10.643,8.5361,8.5245,3.3703
0.47661,0.86215,0.49342,0.10712,0.028813,0.3,0.26881,0,0,0,0,0.43781,2175.7,-1.1297e+05,-76412,6.6043e+05,-7.5617,10.008,-0.037787,3.023
0.48277,0.86585,0.49448,0.075857,0.028756,0.3,0.26953,0,0,0,0,0.48942,2203.8,-2.1826e+05,2.4827e+05,6.8907e+05,-7.0177,10.624,-5.9712,3.0235
-1.5616,-0.84969,0.46608,-0.24657,-0.83249,0.3,0.17818,0,0,0,0,81.423,-7128.6,-62412,39580,2.7934e+05,-33.505,3.9673,-3.8703,32.812
-2.0711,-0.84969,0.46608,-0.24657,-0.83267,0.3,0.1788,0,0,0,0,100.25,-9454.3,-22037,1.2971e+05,3.0675e+05,-52.376,10.858,-1.6716,38.776
-1.3326,-0.8507,0.4657,-0.24381,-0.83243,0.3,0.17797,0,0,0,0,71.752,-6083.3,-69788,17191,2.6705e+05,-25.544,1.0752,-3.4861,30.062
-0.74066,-0.85212,0.4649,-0.24033,-0.83228,0.3,0.17742,0,0,0,0,44.416,-3381,-1.0085e+05,-56604,2.3751e+05,-3.5379,-7.348,-4.166,22.43
-0.7698,-0.85367,0.4633,-0.2379,-0.83218,0.3,0.17707,0,0,0,0,43.241,-3514,-93282,-37169,2.3256e+05,-5.444,-6.3758,-3.6508,22.49
-0.95968,-0.85514,0.46149,-0.23615,-0.83207,0.3,0.17669,0,0,0,0,49.956,-4380.8,-1.2476e+05,-55676,2.5375e+05,-12.516,-3.9969,-8.3802,25.117
-1.0326,-0.85526,0.46125,-0.23619,-0.83203,0.3,0.17654,0,0,0,0,52.692,-4713.6,-1.3198e+05,-48327,2.5878e+05,-14.687,-2.8699,-9.2987,25.556
-1.2918,-0.85521,0.46121,-0.23645,-0.83186,0.3,0.17592,0,0,0,0,64.491,-5896.8,-1.837e+05,-97247,2.7642e+05,-23.309,0.40675,-16.735,29.376
-0.88191,0.3034,0.036384,-0.95213,0.042022,0.3,0.51263,0,0,0,0,7.9047,-4025.8,-4.8819e+05,2.257e+06,-65946,-55.713,-12.624,-21.854,16.41
-0.87302,0.30854,0.039415,-0.95026,0.041869,0.3,0.51258,0,0,0,0,7.7723,-3985.2,-4.9566e+05,2.2818e+06,-63644,-55.78,-12.669,-22.279,16.179
-0.89195,0.29886,0.033386,-0.95324,0.04219,0.3,0.51268,0,0,0,0,7.8851,-4071.7,-4.8208e+05,2.2342e+06,-68093,-55.487,-12.551,-21.565,16.581
-0.84646,0.31776,0.044537,-0.94638,0.041657,0.3,0.5125,0,0,0,0,7.6433,-3864,-5.2026e+05,2.3328e+06,-54272,-55.897,-12.863,-23.345,15.839
-1.0444,0.24677,-0.0070023,-0.96874,0.045798,0.3,0.51367,0,0,0,0,8.8687,-4767.5,-3.5949e+05,1.8029e+06,-1.0219e+05,-52.998,-11.484,-16.079,20.324
-0.7412,0.38223,0.078565,-0.92068,0.040359,0.3,0.51202,0,0,0,0,5.8201,-3383.5,-6.0876e+05,2.5855e+06,-29941,-55.296,-13.187,-28.887,13.271
-1.0525,0.23225,-0.016089,-0.97143,0.046084,0.3,0.51372,0,0,0,0,8.9146,-4804.4,-3.5259e+05,1.767e+06,-1.0845e+05,-52.41,-11.396,-15.538,20.527
-0.60045,0.405,0.10212,-0.90857,0.039616,0.3,0.51169,0,0,0,0,6.0935,-2741,-7.0026e+05,2.8879e+06,11937,-57.542,-13.616,-34.359,12.836
-1.0972,0.1138,-0.086974,-0.9896,0.049228,0.3,0.51429,0,0,0,0,33.497,-5008.7,-2.5784e+05,1.4161e+06,-1.3028e+05,-49.703,-9.8695,-10.122,25.949
-0.27106,0.52262,0.18375,-0.83253,0.037472,0.3,0.51048,0,0,0,0,5.3758,-1237.4,-8.029e+05,3.115e+06,2.103e+05,-54.029,-11.014,-41.325,10.882
-1.0954,0.10331,-0.091813,-0.99028,0.049459,0.3,0.51431,0,0,0,0,34.031,-5000.4,-2.5376e+05,1.4066e+06,-1.2657e+05,-49.6,-9.7152,-9.9648,26.314
0.12444,0.67014,0.29415,-0.68105,0.03668,0.3,0.50989,0,0,0,0,4.8533,568.05,-8.4289e+05,3.3184e+06,4.4329e+05,-48.545,-5.9577,-47.573,8.8169
-1.0852,0.10346,-0.093021,-0.99013,0.04995,0.3,0.51433,0,0,0,0,38.765,-4953.7,-2.4479e+05,1.3656e+06,-1.2363e+05,-49.367,-9.5068,-9.4519,28.233
0.14265,0.67293,0.29674,-0.67753,0.036644,0.3,0.50986,0,0,0,0,4.8185,651.19,-8.3885e+05,3.3088e+06,4.5668e+05,-48.089,-5.5944,-47.594,8.7136
-1.088,0.024041,-0.14142,-0.98958,0.054345,0.3,0.51478,0,0,0,0,80.489,-4966.5,-1.6884e+05,1.0656e+06,-1.2769e+05,-47.376,-7.926,-4.9467,36.422
0.44352,0.70901,0.331,-0.6214,0.035854,0.3,0.50904,0,0,0,0,4.0815,2024.6,-6.9821e+05,2.8941e+06,7.34e+05,-37.731,2.5043,-44.282,6.8391
-1.0374,-0.0050622,-0.15722,-0.9875,0.060023,0.3,0.5149,0,0,0,0,101.13,-4735.5,-1.019e+05,7.7262e+05,-1.1922e+05,-41.303,-5.5989,-1.7265,43.597
0.54013,0.76821,0.37552,-0.50912,0.035573,0.3,0.50864,0,0,0,0,3.7715,2465.7,-5.7413e+05,2.4665e+06,8.8386e+05,-31.89,7.0201,-39.073,6.163
-0.92338,-0.053575,-0.18479,-0.98129,0.065853,0.3,0.51468,0,0,0,0,95.841,-4215.2,-63642,6.1733e+05,-1.1497e+05,-34.893,-3.4278,0.75257,45.362
0.64894,0.79968,0.39935,-0.44789,0.035411,0.3,0.50839,0,0,0,0,3.3372,2962.4,-4.5681e+05,2.064e+06,1.0691e+06,-26.126,12.016,-33.897,5.5103
-0.78834,-0.086682,-0.20319,-0.97529,0.071798,0.3,0.51424,0,0,0,0,86.064,-3598.7,-40747,5.3596e+05,-1.1187e+05,-29.691,-1.8373,1.9066,43.69
0.67416,0.84602,0.42494,-0.32199,0.035354,0.3,0.50828,0,0,0,0,3.356,3077.5,-4.2263e+05,1.9502e+06,1.1141e+06,-24.993,13.184,-32.207,5.4085
-0.64323,-0.10403,-0.21216,-0.97168,0.077627,0.3,0.51363,0,0,0,0,76.182,-2936.3,-18742,4.8299e+05,-1.0748e+05,-25.517,-0.49226,2.2686,40.939
0.79025,0.86689,0.4686,-0.16131,0.035103,0.3,0.50764,0,0,0,0,3.4442,3607.4,-2.315e+05,1.1632e+06,1.3115e+06,-18.538,19.101,-19.989,4.746
-0.50727,-0.10701,-0.21372,-0.97102,0.083495,0.3,0.51297,0,0,0,0,69.149,-2315.6,319.4,4.6138e+05,-1.06e+05,-23.045,0.53677,2.2422,37.368
0.79432,0.86338,0.47338,-0.16893,0.035083,0.3,0.50742,0,0,0,0,3.466,3626,-2.2069e+05,1.0325e+06,1.326e+06,-17.802,19.534,-17.921,4.6569
-0.50304,-0.10188,-0.21175,-0.972,0.083815,0.3,0.51294,0,0,0,0,69.006,-2296.3,1452,4.6411e+05,-1.0657e+05,-23.028,0.59525,2.2313,36.993
0.8286,0.85584,0.50619,-0.10404,0.035005,0.3,0.50686,0,0,0,0,3.457,3782.5,-1.2478e+05,5.2535e+05,1.4249e+06,-15.019,22.129,-9.4979,4.319
-0.49725,-0.10007,-0.2112,-0.9723,0.084397,0.3,0.51288,0,0,0,0,68.704,-2269.9,2738.1,4.7255e+05,-1.0802e+05,-22.965,0.6458,2.2074,35.835
-0.40437,-0.09263,-0.20698,-0.97395,0.089454,0.3,0.51234,0,0,0,0,63.633,-1845.9,15197,4.6231e+05,-1.0382e+05,-21.706,1.1575,2.0066,34.256
-0.3887,-0.089389,-0.2049,-0.97465,0.090746,0.3,0.51223,0,0,0,0,63.542,-1774.4,18245,4.9975e+05,-1.1002e+05,-21.879,1.2234,1.9528,31.874
-0.37428,-0.091647,-0.20298,-0.97486,0.091757,0.3,0.51215,0,0,0,0,64.57,-1708.6,22856,5.556e+05,-1.2056e+05,-22.371,1.3112,1.9568,29.781
-0.35737,-0.094345,-0.19857,-0.97551,0.093639,0.3,0.51196,0,0,0,0,62.893,-1631.4,27201,5.6479e+05,-1.208e+05,-21.92,1.4437,1.8358,28.207
-0.33193,-0.089013,-0.19902,-0.97594,0.095543,0.3,0.51175,0,0,0,0,61.77,-1515.2,43743,5.8986e+05,-1.2676e+05,-21.353,1.8939,1.5922,24.188
-0.33142,-0.088318,-0.19881,-0.97604,0.095584,0.3,0.51174,0,0,0,0,61.857,-1512.9,44100,5.9186e+05,-1.2709e+05,-21.384,1.9021,1.5909,24.146
-0.27357,-0.067895,-0.19268,-0.97891,0.098916,0.3,0.5115,0,0,0,0,64.532,-1248.8,55000,6.711e+05,-1.4088e+05,-22.723,2.188,1.474,22.127
-0.24855,-0.066523,-0.19162,-0.97921,0.10173,0.3,0.51131,0,0,0,0,61.722,-1134.6,55082,6.9316e+05,-1.3908e+05,-23.296,2.1613,1.4424,22.164
-0.23016,-0.052418,-0.18273,-0.98176,0.10373,0.3,0.51118,0,0,0,0,60.66,-1050.6,50483,7.1681e+05,-1.3233e+05,-23.672,1.9305,1.3844,21.875
-0.22294,-0.043473,-0.17988,-0.98269,0.10441,0.3,0.51115,0,0,0,0,54.356,-1017.7,55344,8.001e+05,-1.3927e+05,-24.277,1.9107,1.1181,19.691
-0.21401,-0.025121,-0.16912,-0.98528,0.10637,0.3,0.5111,0,0,0,0,50.911,-976.92,48747,8.8952e+05,-1.4976e+05,-25.497,1.5748,0.92145,18.154
-0.22951,-0.03255,-0.17338,-0.98432,0.1075,0.3,0.51107,0,0,0,0,48.922,-1047.7,49520,9.9437e+05,-1.7649e+05,-27.122,1.5139,0.92043,15.998
-0.23477,-0.033374,-0.17406,-0.98417,0.10787,0.3,0.51105,0,0,0,0,45.296,-1071.7,48152,1.0326e+06,-1.8648e+05,-27.472,1.4657,0.9676,15.379
-0.24394,-0.035818,-0.17436,-0.98403,0.10934,0.3,0.511,0,0,0,0,35.47,-1113.6,40364,1.157e+06,-2.1449e+05,-28.802,1.2187,1.1299,13.66
-0.23945,-0.035823,-0.17435,-0.98403,0.11075,0.3,0.51095,0,0,0,0,29.534,-1093.1,40158,1.296e+06,-2.2666e+05,-30.094,1.0955,0.93134,11.874
-0.23329,-0.030789,-0.17156,-0.98467,0.11099,0.3,0.51094,0,0,0,0,30.268,-1064.9,40835,1.3389e+06,-2.2364e+05,-30.849,1.0803,0.82296,11.816
-0.2244,-0.024724,-0.16968,-0.98518,0.11191,0.3,0.51091,0,0,0,0,19.362,-1024.3,41260,1.3753e+06,-2.1226e+05,-30.934,1.0271,0.61563,11.088
-0.22601,-0.015688,-0.16427,-0.98626,0.11224,0.3,0.5109,0,0,0,0,12.387,-1031.7,38799,1.3442e+06,-2.0318e+05,-30.989,0.95092,0.41201,11.58
-0.23551,-0.010377,-0.16046,-0.98699,0.11303,0.3,0.51089,0,0,0,0,11.899,-1075.1,23718,1.3162e+06,-1.9291e+05,-32.967,0.72891,1.0917,13.446
-0.26625,-0.009819,-0.16,-0.98707,0.11379,0.3,0.51089,0,0,0,0,28.264,-1215.4,7383.1,1.0829e+06,-1.6604e+05,-34.863,0.39858,1.4009,22.123
-0.27297,-0.0098277,-0.16,-0.98707,0.11405,0.3,0.51088,0,0,0,0,30.728,-1246.1,5131.6,1.0394e+06,-1.5515e+05,-35.407,0.30958,1.3074,27.449
-0.29582,-0.0098456,-0.16,-0.98707,0.11473,0.3,0.51088,0,0,0,0,39.209,-1350.4,353.82,7.3646e+05,-1.1266e+05,-33.525,0.10382,0.98631,46.28
-0.29899,-0.0098612,-0.15999,-0.98707,0.115,0.3,0.51087,0,0,0,0,36.601,-1364.9,3820.1,8.0509e+05,-1.1987e+05,-34.596,0.14385,0.87367,50.506
-0.33202,0.79365,0.39003,-0.46673,0.115,0.3,0.51087,0,0,0,0,37.267,-1515.6,-10029,3.0561e+05,-56166,-29.646,-0.21529,1.2385,87.935
-1.2743,0.16137,-0.47333,-0.86598,-0.034991,0.3,0.43631,0,0,0,0,11.149,-5817,-62872,1.2422e+06,-6.936e+05,-51.63,-6.9422,-7.8844,25.965
-1.2613,0.17845,-0.46864,-0.86505,-0.03872,0.3,0.43561,0,0,0,0,9.3954,-5757.8,-83699,1.6297e+06,-8.9279e+05,-58.076,-10.282,-13.416,21.26
-1.2539,0.076552,-0.48051,-0.87359,-0.034327,0.3,0.43635,0,0,0,0,16.286,-5723.8,-64856,1.1898e+06,-6.6829e+05,-51.095,-6.6089,-6.9673,27.203
-1.2003,0.24752,-0.4541,-0.85512,-0.040037,0.3,0.43525,0,0,0,0,9.8253,-5479.4,-79753,1.8757e+06,-1.0109e+06,-61.413,-11.69,-16.877,19.925
-1.1925,-0.00032225,-0.48954,-0.87198,-0.029597,0.3,0.43674,0,0,0,0,50.801,-5443.8,-37551,9.0239e+05,-5.0261e+05,-45.824,-3.7503,-3.3429,33.304
-1.1673,0.27212,-0.45082,-0.8501,-0.040962,0.3,0.435,0,0,0,0,9.3455,-5328.7,-83299,2.0681e+06,-1.1196e+06,-63.686,-13.099,-19.415,18.448
-1.1063,-0.029297,-0.49184,-0.87019,-0.023947,0.3,0.43674,0,0,0,0,90.741,-5050.3,-29616,6.7953e+05,-3.8316e+05,-38.686,-2.0004,-0.57477,37.275
-1.1441,0.297,-0.42158,-0.85628,-0.041604,0.3,0.43478,0,0,0,0,8.74,-5222.6,-1.2131e+05,2.1509e+06,-1.1634e+06,-64.164,-14.513,-20.152,17.381
-0.95512,-0.078049,-0.49521,-0.86526,-0.018196,0.3,0.43635,0,0,0,0,89.565,-4360,-27083,5.7197e+05,-3.245e+05,-32.442,-0.66876,1.5185,36.952
-1.1071,0.32314,-0.42146,-0.8471,-0.04196,0.3,0.43466,0,0,0,0,8.9867,-5054,-1.3951e+05,2.271e+06,-1.2167e+06,-66.187,-15.507,-21.265,16.945
-0.75914,-0.09988,-0.49567,-0.86275,-0.012164,0.3,0.43565,0,0,0,0,80.158,-3465.4,-25573,5.0455e+05,-2.8733e+05,-27.008,-0.080859,2.2515,34.316
-1.0214,0.35009,-0.40865,-0.84221,-0.04356,0.3,0.434,0,0,0,0,8.4605,-4662.5,-1.5855e+05,2.5585e+06,-1.3765e+06,-68.456,-18.676,-26.806,15.454
-0.7497,-0.10026,-0.49576,-0.86265,-0.011853,0.3,0.43562,0,0,0,0,80.013,-3422.3,-25729,5.0366e+05,-2.867e+05,-26.913,-0.081214,2.2613,34.235
-0.9869,0.35824,-0.39755,-0.84452,-0.044146,0.3,0.43377,0,0,0,0,7.8475,-4505.1,-1.7498e+05,2.7302e+06,-1.4576e+06,-70.379,-20.312,-29.536,14.705
-0.73795,-0.10093,-0.49575,-0.86258,-0.011318,0.3,0.43555,0,0,0,0,79.59,-3368.7,-25772,5.0292e+05,-2.8629e+05,-26.741,-0.069626,2.2704,34.002
-0.95651,0.39224,-0.41234,-0.82189,-0.044529,0.3,0.43359,0,0,0,0,8.0986,-4366.4,-1.6203e+05,2.8123e+06,-1.5154e+06,-71.341,-21.104,-31.627,14.606
-0.5723,-0.10344,-0.49618,-0.86204,-0.0058108,0.3,0.4349,0,0,0,0,71.053,-2612.5,-27284,4.7249e+05,-2.6885e+05,-23.103,0.073209,2.4664,30.625
-0.85338,0.46619,-0.39572,-0.78896,-0.045142,0.3,0.43324,0,0,0,0,7.9172,-3895.6,-1.8036e+05,3.0653e+06,-1.6425e+06,-72.569,-23.773,-36.642,13.549
-0.45958,-0.096463,-0.49624,-0.86281,-9.6216e-05,0.3,0.43422,0,0,0,0,66.745,-2097.9,-32249,4.9726e+05,-2.8281e+05,-21.749,0.025918,2.5075,26.488
-0.71073,0.4975,-0.37807,-0.77763,-0.045668,0.3,0.43291,0,0,0,0,8.089,-3244.4,-1.8072e+05,3.4066e+06,-1.7972e+06,-72.871,-25.917,-41.838,12.659
-0.3615,-0.091397,-0.49619,-0.86339,0.0055973,0.3,0.43362,0,0,0,0,66.304,-1650.2,-37570,5.973e+05,-3.3951e+05,-22.19,-0.12209,2.2581,21.196
-0.599,0.54077,-0.36753,-0.75652,-0.046099,0.3,0.43266,0,0,0,0,8.6222,-2734.4,-1.8631e+05,3.6408e+06,-1.8997e+06,-73.716,-27.578,-45.572,12.128
-0.33987,-0.064748,-0.49513,-0.8664,0.0072975,0.3,0.4335,0,0,0,0,60.088,-1551.5,-39272,6.4722e+05,-3.6569e+05,-22.736,-0.16001,2.1671,19.833
-0.42835,0.56966,-0.34931,-0.74262,-0.046648,0.3,0.43223,0,0,0,0,7.8479,-1955.4,-2.1863e+05,3.8788e+06,-1.9977e+06,-71.793,-30.18,-50.772,11.12
-0.30038,-0.061993,-0.49473,-0.86683,0.010281,0.3,0.43326,0,0,0,0,50.3,-1371.2,-44041,7.3702e+05,-4.1501e+05,-23.442,-0.26778,1.999,16.635
-0.24352,0.61378,-0.3277,-0.71819,-0.047184,0.3,0.4318,0,0,0,0,6.6168,-1111.6,-2.3878e+05,4.1901e+06,-2.1455e+06,-70.899,-33.224,-57.048,9.8708
-0.30007,-0.06016,-0.49456,-0.86705,0.010697,0.3,0.43323,0,0,0,0,45.836,-1369.8,-42107,7.4479e+05,-4.1961e+05,-23.167,-0.22857,1.9107,16.056
-0.13619,0.6637,-0.30942,-0.67884,-0.047538,0.3,0.43144,0,0,0,0,5.4817,-621.7,-2.4632e+05,4.2746e+06,-2.2194e+06,-67.807,-35.003,-60.19,9.2564
-0.2947,-0.056625,-0.49446,-0.86736,0.011706,0.3,0.43317,0,0,0,0,38.028,-1345.3,-43780,7.7937e+05,-4.3872e+05,-23.285,-0.23278,1.9001,14.95
0.046772,0.72785,-0.27341,-0.62838,-0.047688,0.3,0.43128,0,0,0,0,5.0954,213.51,-2.606e+05,4.3644e+06,-2.2053e+06,-64.009,-35.834,-63.827,8.8441
-0.26175,-0.0311,-0.49261,-0.86967,0.014729,0.3,0.43298,0,0,0,0,17.767,-1194.9,-58745,9.4056e+05,-5.2885e+05,-25.02,-0.58606,1.7247,11.971
0.16141,0.81925,-0.19833,-0.53804,-0.047738,0.3,0.43122,0,0,0,0,5.1215,736.8,-2.4691e+05,4.295e+06,-2.1584e+06,-59.983,-35.704,-64.546,8.6188
-0.26376,-0.031582,-0.49265,-0.86964,0.015498,0.3,0.43296,0,0,0,0,15.253,-1204,-63386,1.0017e+06,-5.6426e+05,-25.822,-0.66182,1.7198,11.219
0.62787,0.89525,-0.13564,-0.4232,-0.048375,0.3,0.43027,0,0,0,0,4.4259,2866.1,-2.299e+05,3.7004e+06,-1.6917e+06,-38.851,-30.362,-61.13,7.0671
-0.26034,-0.023679,-0.49224,-0.87014,0.017362,0.3,0.43292,0,0,0,0,9.6976,-1188.4,-80065,1.1367e+06,-6.4e+05,-27.505,-0.952,1.7463,9.4587
1.0109,0.95802,-0.053281,-0.27556,-0.048609,0.3,0.42968,0,0,0,0,5.0668,4614.9,-1.3178e+05,2.5754e+06,-9.1784e+05,-17.606,-16.769,-45.186,5.6178
-0.2644,-0.026523,-0.49236,-0.86998,0.01798,0.3,0.4329,0,0,0,0,9.4273,-1207,-76093,1.1551e+06,-6.5081e+05,-27.759,-0.82033,1.7867,9.2688
1.1941,0.98795,0.019518,-0.1479,-0.048734,0.3,0.429,0,0,0,0,5.3712,5451,-86259,1.7096e+06,-3.1186e+05,-10.349,-5.972,-30.658,4.4248
-0.2758,-0.028488,-0.4924,-0.8699,0.019403,0.3,0.43285,0,0,0,0,10.859,-1259,-91623,1.2384e+06,-7.0185e+05,-29.963,-1.0708,2.0402,9.3277
-0.28797,-0.027635,-0.49266,-0.86979,0.020301,0.3,0.43282,0,0,0,0,10.124,-1314.6,-83787,1.1609e+06,-6.5589e+05,-29.178,-1.033,1.9089,10.424
-0.29009,-0.027334,-0.49296,-0.86962,0.020909,0.3,0.4328,0,0,0,0,10.34,-1324.2,-83758,1.1435e+06,-6.4495e+05,-29.488,-1.1268,1.8276,11.105
-0.29294,-0.022407,-0.49362,-0.86938,0.021646,0.3,0.43278,0,0,0,0,10.256,-1337.2,-80260,1.1372e+06,-6.415e+05,-29.988,-1.0375,1.9086,11.627
-0.29645,-0.017453,-0.493,-0.86985,0.021997,0.3,0.43277,0,0,0,0,9.584,-1353.3,-75680,1.11e+06,-6.244e+05,-29.825,-1.0365,1.7716,12.099
-0.29281,-0.011398,-0.49143,-0.87084,0.022462,0.3,0.43277,0,0,0,0,11.842,-1336.7,-77844,1.1369e+06,-6.3787e+05,-31.549,-0.91461,2.2189,12.879
-0.29462,-0.010044,-0.49099,-0.87111,0.022569,0.3,0.43276,0,0,0,0,14.115,-1344.9,-76718,1.127e+06,-6.3303e+05,-32.049,-0.91746,2.2433,13.731
-0.31874,-0.0069621,-0.49085,-0.87122,0.023311,0.3,0.43276,0,0,0,0,32.217,-1455,-65106,9.9467e+05,-5.6899e+05,-34.121,-1.155,1.858,19.389
-0.43107,-0.0069439,-0.49086,-0.87121,0.024232,0.3,0.43275,0,0,0,0,45.916,-1967.8,-44813,8.2501e+05,-4.9183e+05,-33.449,-1.1003,1.4037,50.68
-0.39077,-0.0069272,-0.49086,-0.87121,0.024315,0.3,0.43275,0,0,0,0,45.916,-1783.8,-17643,2.8756e+05,-1.7651e+05,-29.909,-0.52751,2.0334,94.907
-0.39394,-0.0069248,-0.49086,-0.87121,0.024375,0.3,0.43275,0,0,0,0,46.09,-1798.3,-13319,2.3281e+05,-1.4077e+05,-29.318,-0.44623,2.0572,101.29
0.13161,0.52569,0.04344,0.84954,-0.15649,0.3,0.25974,0,0,0,0,3.5297,600.79,70863,-3.1431e+06,60653,-53.999,-0.41583,42.216,10.571
-0.30838,0.49292,0.048357,0.86872,-0.15558,0.3,0.25918,0,0,0,0,3.4812,-1407.7,60061,-2.8691e+06,1.2636e+05,-58.164,0.33892,35.765,12.552
0.26533,0.67274,0.024223,0.73829,-0.15686,0.3,0.26007,0,0,0,0,3.2748,1211.2,85729,-2.9931e+06,25180,-49.055,-0.99923,40.643,9.5557
-0.61165,0.43896,0.05711,0.89669,-0.15362,0.3,0.25823,0,0,0,0,4.8747,-2792.1,34325,-2.7027e+06,1.5566e+05,-62.515,0.89657,29.393,14.362
0.58521,0.68727,0.016773,0.7255,-0.15772,0.3,0.2608,0,0,0,0,2.7468,2671.4,99994,-2.6835e+06,-50538,-37.492,-2.0302,37.68,7.1404
-0.61676,0.36576,0.06008,0.92877,-0.1536,0.3,0.25822,0,0,0,0,4.9027,-2815.5,33326,-2.6996e+06,1.5629e+05,-62.581,0.9184,29.275,14.396
0.62817,0.80537,0.0089193,0.59268,-0.15777,0.3,0.26086,0,0,0,0,2.5298,2867.5,1.0638e+05,-2.5742e+06,-62983,-34.698,-2.2703,36.662,6.708
-0.87756,0.33426,0.063731,0.94029,-0.15201,0.3,0.25767,0,0,0,0,6.6561,-4006,46008,-2.436e+06,1.5121e+05,-65.491,0.21414,23.742,17.434
0.83512,0.87552,-0.0069496,0.48268,-0.15834,0.3,0.26164,0,0,0,0,1.8028,3812.2,1.3645e+05,-1.4848e+06,-2.0692e+05,-16.081,-4.6526,22.37,4.2491
-0.89744,0.33278,0.064114,0.94082,-0.15189,0.3,0.25762,0,0,0,0,6.7722,-4096.7,45883,-2.416e+06,1.5139e+05,-65.73,0.19072,23.375,17.683
0.91974,0.94695,-0.029634,0.3199,-0.15858,0.3,0.26219,0,0,0,0,1.9128,4198.5,1.5721e+05,-1.3562e+05,-4.0579e+05,-4.4563,-7.9221,0.8794,3.2913
-1.1505,0.21007,0.076433,0.97463,-0.14949,0.3,0.257,0,0,0,0,6.277,-5251.8,56621,-2.0085e+06,1.3362e+05,-63.979,-0.58128,18.016,21.657
0.91514,0.9782,-0.044912,0.20109,-0.15873,0.3,0.26284,0,0,0,0,1.8923,4177.5,1.6302e+05,7.6015e+05,-5.2252e+05,-0.24156,-9.8832,-14.67,3.3338
-1.3414,0.11935,0.087652,0.98884,-0.14654,0.3,0.25645,0,0,0,0,4.2414,-6123.1,45683,-1.6491e+06,1.3077e+05,-57.057,-0.56027,12.783,23.562
-1.3523,0.11106,0.088842,0.98983,-0.14628,0.3,0.25642,0,0,0,0,4.1593,-6173,43903,-1.6094e+06,1.2859e+05,-55.875,-0.54536,12.241,23.689
-1.3968,0.045713,0.090411,0.99463,-0.1429,0.3,0.25609,0,0,0,0,4.0918,-6376.4,42778,-1.291e+06,1.1315e+05,-47.687,-0.91605,7.7759,25.777
-1.3955,0.038662,0.089692,0.99521,-0.14279,0.3,0.25608,0,0,0,0,4.1349,-6370.2,41709,-1.2811e+06,1.1199e+05,-47.382,-0.8921,7.6504,25.833
-1.3858,0.035674,0.08964,0.99531,-0.14214,0.3,0.25607,0,0,0,0,6.6201,-6325.9,41585,-1.2401e+06,1.0933e+05,-46.112,-0.94147,7.0936,26.074
-1.2964,-0.075872,0.098003,0.99229,-0.13747,0.3,0.25607,0,0,0,0,30.854,-5918,42240,-8.5985e+05,80042,-34.761,-1.4535,3.0179,28.68
-1.0915,-0.10801,0.099289,0.98918,-0.13173,0.3,0.2565,0,0,0,0,56.276,-4982.8,42357,-5.6103e+05,62505,-23.026,-1.7349,-0.046276,28.616
-0.84239,-0.16192,0.10159,0.98156,-0.12593,0.3,0.25733,0,0,0,0,52.127,-3845.4,45968,-4.2953e+05,53557,-16.627,-1.964,-1.5656,26.532
-0.61201,-0.19162,0.10329,0.97602,-0.12018,0.3,0.25841,0,0,0,0,45.033,-2793.8,52402,-3.5189e+05,49022,-12.46,-2.1019,-1.8632,23.723
-0.42566,-0.20052,0.10392,0.97416,-0.11413,0.3,0.25965,0,0,0,0,39.079,-1943.1,57761,-3.0008e+05,44974,-9.7074,-2.1197,-1.7204,21.016
-0.39161,-0.20045,0.10207,0.97437,-0.11283,0.3,0.25992,0,0,0,0,38.014,-1787.7,58935,-2.9388e+05,44406,-9.3401,-2.1137,-1.659,20.454
-0.28283,-0.19561,0.10289,0.97526,-0.10818,0.3,0.26088,0,0,0,0,34.37,-1291.1,64614,-2.761e+05,42866,-8.1543,-2.1209,-1.4231,18.352
-0.26795,-0.19245,0.10369,0.97581,-0.10741,0.3,0.26103,0,0,0,0,33.83,-1223.2,66095,-2.746e+05,42732,-8.0061,-2.1349,-1.379,17.989
-0.25338,-0.1915,0.10362,0.976,-0.10627,0.3,0.26125,0,0,0,0,33.481,-1156.7,67597,-2.7634e+05,42724,-7.9639,-2.1499,-1.3342,17.671
-0.18665,-0.17981,0.10298,0.9783,-0.10154,0.3,0.26212,0,0,0,0,32.664,-852.05,75413,-2.9821e+05,43462,-8.082,-2.2152,-1.1748,16.013
-0.1205,-0.112,0.099649,0.9887,-0.096096,0.3,0.26293,0,0,0,0,28.642,-550.06,95624,-3.882e+05,50523,-9.5089,-2.4842,-1.0438,13.43
-0.090518,-0.11035,0.10023,0.98883,-0.091415,0.3,0.26346,0,0,0,0,18.259,-413.2,1.1845e+05,-5.1893e+05,62152,-11.708,-2.803,-0.99866,11.279
-0.088108,-0.1101,0.10019,0.98886,-0.091055,0.3,0.2635,0,0,0,0,17.505,-402.21,1.2039e+05,-5.2897e+05,63035,-11.873,-2.83,-0.99335,11.087
-0.08782,-0.078535,0.098248,0.99206,-0.090948,0.3,0.26352,0,0,0,0,17.421,-400.89,1.2108e+05,-5.3259e+05,63298,-11.944,-2.8417,-0.98797,11.061
-0.086728,-0.078532,0.098249,0.99206,-0.087279,0.3,0.26381,0,0,0,0,7.504,-395.9,1.4009e+05,-6.6782e+05,73171,-13.858,-3.0035,-0.83352,8.8828
-0.091088,-0.059124,0.096828,0.99354,-0.084914,0.3,0.26395,0,0,0,0,4.5314,-415.81,1.5614e+05,-7.847e+05,81317,-15.434,-3.1498,-0.71463,7.1349
-0.091726,-0.05913,0.096814,0.99354,-0.084521,0.3,0.26398,0,0,0,0,3.8849,-418.72,1.5874e+05,-8.0437e+05,82626,-15.689,-3.1698,-0.69622,6.8188
-0.091703,-0.036879,0.0963,0.99467,-0.084411,0.3,0.26398,0,0,0,0,3.7868,-418.61,1.6038e+05,-8.1107e+05,83160,-15.785,-3.1934,-0.68271,6.7315
-0.10916,-0.036854,0.096307,0.99467,-0.082622,0.3,0.26405,0,0,0,0,2.236,-498.29,1.6436e+05,-9.2949e+05,89933,-17.54,-3.1402,-0.3673,5.1794
-0.11554,-0.020332,0.094619,0.99531,-0.08224,0.3,0.26406,0,0,0,0,2.0044,-527.41,1.636e+05,-9.6055e+05,91627,-18.045,-3.1036,-0.28453,4.8547
-0.13094,-0.019458,0.094548,0.99533,-0.081323,0.3,0.26408,0,0,0,0,1.4279,-597.72,1.6202e+05,-1.0252e+06,95469,-19.065,-3.0206,-0.098843,4.0409
-0.13114,-0.017638,0.094423,0.99538,-0.081229,0.3,0.26408,0,0,0,0,1.3871,-598.64,1.6273e+05,-1.0266e+06,95603,-19.074,-3.0326,-0.11752,3.938
-0.17022,-0.01764,0.094422,0.99538,-0.08003,0.3,0.2641,0,0,0,0,1.136,-777.05,1.4496e+05,-1.1886e+06,1.0874e+05,-22.018,-2.6775,0.053382,3.5966
-0.22033,-0.017652,0.09442,0.99538,-0.079417,0.3,0.26411,0,0,0,0,0.7268,-1005.8,1.3404e+05,-1.5577e+06,1.4223e+05,-28.862,-2.5618,-0.90926,3.5118
-0.23365,-0.017661,0.094418,0.99538,-0.07875,0.3,0.26413,0,0,0,0,0.46411,-1066.6,1.4238e+05,-1.7969e+06,1.6536e+05,-33.298,-2.819,-2.0423,3.4177
-0.0030786,-0.21645,-0.065534,0.97409,-0.75166,0.3,0.23143,0,0,0,0,52.34,-14.054,80101,-4.333e+05,-13432,-21.082,-3.7222,-5.6072,37.88
-0.035495,-0.216,-0.066026,0.97416,-0.751,0.3,0.23157,0,0,0,0,54.697,-162.03,73145,-4.6346e+05,-21304,-22.559,-3.2653,-5.8063,37.712
0.039053,-0.21715,-0.064826,0.97398,-0.75231,0.3,0.23128,0,0,0,0,50.185,178.27,88960,-4.096e+05,-7967.8,-19.587,-4.1388,-5.4201,37.148
-0.070631,-0.21589,-0.066183,0.97417,-0.75039,0.3,0.23171,0,0,0,0,58.609,-322.42,74585,-5.4045e+05,-34366,-25.745,-2.6304,-6.9358,36.167
0.0628,-0.21748,-0.064471,0.97393,-0.75355,0.3,0.23101,0,0,0,0,47.933,286.68,90359,-3.6363e+05,-4013.7,-17.864,-4.396,-5.1673,38.961
-0.12163,-0.21588,-0.066187,0.97417,-0.74919,0.3,0.23197,0,0,0,0,61.819,-555.23,80892,-6.2879e+05,-47816,-29.589,-1.7514,-8.6871,34.08
0.058936,-0.22085,-0.062117,0.97332,-0.75364,0.3,0.23099,0,0,0,0,47.62,269.04,86269,-3.4645e+05,-3351.2,-17.527,-4.3439,-5.0972,40.664
0.060535,-0.21868,-0.059752,0.97394,-0.75405,0.3,0.23089,0,0,0,0,46.905,276.34,82048,-3.2282e+05,-790.45,-16.911,-4.352,-5.0129,43.351
0.070039,-0.24787,-0.044407,0.96762,-0.75482,0.3,0.23072,0,0,0,0,45.16,319.72,76597,-2.673e+05,3616.2,-15.359,-4.4849,-4.818,48.264
0.085377,-0.26482,-0.034593,0.96361,-0.75604,0.3,0.23041,0,0,0,0,44.087,389.74,65821,-2.1654e+05,10401,-14.013,-4.4737,-4.6576,55.813
0.096777,-0.28451,-0.021646,0.95842,-0.75813,0.3,0.22979,0,0,0,0,43.745,441.78,61900,-1.9287e+05,14262,-13.186,-4.5558,-4.5555,59.885
0.11389,-0.2903,-0.016365,0.95679,-0.75938,0.3,0.22942,0,0,0,0,43.668,519.91,63849,-1.8061e+05,16305,-12.444,-4.7892,-4.5418,60.804
0.1221,-0.31168,-0.0035405,0.95013,-0.76059,0.3,0.22905,0,0,0,0,43.516,557.37,66041,-1.7307e+05,21114,-11.737,-5.0034,-4.4705,60.023
0.1205,-0.34125,0.016428,0.93981,-0.76266,0.3,0.22832,0,0,0,0,43.603,550.06,67426,-1.6743e+05,27683,-11.165,-5.1988,-4.3726,59.128
0.12517,-0.35454,0.02643,0.93467,-0.76387,0.3,0.22786,0,0,0,0,44.031,571.39,70012,-1.6244e+05,31352,-10.663,-5.4083,-4.3408,58.355
0.12723,-0.36863,0.036007,0.92886,-0.76505,0.3,0.22742,0,0,0,0,44.296,580.77,72812,-1.5688e+05,35157,-10.126,-5.6329,-4.2757,57.5
0.12202,-0.39548,0.05447,0.91683,-0.76705,0.3,0.2266,0,0,0,0,44.66,556.99,74863,-1.4988e+05,41574,-9.4929,-5.8611,-4.1263,56.429
0.11896,-0.41524,0.06759,0.90719,-0.76817,0.3,0.22609,0,0,0,0,45.361,543.04,76816,-1.4381e+05,46234,-8.9483,-6.0503,-4.0178,55.545
0.11493,-0.43074,0.077859,0.89906,-0.77011,0.3,0.22519,0,0,0,0,46.368,524.63,79915,-1.3643e+05,50497,-8.3393,-6.2997,-3.8573,54.623
0.10298,-0.45456,0.092988,0.8858,-0.7712,0.3,0.22465,0,0,0,0,47.1,470.08,82408,-1.2767e+05,56300,-7.6659,-6.5323,-3.593,53.515
0.088801,-0.47166,0.10419,0.8756,-0.7731,0.3,0.22363,0,0,0,0,48.153,405.37,85107,-1.1884e+05,61330,-7.0359,-6.7599,-3.3103,52.557
0.073648,-0.50639,0.12084,0.85379,-0.7742,0.3,0.22303,0,0,0,0,49.161,336.2,88149,-1.1046e+05,65829,-6.4717,-7.0141,-3.05,51.814
0.062451,-0.50876,0.12173,0.85224,-0.77473,0.3,0.22271,0,0,0,0,49.162,285.08,89086,-1.056e+05,67809,-6.1731,-7.0761,-2.8748,51.334
0.04842,-0.5134,0.1369,0.84713,-0.7759,0.3,0.22203,0,0,0,0,49.449,221.03,90663,-98816,71201,-5.7509,-7.2068,-2.6388,50.713
0.038793,-0.51635,0.14131,0.84463,-0.77657,0.3,0.22162,0,0,0,0,48.79,177.09,90883,-95268,72605,-5.5596,-7.2221,-2.5036,50.369
0.018737,-0.52105,0.1458,0.84098,-0.77778,0.3,0.22087,0,0,0,0,48.747,85.532,92979,-86955,75657,-5.0616,-7.3604,-2.1982,49.651
-0.010395,-0.55915,0.16353,0.81277,-0.77864,0.3,0.22031,0,0,0,0,46.114,-47.454,92230,-78484,79148,-4.6367,-7.3125,-1.8733,48.732
-0.034841,-0.56932,0.17426,0.80343,-0.7805,0.3,0.219,0,0,0,0,42.603,-159.05,90172,-71789,79496,-4.246,-7.0523,-1.5916,47.425
-0.044892,-0.57256,0.17384,0.80122,-0.78119,0.3,0.21852,0,0,0,0,40.783,-204.93,89292,-69015,79061,-4.0754,-6.9171,-1.4631,46.81
-0.051746,-0.57354,0.17394,0.8005,-0.78182,0.3,0.21806,0,0,0,0,39.314,-236.22,87944,-68050,78154,-3.9939,-6.7625,-1.406,46.288
-0.056939,-0.576,0.17153,0.79925,-0.78225,0.3,0.21776,0,0,0,0,38.247,-259.92,87359,-67092,77862,-3.9337,-6.6928,-1.3613,46.009
-0.069216,-0.58116,0.17496,0.79476,-0.7831,0.3,0.21713,0,0,0,0,35.583,-315.97,84395,-66629,75964,-3.8574,-6.388,-1.2985,45.102
-0.082496,-0.58272,0.17794,0.79295,-0.78429,0.3,0.21627,0,0,0,0,33.802,-376.59,80923,-67805,75203,-3.9087,-6.1279,-1.3082,44.551
-0.090701,-0.60918,0.19199,0.76944,-0.78478,0.3,0.2159,0,0,0,0,32.991,-414.04,77684,-70917,74853,-4.0772,-5.9447,-1.4086,44.461
-0.11032,-0.61156,0.19607,0.76652,-0.78651,0.3,0.21454,0,0,0,0,31.942,-503.59,69179,-82311,73719,-4.7033,-5.5321,-1.84,44.941
-0.13178,-0.62569,0.20039,0.7539,-0.78817,0.3,0.2132,0,0,0,0,33.698,-601.58,59398,-1.0261e+05,72593,-5.892,-5.2583,-2.7647,47.438
-0.14544,-0.6257,0.20039,0.75389,-0.78885,0.3,0.21265,0,0,0,0,34.825,-663.92,55845,-1.1097e+05,72427,-6.3986,-5.196,-3.1614,48.687
-0.15596,-0.6257,0.20039,0.75388,-0.78938,0.3,0.2122,0,0,0,0,36.562,-711.94,52880,-1.186e+05,72337,-6.9313,-5.1636,-3.597,50.13
-0.16115,-0.62572,0.20039,0.75387,-0.78982,0.3,0.21184,0,0,0,0,37.895,-735.64,50803,-1.248e+05,72214,-7.3485,-5.1488,-3.9406,51.298
-0.1864,-0.62456,0.19954,0.75505,-0.79063,0.3,0.21117,0,0,0,0,41.979,-850.9,44987,-1.4072e+05,71638,-8.4956,-5.0773,-4.8654,54.427
-0.21045,-0.62532,0.1989,0.75459,-0.79174,0.3,0.21025,0,0,0,0,45.415,-960.67,40174,-1.5234e+05,71214,-9.4097,-4.9839,-5.5717,56.814
-0.22474,-0.62607,0.19801,0.7542,-0.79227,0.3,0.20982,0,0,0,0,47.409,-1025.9,37390,-1.5818e+05,70620,-9.9043,-4.8869,-5.9534,58.041
-0.25738,-0.62763,0.19719,0.75312,-0.79283,0.3,0.20934,0,0,0,0,50.668,-1174.9,32266,-1.6829e+05,69634,-10.838,-4.6812,-6.6652,60.293
-0.29901,-0.62918,0.19745,0.75176,-0.79384,0.3,0.2085,0,0,0,0,54.929,-1364.9,25611,-1.821e+05,68972,-12.048,-4.4882,-7.6029,63.319
-0.35953,-0.62299,0.18898,0.75905,-0.79551,0.3,0.20707,0,0,0,0,61.686,-1641.2,17270,-2.0348e+05,64884,-14.12,-4.0527,-9.0592,68.105
-0.41044,-0.60973,0.17892,0.77215,-0.79717,0.3,0.20574,0,0,0,0,69.151,-1873.6,10467,-2.2156e+05,60207,-16.063,-3.5412,-10.291,72.245
-0.44403,-0.61683,0.18025,0.76616,-0.79786,0.3,0.2052,0,0,0,0,72.239,-2026.9,7270.1,-2.2786e+05,58834,-16.826,-3.2921,-10.717,73.753
-0.47453,-0.61902,0.18069,0.76431,-0.7984,0.3,0.20477,0,0,0,0,74.655,-2166.2,3821.3,-2.3415e+05,57276,-17.63,-3.0013,-11.164,75.278
-0.50837,-0.62533,0.18102,0.75908,-0.79884,0.3,0.20441,0,0,0,0,76.666,-2320.7,565.81,-2.3924e+05,57310,-18.332,-2.7941,-11.553,76.613
-0.58293,-0.62533,0.18102,0.75908,-0.79964,0.3,0.20375,0,0,0,0,81.998,-2661,-7167,-2.5695e+05,51952,-20.585,-2.0396,-12.772,80.846
-0.61481,-0.59541,0.15743,0.78778,-0.80081,0.3,0.20283,0,0,0,0,85.897,-2806.6,-8715.7,-2.6714e+05,47410,-21.951,-1.6993,-13.33,83.231
-0.63247,-0.57116,0.14173,0.80851,-0.80129,0.3,0.20248,0,0,0,0,88.255,-2887.2,-8612.4,-2.7126e+05,45222,-22.574,-1.5743,-13.451,84.193
-0.723,-0.5861,0.14299,0.79752,-0.80311,0.3,0.2012,0,0,0,0,95.649,-3300.4,-13510,-2.8518e+05,40825,-24.838,-0.8925,-14.118,87.7
-0.75182,-0.5865,0.14242,0.79733,-0.80357,0.3,0.20086,0,0,0,0,97.825,-3432,-15532,-2.9054e+05,38757,-25.72,-0.5949,-14.375,89.038
-0.86912,-0.54677,0.11611,0.82919,-0.80479,0.3,0.19996,0,0,0,0,104.03,-3967.4,-22949,-3.0504e+05,36264,-28.214,0.1942,-15.097,92.812
-0.91607,-0.53645,0.10735,0.83705,-0.80561,0.3,0.1994,0,0,0,0,109.12,-4181.8,-24050,-3.18e+05,28464,-30.479,0.78212,-15.361,95.909
-0.98114,-0.51975,0.093988,0.84909,-0.80754,0.3,0.19818,0,0,0,0,114.99,-4478.8,-26385,-3.3102e+05,21208,-33.048,1.5003,-15.385,99.15
-1.0549,-0.50005,0.076266,0.86262,-0.80858,0.3,0.19757,0,0,0,0,120.73,-4815.6,-29466,-3.4398e+05,13876,-35.799,2.2789,-15.136,102.43
-1.1298,-0.47425,0.057074,0.8785,-0.81042,0.3,0.19653,0,0,0,0,125.6,-5157.3,-32061,-3.5658e+05,7277.8,-38.654,2.9753,-14.612,105.66
-1.1999,-0.44737,0.042088,0.89333,-0.8115,0.3,0.19597,0,0,0,0,130.11,-5477.2,-35383,-3.6936e+05,502.15,-41.61,3.7394,-13.833,108.92
-1.2831,-0.42084,0.022277,0.9068,-0.81343,0.3,0.19505,0,0,0,0,133.89,-5857.2,-38316,-3.8268e+05,-7694.4,-45.024,4.4774,-12.575,112.46
-1.3515,-0.38983,0.0018061,0.92081,-0.81454,0.3,0.19455,0,0,0,0,136.85,-6169.3,-41118,-3.9524e+05,-15982,-48.191,5.1282,-11.234,115.76
-1.4106,-0.35452,-0.019678,0.93477,-0.81652,0.3,0.19375,0,0,0,0,138.37,-6439.1,-44549,-4.0674e+05,-24802,-51.013,5.7843,-9.2803,118.67
-1.4753,-0.32271,-0.041242,0.94553,-0.81776,0.3,0.19332,0,0,0,0,138.76,-6734.6,-48425,-4.1842e+05,-34185,-54.634,6.4661,-6.357,122.19
-1.5038,-0.26923,-0.06715,0.96073,-0.819,0.3,0.1929,0,0,0,0,137.62,-6864.8,-50855,-4.2527e+05,-41580,-57.104,6.8257,-4.0496,124.44
-1.5054,-0.2581,-0.077299,0.96276,-0.81943,0.3,0.19278,0,0,0,0,136.93,-6871.9,-50890,-4.2676e+05,-44378,-57.439,6.7652,-3.6798,124.76
-1.5205,-0.24698,-0.085394,0.96515,-0.82079,0.3,0.19239,0,0,0,0,135.31,-6940.9,-52123,-4.311e+05,-50425,-58.547,7.0648,-2.5897,125.88
-1.5264,-0.23897,-0.092173,0.96644,-0.82105,0.3,0.19233,0,0,0,0,134.72,-6968,-52290,-4.3305e+05,-51781,-59.311,7.0382,-1.7559,126.54
-1.5187,-0.20183,-0.1112,0.97298,-0.82222,0.3,0.19207,0,0,0,0,131.19,-6932.6,-53818,-4.3816e+05,-61154,-59.972,7.3617,-0.80494,127.16
-1.4904,-0.15917,-0.13605,0.97773,-0.82364,0.3,0.1918,0,0,0,0,126.53,-6803.7,-53090,-4.4637e+05,-70830,-60.703,6.9327,1.6299,126.73
-1.4479,-0.10361,-0.16392,0.98086,-0.82508,0.3,0.1916,0,0,0,0,121.38,-6609.6,-53174,-4.6411e+05,-83569,-61.487,6.053,5.2361,123.52
-1.4006,-0.047432,-0.18912,0.98073,-0.82654,0.3,0.19149,0,0,0,0,116.74,-6393.6,-55418,-5.0932e+05,-1.0572e+05,-62.547,4.5983,9.8261,115.08
-1.3171,0.055666,-0.23598,0.97016,-0.828,0.3,0.1915,0,0,0,0,113.75,-6012.3,-58531,-5.9663e+05,-1.4666e+05,-64.013,1.599,16.786,101.06
-1.0928,0.23695,-0.29873,0.92444,-0.82935,0.3,0.19164,0,0,0,0,109.19,-4988.3,-61333,-7.0699e+05,-2.1473e+05,-64.417,-2.8382,25.747,84.768
-0.84576,0.29563,-0.33153,0.89314,-0.83014,0.3,0.19184,0,0,0,0,103.59,-3860.8,-66220,-7.5648e+05,-2.6121e+05,-61.289,-5.8303,29.937,75.006
-0.59761,0.42676,-0.37142,0.82229,-0.83069,0.3,0.19204,0,0,0,0,96.104,-2728,-63230,-7.9184e+05,-3.1912e+05,-57.286,-10.214,34.089,67.91
-0.58364,0.43012,-0.37283,0.821,-0.83073,0.3,0.19205,0,0,0,0,95.607,-2664.3,-63002,-7.949e+05,-3.2341e+05,-57.051,-10.533,34.565,67.365
-0.56855,0.43945,-0.37729,0.81516,-0.83076,0.3,0.19206,0,0,0,0,95.036,-2595.4,-63555,-7.9458e+05,-3.2566e+05,-56.694,-10.664,34.652,67.076
-0.48688,0.46446,-0.38223,0.79596,-0.83084,0.3,0.19211,0,0,0,0,93.007,-2222.6,-65452,-7.8766e+05,-3.358e+05,-55.266,-11.131,34.319,65.942
0.10428,0.63315,-0.41713,0.63157,-0.83137,0.3,0.19252,0,0,0,0,78.051,476.04,-76137,-6.847e+05,-3.8765e+05,-42.994,-12.706,28.86,56.553
0.34433,0.70134,-0.43382,0.56546,-0.83158,0.3,0.19268,0,0,0,0,71.942,1571.8,-80477,-6.4554e+05,-4.0958e+05,-37.987,-13.456,26.855,52.7
0.3628,0.70723,-0.43343,0.55366,-0.83159,0.3,0.1927,0,0,0,0,71.391,1656.1,-80520,-6.3454e+05,-4.1008e+05,-37.43,-13.451,26.377,52.227
0.8493,0.84376,-0.4728,0.24668,-0.83187,0.3,0.19323,0,0,0,0,56.774,3877,-76742,-3.3787e+05,-4.0808e+05,-21.896,-12.875,13.257,39.13
1.035,0.8892,-0.44923,-0.056197,-0.83184,0.3,0.19399,0,0,0,0,50.227,4724.8,-79832,-91349,-3.7621e+05,-14.713,-11.501,4.3846,31.957
1.0446,0.8938,-0.44026,-0.083169,-0.83183,0.3,0.19405,0,0,0,0,49.925,4768.4,-81942,-81788,-3.7456e+05,-14.26,-11.385,4.0096,31.46
0.94002,-0.035399,0.12517,-0.9915,-1.2219,0.3,0.10572,0,0,0,0,43.149,4291.1,-88624,1.7913e+05,25752,-13.56,-6.6871,-0.10916,62.866
0.9772,-0.024888,0.12307,-0.99208,-1.2234,0.3,0.10577,0,0,0,0,43.576,4460.8,-98871,1.77e+05,24154,-12.771,-7.0889,-0.14589,59.289
0.90905,-0.039108,0.1259,-0.99127,-1.2204,0.3,0.10566,0,0,0,0,43.011,4149.7,-82548,1.8407e+05,26564,-14.285,-6.3928,-0.076733,64.777
1.0214,-0.012021,0.11948,-0.99276,-1.2249,0.3,0.1058,0,0,0,0,44.355,4662.7,-1.2073e+05,1.8133e+05,22738,-11.792,-7.7476,-0.14741,52.244
0.88508,-0.039107,0.1259,-0.99127,-1.219,0.3,0.1056,0,0,0,0,43.086,4040.3,-78818,1.8878e+05,27001,-14.839,-6.1861,-0.052929,65.791
1.069,-0.0073693,0.1175,-0.99304,-1.2262,0.3,0.10581,0,0,0,0,45.562,4879.8,-1.6776e+05,1.9239e+05,20580,-10.489,-8.9082,-0.085326,41.883
0.86708,-0.039103,0.1259,-0.99127,-1.2178,0.3,0.10556,0,0,0,0,43.268,3958.1,-76101,1.9286e+05,27390,-15.301,-6.0335,-0.026081,66.566
1.0753,0.016058,0.10749,-0.99403,-1.2266,0.3,0.1058,0,0,0,0,46.2,4908.6,-1.8786e+05,1.8374e+05,18628,-9.7886,-9.4606,0.076214,39.977
0.86169,-0.039036,0.12588,-0.99128,-1.2173,0.3,0.10554,0,0,0,0,43.321,3933.5,-75380,1.9391e+05,27487,-15.419,-5.9917,-0.014,66.76
1.1119,0.015119,0.10401,-0.99441,-1.2274,0.3,0.10579,0,0,0,0,47.302,5075.7,-2.3831e+05,1.7845e+05,14571,-8.2059,-10.611,0.3366,32.788
0.8521,-0.03899,0.12586,-0.99128,-1.2165,0.3,0.10551,0,0,0,0,43.483,3889.7,-74246,1.9576e+05,27778,-15.633,-5.9297,0.0059378,67.122
1.1169,0.041545,0.095602,-0.99455,-1.2275,0.3,0.10579,0,0,0,0,47.496,5098.4,-2.4558e+05,1.7336e+05,13639,-7.8765,-10.821,0.42919,32.271
0.84118,-0.042478,0.12571,-0.99116,-1.2158,0.3,0.10548,0,0,0,0,43.643,3839.9,-72956,1.9801e+05,28084,-15.893,-5.862,0.019809,67.57
1.1106,0.055414,0.088318,-0.99452,-1.2288,0.3,0.10574,0,0,0,0,50.049,5069.7,-3.081e+05,1.0621e+05,4409.7,-4.6047,-12.919,1.0036,29.552
0.8189,-0.047503,0.12554,-0.99095,-1.2144,0.3,0.10542,0,0,0,0,44.065,3738.2,-70646,2.0122e+05,28911,-16.27,-5.7279,0.065727,68.187
1.051,0.10165,0.064545,-0.99255,-1.2295,0.3,0.10569,0,0,0,0,55.122,4797.8,-3.8147e+05,-3532.8,-11190,-0.69222,-16.176,3.2376,30.134
0.81089,-0.054046,0.12531,-0.99064,-1.2136,0.3,0.10537,0,0,0,0,44.284,3701.6,-69384,2.0223e+05,29139,-16.386,-5.6415,0.097747,68.342
0.71891,0.24829,-0.013132,-0.96666,-1.2302,0.3,0.10559,0,0,0,0,68.535,3281.7,-5.2143e+05,-2.8324e+05,-1.0005e+05,12.034,-27.512,13.406,37.805
0.80279,-0.054047,0.12531,-0.99064,-1.2128,0.3,0.10533,0,0,0,0,44.481,3664.6,-68284,2.0302e+05,29362,-16.475,-5.565,0.12868,68.453
-0.012078,0.43048,-0.11319,-0.89363,-1.231,0.3,0.10529,0,0,0,0,84.895,-55.137,-7.1382e+05,-6.605e+05,-2.492e+05,31.89,-49.202,39.572,53.242
0.79389,-0.054047,0.12531,-0.99064,-1.2113,0.3,0.10525,0,0,0,0,44.726,3624,-66577,2.0388e+05,29391,-16.566,-5.4377,0.17504,68.531
-0.91372,0.55984,-0.17707,-0.80905,-1.2313,0.3,0.1051,0,0,0,0,96.667,-4171,-8.8149e+05,-9.7944e+05,-3.8646e+05,50.087,-73.041,78.145,69.674
0.78327,-0.054046,0.12531,-0.99064,-1.2099,0.3,0.10517,0,0,0,0,44.953,3575.5,-64969,2.0489e+05,29450,-16.678,-5.3191,0.20718,68.656
0.77322,-0.052758,0.1245,-0.99082,-1.2084,0.3,0.10509,0,0,0,0,45.131,3529.7,-63709,2.0573e+05,29238,-16.768,-5.2231,0.22414,68.761
0.7648,-0.048013,0.12234,-0.99133,-1.2069,0.3,0.10501,0,0,0,0,45.249,3491.2,-62595,2.0681e+05,28521,-16.884,-5.1396,0.23094,68.928
0.75467,-0.043926,0.12046,-0.99175,-1.2054,0.3,0.10494,0,0,0,0,45.37,3445,-61412,2.0845e+05,27984,-17.075,-5.0598,0.23361,69.246
0.74184,-0.044135,0.1192,-0.99189,-1.2039,0.3,0.10488,0,0,0,0,45.552,3386.4,-60432,2.1023e+05,27912,-17.294,-5.0011,0.23972,69.632
0.72915,-0.047456,0.11634,-0.99207,-1.2024,0.3,0.10481,0,0,0,0,45.794,3328.5,-59623,2.116e+05,27631,-17.458,-4.9491,0.25734,69.919
0.7191,-0.052256,0.11212,-0.99232,-1.2009,0.3,0.10474,0,0,0,0,46.051,3282.6,-58504,2.1223e+05,27006,-17.51,-4.8593,0.28925,69.976
0.71336,-0.05525,0.10936,-0.99247,-1.1994,0.3,0.10465,0,0,0,0,46.245,3256.4,-56957,2.1211e+05,26477,-17.464,-4.7269,0.33262,69.82
0.71024,-0.055914,0.1087,-0.9925,-1.1979,0.3,0.10457,0,0,0,0,46.347,3242.2,-55372,2.117e+05,26244,-17.383,-4.5906,0.3737,69.597
0.70716,-0.055912,0.1087,-0.9925,-1.1964,0.3,0.10449,0,0,0,0,46.379,3228.1,-54014,2.1131e+05,26141,-17.312,-4.4737,0.40397,69.402
0.70366,-0.055911,0.1087,-0.9925,-1.195,0.3,0.1044,0,0,0,0,46.357,3212.1,-52883,2.1093e+05,26046,-17.243,-4.3747,0.42512,69.221
0.70073,-0.055397,0.10893,-0.9925,-1.1935,0.3,0.10432,0,0,0,0,46.282,3198.8,-51849,2.104e+05,25963,-17.16,-4.2817,0.43839,69.016
0.69881,-0.053617,0.10943,-0.99255,-1.1919,0.3,0.10423,0,0,0,0,46.134,3190,-50910,2.0993e+05,25873,-17.084,-4.1967,0.44317,68.832
0.69517,-0.051552,0.10984,-0.99261,-1.1905,0.3,0.10416,0,0,0,0,45.988,3173.4,-49998,2.0977e+05,25792,-17.05,-4.1172,0.43973,68.731
0.69171,-0.051553,0.10984,-0.99261,-1.1893,0.3,0.1041,0,0,0,0,45.87,3157.6,-49394,2.0966e+05,25758,-17.028,-4.0646,0.43632,68.667
0.69071,-0.05155,0.10984,-0.99261,-1.1889,0.3,0.10407,0,0,0,0,45.826,3153,-49251,2.0958e+05,25748,-17.016,-4.0517,0.43626,68.638
0.68922,-0.051551,0.10984,-0.99261,-1.188,0.3,0.10403,0,0,0,0,45.757,3146.2,-48999,2.094e+05,25723,-16.989,-4.0284,0.43646,68.578
0.68748,-0.051552,0.10984,-0.99261,-1.1874,0.3,0.104,0,0,0,0,45.705,3138.3,-48655,2.093e+05,25696,-16.971,-3.9981,0.4356,68.529
0.68578,-0.051551,0.10984,-0.99261,-1.1866,0.3,0.10396,0,0,0,0,45.621,3130.5,-48271,2.0907e+05,25661,-16.935,-3.9628,0.43451,68.444
0.68427,-0.051549,0.10984,-0.99261,-1.1859,0.3,0.10392,0,0,0,0,45.548,3123.6,-47979,2.0882e+05,25623,-16.897,-3.935,0.43374,68.358
0.68215,-0.051552,0.10984,-0.99261,-1.1844,0.3,0.10384,0,0,0,0,45.401,3113.9,-47568,2.0824e+05,25570,-16.814,-3.8929,0.42939,68.175
0.68042,-0.050858,0.10925,-0.99271,-1.1829,0.3,0.10376,0,0,0,0,45.212,3106.1,-47309,2.0733e+05,25324,-16.686,-3.8576,0.41574,67.908
0.68058,-0.045011,0.1068,-0.99326,-1.1814,0.3,0.10369,0,0,0,0,44.968,3106.8,-47150,2.0658e+05,24445,-16.574,-3.8295,0.40626,67.676
0.67874,-0.039542,0.1043,-0.99376,-1.1799,0.3,0.10363,0,0,0,0,44.748,3098.4,-46627,2.068e+05,23516,-16.586,-3.7821,0.39212,67.681
0.67205,-0.04019,0.10271,-0.9939,-1.1784,0.3,0.10357,0,0,0,0,44.65,3067.8,-45903,2.0731e+05,23237,-16.644,-3.7246,0.367,67.774
0.66663,-0.042998,0.10174,-0.99388,-1.177,0.3,0.10351,0,0,0,0,44.604,3043.1,-45142,2.0713e+05,23140,-16.611,-3.6591,0.35828,67.686
0.66518,-0.043842,0.1013,-0.99389,-1.1755,0.3,0.10344,0,0,0,0,44.521,3036.5,-44338,2.0643e+05,22995,-16.508,-3.5851,0.36034,67.457
0.66467,-0.043839,0.1013,-0.99389,-1.174,0.3,0.10338,0,0,0,0,44.408,3034.2,-43671,2.0568e+05,22901,-16.401,-3.5218,0.36052,67.22
0.6637,-0.043839,0.1013,-0.99389,-1.1725,0.3,0.10331,0,0,0,0,44.276,3029.7,-43122,2.05e+05,22814,-16.304,-3.4688,0.35868,67.005
0.66271,-0.043841,0.1013,-0.99389,-1.171,0.3,0.10324,0,0,0,0,44.129,3025.2,-42657,2.0429e+05,22733,-16.204,-3.4226,0.3559,66.789
0.662,-0.043842,0.1013,-0.99389,-1.1695,0.3,0.10318,0,0,0,0,43.964,3022,-42278,2.0351e+05,22660,-16.096,-3.3826,0.35175,66.555
0.6617,-0.043797,0.10125,-0.9939,-1.168,0.3,0.10311,0,0,0,0,43.776,3020.6,-42039,2.0257e+05,22576,-15.97,-3.3519,0.34288,66.286
0.6629,-0.04086,0.099873,-0.99416,-1.1665,0.3,0.10305,0,0,0,0,43.56,3026.1,-42026,2.0161e+05,22055,-15.838,-3.337,0.33341,66.013
0.66428,-0.034561,0.097054,-0.99468,-1.165,0.3,0.10299,0,0,0,0,43.342,3032.4,-41807,2.0122e+05,21093,-15.776,-3.309,0.31894,65.877
0.66183,-0.031279,0.095191,-0.99497,-1.1635,0.3,0.10294,0,0,0,0,43.188,3021.2,-41192,2.0152e+05,20549,-15.804,-3.2576,0.29214,65.914
0.65716,-0.032424,0.094472,-0.995,-1.162,0.3,0.10289,0,0,0,0,43.102,2999.9,-40538,2.0167e+05,20463,-15.816,-3.2051,0.26917,65.924
0.65465,-0.033637,0.093984,-0.99501,-1.1605,0.3,0.10284,0,0,0,0,43.021,2988.4,-39924,2.0131e+05,20379,-15.762,-3.1515,0.25925,65.798
0.65407,-0.033816,0.093837,-0.99501,-1.159,0.3,0.10279,0,0,0,0,42.916,2985.8,-39372,2.0073e+05,20293,-15.681,-3.1009,0.25417,65.615
0.65365,-0.033815,0.093837,-0.99501,-1.1575,0.3,0.10274,0,0,0,0,42.791,2983.8,-38890,2.0013e+05,20226,-15.599,-3.0559,0.24827,65.431
0.6533,-0.033815,0.093836,-0.99501,-1.156,0.3,0.10269,0,0,0,0,42.634,2982.2,-38495,1.995e+05,20165,-15.513,-3.0175,0.24232,65.243
0.6528,-0.033815,0.093836,-0.99501,-1.1545,0.3,0.10264,0,0,0,0,42.457,2980,-38157,1.9884e+05,20091,-15.424,-2.9832,0.23481,65.045
0.65266,-0.033815,0.093836,-0.99501,-1.1531,0.3,0.10259,0,0,0,0,42.286,2979.3,-37907,1.9817e+05,20028,-15.335,-2.9562,0.22949,64.85
0.65298,-0.033816,0.093837,-0.99501,-1.1519,0.3,0.10255,0,0,0,0,42.117,2980.8,-37720,1.9745e+05,19984,-15.239,-2.9334,0.22192,64.643
0.6533,-0.033815,0.093835,-0.99501,-1.1515,0.3,0.10254,0,0,0,0,42.056,2982.2,-37700,1.9716e+05,19976,-15.202,-2.9289,0.22177,64.565
0.65421,-0.033482,0.093504,-0.99506,-1.1506,0.3,0.10251,0,0,0,0,41.949,2986.4,-37727,1.9662e+05,19791,-15.132,-2.9245,0.2158,64.417
0.65445,-0.03345,0.093471,-0.99506,-1.15,0.3,0.10249,0,0,0,0,41.853,2987.5,-37699,1.9619e+05,19729,-15.075,-2.9173,0.21002,64.295
0.65593,-0.032334,0.093367,-0.99511,-1.1492,0.3,0.10246,0,0,0,0,41.702,2994.3,-37741,1.9562e+05,19369,-15,-2.9131,0.20468,64.136
0.65736,-0.023588,0.089678,-0.99569,-1.1484,0.3,0.10244,0,0,0,0,41.583,3000.8,-37722,1.9529e+05,18933,-14.954,-2.906,0.20113,64.037
0.65798,-0.021699,0.088575,-0.99583,-1.147,0.3,0.1024,0,0,0,0,41.406,3003.6,-37328,1.9527e+05,18292,-14.945,-2.8704,0.18486,64.005
0.65525,-0.021372,0.088022,-0.99589,-1.1455,0.3,0.10237,0,0,0,0,41.265,2991.1,-36697,1.9548e+05,18082,-14.964,-2.8202,0.15477,64.029
0.65257,-0.021586,0.087914,-0.99589,-1.144,0.3,0.10234,0,0,0,0,41.156,2978.9,-36166,1.9542e+05,18076,-14.95,-2.7777,0.13428,63.989
0.65122,-0.021749,0.087832,-0.9959,-1.1425,0.3,0.10231,0,0,0,0,41.046,2972.7,-35733,1.9504e+05,18026,-14.898,-2.7397,0.12083,63.87
0.65071,-0.021761,0.087818,-0.9959,-1.141,0.3,0.10227,0,0,0,0,40.923,2970.4,-35322,1.9453e+05,17963,-14.829,-2.7022,0.11131,63.712
0.65051,-0.021762,0.087817,-0.9959,-1.1395,0.3,0.10224,0,0,0,0,40.786,2969.5,-34906,1.9398e+05,17909,-14.755,-2.6643,0.10388,63.545
0.6503,-0.021762,0.087818,-0.9959,-1.138,0.3,0.10221,0,0,0,0,40.638,2968.5,-34566,1.934e+05,17855,-14.679,-2.6322,0.097646,63.373
0.65029,-0.021761,0.087818,-0.9959,-1.1365,0.3,0.10218,0,0,0,0,40.477,2968.5,-34304,1.9275e+05,17796,-14.594,-2.6054,0.092334,63.184
0.65068,-0.021763,0.087818,-0.9959,-1.135,0.3,0.10214,0,0,0,0,40.299,2970.3,-34064,1.92e+05,17731,-14.497,-2.5797,0.087378,62.97
0.65141,-0.021762,0.087818,-0.9959,-1.1335,0.3,0.10211,0,0,0,0,40.101,2973.6,-33856,1.9115e+05,17673,-14.388,-2.5555,0.081952,62.727
0.65259,-0.021685,0.087742,-0.99591,-1.132,0.3,0.10208,0,0,0,0,39.873,2979,-33724,1.9006e+05,17586,-14.25,-2.5343,0.07249,62.422
0.65519,-0.018591,0.086387,-0.99609,-1.1305,0.3,0.10204,0,0,0,0,39.621,2990.9,-33765,1.8892e+05,17108,-14.11,-2.5237,0.063475,62.111
0.65782,-0.012426,0.083759,-0.99641,-1.129,0.3,0.10202,0,0,0,0,39.382,3002.9,-33559,1.8838e+05,16278,-14.04,-2.4978,0.049541,61.947
0.65721,-0.0090362,0.082343,-0.99656,-1.1275,0.3,0.10201,0,0,0,0,39.195,3000.1,-32881,1.8841e+05,15853,-14.032,-2.4442,0.021645,61.914
0.6551,-0.0083647,0.082519,-0.99655,-1.126,0.3,0.10199,0,0,0,0,39.049,2990.5,-32207,1.8838e+05,15882,-14.021,-2.3933,-0.0053571,61.879
0.65383,-0.0076664,0.082935,-0.99653,-1.1245,0.3,0.10198,0,0,0,0,38.92,2984.7,-31746,1.8816e+05,15944,-13.99,-2.3559,-0.024756,61.803
0.65284,-0.0073821,0.083118,-0.99651,-1.123,0.3,0.10197,0,0,0,0,38.798,2980.2,-31413,1.8786e+05,15953,-13.949,-2.3269,-0.040651,61.708
0.65209,-0.007373,0.083128,-0.99651,-1.1216,0.3,0.10196,0,0,0,0,38.676,2976.7,-31109,1.8748e+05,15921,-13.899,-2.2997,-0.052809,61.591
0.65175,-0.0073733,0.083127,-0.99651,-1.1201,0.3,0.10195,0,0,0,0,38.546,2975.2,-30818,1.87e+05,15878,-13.836,-2.2731,-0.061911,61.449
0.65177,-0.0073723,0.083128,-0.99651,-1.1186,0.3,0.10194,0,0,0,0,38.407,2975.3,-30547,1.8644e+05,15830,-13.765,-2.2475,-0.069192,61.285
0.65208,-0.0073727,0.083128,-0.99651,-1.1171,0.3,0.10193,0,0,0,0,38.256,2976.7,-30298,1.8581e+05,15778,-13.685,-2.2232,-0.075402,61.103
0.65268,-0.0073732,0.083128,-0.99651,-1.1156,0.3,0.10192,0,0,0,0,38.09,2979.4,-30076,1.851e+05,15725,-13.596,-2.2002,-0.081047,60.9
0.65364,-0.0073718,0.083128,-0.99651,-1.1141,0.3,0.1019,0,0,0,0,37.907,2983.8,-29890,1.8428e+05,15675,-13.495,-2.179,-0.086699,60.668
0.65502,-0.007372,0.083127,-0.99651,-1.1126,0.3,0.10189,0,0,0,0,37.695,2990.1,-29770,1.8324e+05,15620,-13.368,-2.1602,-0.094914,60.377
0.65755,-0.0052502,0.081923,-0.99662,-1.1111,0.3,0.10188,0,0,0,0,37.454,3001.6,-29831,1.8202e+05,15230,-13.222,-2.1524,-0.1066,60.042
0.6611,0.0014786,0.079168,-0.99686,-1.1096,0.3,0.10188,0,0,0,0,37.218,3017.9,-29722,1.8131e+05,14389,-13.133,-2.135,-0.12098,59.832
0.66171,0.0065655,0.077344,-0.99698,-1.1081,0.3,0.10189,0,0,0,0,37.034,3020.7,-29093,1.8133e+05,13851,-13.126,-2.0867,-0.14872,59.803
0.65967,0.0077376,0.077507,-0.99696,-1.1066,0.3,0.1019,0,0,0,0,36.899,3011.3,-28353,1.8144e+05,13881,-13.131,-2.0338,-0.18134,59.802
0.65844,0.0092101,0.078432,-0.99688,-1.1051,0.3,0.10191,0,0,0,0,36.788,3005.7,-27876,1.8136e+05,14048,-13.118,-1.9982,-0.20523,59.769
0.65737,0.010126,0.079058,-0.99682,-1.1036,0.3,0.10193,0,0,0,0,36.694,3000.8,-27628,1.8125e+05,14151,-13.102,-1.9778,-0.22613,59.732
0.65623,0.01026,0.079192,-0.99681,-1.1021,0.3,0.10194,0,0,0,0,36.609,2995.6,-27440,1.8109e+05,14161,-13.079,-1.9614,-0.24297,59.678
0.65555,0.01026,0.079192,-0.99681,-1.1006,0.3,0.10196,0,0,0,0,36.523,2992.5,-27238,1.8079e+05,14137,-13.04,-1.9434,-0.25502,59.59
0.65537,0.01026,0.079192,-0.99681,-1.0991,0.3,0.10197,0,0,0,0,36.428,2991.7,-27033,1.8038e+05,14105,-12.989,-1.9248,-0.26407,59.471
0.65556,0.010261,0.079192,-0.99681,-1.0976,0.3,0.10199,0,0,0,0,36.321,2992.6,-26844,1.7989e+05,14069,-12.928,-1.9068,-0.27131,59.328
0.65607,0.010261,0.079193,-0.99681,-1.0961,0.3,0.102,0,0,0,0,36.2,2994.9,-26675,1.793e+05,14028,-12.856,-1.8898,-0.27734,59.161
0.65694,0.010261,0.079193,-0.99681,-1.0946,0.3,0.10202,0,0,0,0,36.06,2998.9,-26533,1.7861e+05,13987,-12.773,-1.874,-0.28247,58.965
0.65827,0.01026,0.079192,-0.99681,-1.0931,0.3,0.10203,0,0,0,0,35.897,3004.9,-26428,1.7779e+05,13950,-12.673,-1.8599,-0.28745,58.731
0.66013,0.010329,0.079122,-0.99681,-1.0916,0.3,0.10205,0,0,0,0,35.695,3013.4,-26414,1.7662e+05,13880,-12.535,-1.849,-0.29611,58.405
0.66381,0.014706,0.077329,-0.9969,-1.0901,0.3,0.10206,0,0,0,0,35.464,3030.2,-26590,1.7542e+05,13326,-12.394,-1.8511,-0.304,58.074
0.66747,0.023412,0.073774,-0.997,-1.0886,0.3,0.10209,0,0,0,0,35.262,3046.9,-26399,1.7505e+05,12344,-12.347,-1.833,-0.32365,57.954
0.66685,0.028205,0.07195,-0.99701,-1.0871,0.3,0.10213,0,0,0,0,35.13,3044.1,-25613,1.7543e+05,11892,-12.38,-1.7782,-0.36375,58.019
0.66438,0.029739,0.072658,-0.99691,-1.0856,0.3,0.10218,0,0,0,0,35.048,3032.8,-24872,1.7577e+05,12061,-12.414,-1.7271,-0.40114,58.09
0.66291,0.031761,0.074006,-0.99675,-1.0841,0.3,0.10222,0,0,0,0,34.994,3026.1,-24482,1.7594e+05,12322,-12.432,-1.6991,-0.43067,58.131
0.66131,0.032756,0.074777,-0.99666,-1.0826,0.3,0.10227,0,0,0,0,34.959,3018.8,-24362,1.7606e+05,12465,-12.444,-1.6889,-0.45806,58.163
0.65991,0.032881,0.074904,-0.99665,-1.0811,0.3,0.10232,0,0,0,0,34.932,3012.4,-24264,1.7605e+05,12492,-12.439,-1.6796,-0.47856,58.155
0.6592,0.03288,0.074904,-0.99665,-1.0797,0.3,0.10237,0,0,0,0,34.902,3009.2,-24088,1.759e+05,12495,-12.42,-1.6647,-0.49204,58.11
0.65869,0.03288,0.074903,-0.99665,-1.0782,0.3,0.10242,0,0,0,0,34.86,3006.8,-23898,1.7562e+05,12477,-12.385,-1.6483,-0.50379,58.029
0.65866,0.032879,0.074903,-0.99665,-1.0767,0.3,0.10247,0,0,0,0,34.806,3006.7,-23752,1.7523e+05,12444,-12.336,-1.6346,-0.51175,57.913
0.65898,0.032881,0.074903,-0.99665,-1.076,0.3,0.10249,0,0,0,0,34.768,3008.2,-23678,1.7494e+05,12432,-12.303,-1.6271,-0.51374,57.833
0.65934,0.032881,0.074903,-0.99665,-1.0752,0.3,0.10252,0,0,0,0,34.724,3009.8,-23577,1.7462e+05,12409,-12.264,-1.6179,-0.51628,57.741
0.65987,0.03288,0.074901,-0.99665,-1.0746,0.3,0.10254,0,0,0,0,34.682,3012.2,-23479,1.7432e+05,12399,-12.228,-1.609,-0.51773,57.656
0.66024,0.032879,0.0749,-0.99665,-1.0737,0.3,0.10257,0,0,0,0,34.628,3013.9,-23468,1.7397e+05,12375,-12.187,-1.6056,-0.52047,57.556
0.66066,0.032875,0.074895,-0.99665,-1.0732,0.3,0.10258,0,0,0,0,34.595,3015.8,-23440,1.7373e+05,12357,-12.157,-1.602,-0.51984,57.486
0.6621,0.032883,0.074903,-0.99665,-1.0721,0.3,0.10262,0,0,0,0,34.464,3022.4,-23445,1.729e+05,12319,-12.061,-1.5964,-0.52447,57.252
0.6647,0.032883,0.074901,-0.99665,-1.0706,0.3,0.10267,0,0,0,0,34.269,3034.3,-23387,1.7149e+05,12268,-11.897,-1.582,-0.53187,56.855
0.67,0.03992,0.072304,-0.99658,-1.0691,0.3,0.10272,0,0,0,0,34.03,3058.5,-23694,1.7013e+05,11510,-11.741,-1.5943,-0.54108,56.478
0.67449,0.052214,0.067251,-0.99637,-1.0676,0.3,0.10279,0,0,0,0,33.846,3079,-23447,1.7005e+05,10235,-11.727,-1.5763,-0.57017,56.435
0.67285,0.0583,0.064908,-0.99619,-1.0661,0.3,0.10288,0,0,0,0,33.761,3071.5,-22409,1.7098e+05,9745.6,-11.82,-1.5085,-0.62694,56.648
0.66898,0.060217,0.065938,-0.996,-1.0646,0.3,0.10296,0,0,0,0,33.744,3053.8,-21525,1.7185e+05,10045,-11.911,-1.4507,-0.67934,56.865
0.66644,0.062552,0.067508,-0.99576,-1.0631,0.3,0.10306,0,0,0,0,33.767,3042.2,-21122,1.7248e+05,10400,-11.982,-1.4234,-0.72033,57.036
0.6639,0.063604,0.068273,-0.99564,-1.0616,0.3,0.10315,0,0,0,0,33.817,3030.7,-21008,1.7306e+05,10580,-12.045,-1.4155,-0.75724,57.194
0.66141,0.063692,0.068362,-0.99563,-1.0601,0.3,0.10325,0,0,0,0,33.875,3019.3,-20918,1.7347e+05,10622,-12.089,-1.4092,-0.78651,57.303
0.65959,0.063692,0.068362,-0.99563,-1.0586,0.3,0.10334,0,0,0,0,33.928,3010.9,-20790,1.7365e+05,10634,-12.107,-1.3997,-0.80756,57.348
0.65839,0.063692,0.068361,-0.99563,-1.0571,0.3,0.10344,0,0,0,0,33.966,3005.5,-20665,1.7365e+05,10640,-12.105,-1.3897,-0.82322,57.344
0.65768,0.063692,0.068361,-0.99563,-1.0557,0.3,0.10353,0,0,0,0,33.985,3002.2,-20565,1.735e+05,10637,-12.087,-1.3809,-0.83541,57.301
0.65745,0.063692,0.06836,-0.99563,-1.0542,0.3,0.10363,0,0,0,0,33.979,3001.2,-20495,1.7322e+05,10627,-12.052,-1.3736,-0.84516,57.219
0.65775,0.063692,0.06836,-0.99563,-1.0527,0.3,0.10372,0,0,0,0,33.943,3002.6,-20478,1.7275e+05,10609,-11.996,-1.3691,-0.85322,57.085
0.65886,0.063692,0.068361,-0.99563,-1.0512,0.3,0.10382,0,0,0,0,33.867,3007.6,-20511,1.7197e+05,10596,-11.904,-1.3657,-0.85943,56.861
0.66101,0.064376,0.067679,-0.99563,-1.0498,0.3,0.10391,0,0,0,0,33.729,3017.5,-20702,1.7064e+05,10410,-11.748,-1.3697,-0.86436,56.484
0.66353,0.07046,0.066224,-0.9953,-1.0491,0.3,0.10396,0,0,0,0,33.65,3028.9,-20826,1.7011e+05,9907.5,-11.687,-1.3754,-0.86405,56.335
0.66793,0.074413,0.063354,-0.9952,-1.0481,0.3,0.10402,0,0,0,0,33.549,3049,-20873,1.6967e+05,9333.3,-11.639,-1.3788,-0.85205,56.207
0.66885,0.082709,0.063618,-0.99454,-1.0478,0.3,0.10404,0,0,0,0,33.519,3053.2,-20901,1.6944e+05,9215.7,-11.613,-1.3799,-0.85154,56.143
0.67153,0.088294,0.060353,-0.99426,-1.0466,0.3,0.10415,0,0,0,0,33.442,3065.5,-20386,1.6978e+05,8394.3,-11.648,-1.3491,-0.89503,56.224
0.66816,0.093837,0.058585,-0.99386,-1.0451,0.3,0.10429,0,0,0,0,33.456,3050.1,-19472,1.7118e+05,8183.4,-11.797,-1.2916,-0.98256,56.587
0.66265,0.095245,0.058712,-0.99372,-1.0436,0.3,0.10443,0,0,0,0,33.541,3024.9,-18955,1.7252e+05,8358.9,-11.939,-1.2588,-1.0528,56.942
0.65853,0.095245,0.058712,-0.99372,-1.0421,0.3,0.10457,0,0,0,0,33.638,3006.1,-18665,1.7319e+05,8475.4,-12.009,-1.2385,-1.1019,57.115
0.65651,0.095247,0.058712,-0.99372,-1.0407,0.3,0.10471,0,0,0,0,33.702,2996.9,-18518,1.7314e+05,8547.9,-11.997,-1.2247,-1.1375,57.087
0.65689,0.098321,0.05697,-0.99352,-1.0392,0.3,0.10485,0,0,0,0,33.709,2998.6,-18665,1.725e+05,8134.7,-11.919,-1.2311,-1.1706,56.903
0.6593,0.10869,0.053036,-0.99266,-1.0377,0.3,0.105,0,0,0,0,33.708,3009.6,-18551,1.7236e+05,7151.1,-11.899,-1.2248,-1.2066,56.853
0.65871,0.11924,0.050513,-0.99158,-1.0362,0.3,0.10517,0,0,0,0,33.777,3007,-17775,1.7353e+05,6584.6,-12.024,-1.1774,-1.2738,57.151
0.65236,0.12273,0.050264,-0.99117,-1.0349,0.3,0.10534,0,0,0,0,33.986,2977.9,-16888,1.7564e+05,6733.6,-12.255,-1.1219,-1.3663,57.71
0.64432,0.12319,0.050451,-0.9911,-1.0328,0.3,0.1056,0,0,0,0,34.246,2941.3,-16350,1.7726e+05,6983.5,-12.433,-1.087,-1.4414,58.139
0.6398,0.12319,0.050454,-0.9911,-1.0315,0.3,0.10576,0,0,0,0,34.433,2920.6,-16075,1.776e+05,7120.7,-12.465,-1.0658,-1.4895,58.215
0.63908,0.12513,0.049054,-0.99093,-1.0301,0.3,0.10594,0,0,0,0,34.549,2917.4,-16061,1.7706e+05,6854.5,-12.394,-1.0617,-1.5266,58.047
0.64192,0.13778,0.044616,-0.98945,-1.0287,0.3,0.10612,0,0,0,0,34.64,2930.3,-16041,1.7694e+05,5754.7,-12.38,-1.0653,-1.5539,58.007
0.64075,0.15302,0.040008,-0.98741,-1.0272,0.3,0.10634,0,0,0,0,34.841,2925,-15126,1.7904e+05,4766.7,-12.62,-1.0151,-1.6462,58.567
0.6308,0.15834,0.038563,-0.98663,-1.0257,0.3,0.10657,0,0,0,0,35.18,2879.6,-13920,1.8235e+05,4745.9,-12.991,-0.94028,-1.8012,59.451
0.61848,0.15912,0.038681,-0.9865,-1.0244,0.3,0.10679,0,0,0,0,35.718,2823.3,-13104,1.8554e+05,5125.8,-13.355,-0.88608,-1.931,60.302
0.60788,0.15913,0.038679,-0.9865,-1.0223,0.3,0.10713,0,0,0,0,36.26,2774.9,-12659,1.873e+05,5420.7,-13.553,-0.85238,-2.0307,60.754
0.60329,0.16354,0.035861,-0.98588,-1.021,0.3,0.10734,0,0,0,0,36.585,2754,-12699,1.8712e+05,4855.9,-13.516,-0.85691,-2.1048,60.674
0.60511,0.18234,0.028944,-0.9828,-1.0196,0.3,0.10757,0,0,0,0,36.869,2762.3,-12410,1.877e+05,3169.4,-13.591,-0.85049,-2.1527,60.829
0.59904,0.2016,0.023113,-0.97919,-1.0182,0.3,0.10785,0,0,0,0,37.276,2734.6,-10846,1.9136e+05,1964,-14.034,-0.75758,-2.3136,61.823
0.57769,0.2066,0.021514,-0.97819,-1.0169,0.3,0.10813,0,0,0,0,38.184,2637.1,-8503.2,1.9832e+05,2253.1,-14.86,-0.5978,-2.6276,63.677
0.55211,0.20685,0.021569,-0.97814,-1.0148,0.3,0.10858,0,0,0,0,39.28,2520.3,-6824.2,2.0425e+05,2995.5,-15.573,-0.47038,-2.8923,65.238
0.53367,0.20788,0.020586,-0.97794,-1.0135,0.3,0.10885,0,0,0,0,40.121,2436.2,-6072,2.0621e+05,3182.6,-15.791,-0.4075,-3.0577,65.712
0.52907,0.22594,0.013602,-0.97402,-1.0122,0.3,0.10913,0,0,0,0,40.786,2415.2,-5640.6,2.0697e+05,1531.2,-15.9,-0.39346,-3.1163,65.909
0.51774,0.25688,0.0022051,-0.96642,-1.0109,0.3,0.10945,0,0,0,0,41.862,2363.4,-2637.4,2.1415e+05,-653.04,-16.857,-0.19217,-3.4533,67.853
0.46989,0.27174,-0.0035583,-0.96237,-1.0088,0.3,0.11005,0,0,0,0,43.439,2145,2097.3,2.2687e+05,-765.5,-18.474,0.179,-4.1355,71.118
0.40969,0.27261,-0.0039343,-0.96212,-1.0075,0.3,0.11042,0,0,0,0,45.212,1870.2,5511.4,2.3843e+05,328.94,-19.832,0.48061,-4.7154,73.361
0.36718,0.2738,-0.0049957,-0.96177,-1.0062,0.3,0.11079,0,0,0,0,47.27,1676.1,8244.7,2.5123e+05,1074.5,-20.848,0.72247,-5.1552,73.403
0.33822,0.29868,-0.013013,-0.95425,-1.0049,0.3,0.11114,0,0,0,0,50.481,1543.9,12314,2.8371e+05,-175.21,-22.27,0.98316,-5.6867,68.922
0.26618,0.32532,-0.021482,-0.94535,-1.0029,0.3,0.11183,0,0,0,0,55.022,1215.1,23844,3.6951e+05,-2227.9,-25.18,1.5846,-6.977,59.042
0.20685,0.34744,-0.045049,-0.93656,-1.0022,0.3,0.11211,0,0,0,0,59.002,944.24,33498,4.6345e+05,-6367.6,-28.086,1.92,-8.3567,51.588
0.17531,0.34865,-0.046228,-0.93607,-1.0018,0.3,0.11224,0,0,0,0,61.146,800.29,39140,5.0769e+05,-7902,-29.584,2.1517,-9.0547,48.417
0.1311,0.35722,-0.050601,-0.9326,-1.0014,0.3,0.1124,0,0,0,0,63.355,598.45,45415,5.4206e+05,-9120.9,-31.199,2.4448,-9.8464,47.77
0.07157,0.36887,-0.075978,-0.92636,-1.0007,0.3,0.11267,0,0,0,0,68.236,326.71,55664,6.066e+05,-12746,-34.248,2.8935,-11.281,46.625
-0.11028,0.392,-0.05401,-0.91838,-1.0002,0.3,0.11289,0,0,0,0,75.568,-503.44,86888,7.2811e+05,-7819.8,-39.569,4.537,-14.07,45.171
-0.31855,0.39217,-0.053939,-0.91831,-0.99953,0.3,0.11317,0,0,0,0,76.034,-1454.1,1.0638e+05,7.7284e+05,672.07,-45.813,6.3722,-17.7,51.094
-0.51852,0.393,-0.053781,-0.91797,-0.99838,0.3,0.11366,0,0,0,0,61.86,-2367,84656,5.7843e+05,5064.5,-47.179,7.1541,-16.747,111.33
-0.8977,-0.99805,0.062378,8.5052e-07,-0.07875,0.3,0.26413,0,0,0,0,0.068908,-4097.9,-63215,-1.0057e+06,1.0328e+05,-10.21,-1.3065,-18.95,2.6111
-0.59829,-0.99805,0.062378,-9.8369e-07,-0.07875,0.3,0.26498,0,0,0,0,0.12641,-2731.1,-22901,-2.5633e+05,2.4574e+05,-3.7833,-4.2914,-4.8412,2.4658
-0.31527,-0.99805,0.062378,-1.2938e-06,-0.07875,0.3,0.26573,0,0,0,0,0.17284,-1439.2,-21602,-3.3235e+05,4.1985e+05,2.1016,-7.8571,-6.1067,2.812
-0.61411,-0.99805,0.062378,8.5674e-07,-0.07875,0.3,0.26644,0,0,0,0,0.1136,-2803.3,-23193,-5.0745e+05,3.3361e+05,-4.7896,-5.77,-9.1907,2.4896
-0.88824,-0.99805,0.062378,1.591e-06,-0.07875,0.3,0.26713,0,0,0,0,0.065473,-4054.7,11956,1.0409e+05,2.092e+05,-10.912,-2.9946,2.3936,1.7112
0.2309,0.9005,-0.062842,-0.43024,-0.17573,0.3,0.23323,0,0,0,0,4.1779,1054.1,-52188,3.5396e+06,-6.0884e+05,-34.553,-11.002,-61.28,7.7453
0.51655,0.93216,-0.056461,-0.35754,-0.17597,0.3,0.23272,0,0,0,0,3.1809,2358,-13543,3.1907e+06,-5.7985e+05,-21.472,-10.383,-57.156,6.477
0.17636,0.81777,-0.069754,-0.5706,-0.17568,0.3,0.23332,0,0,0,0,4.5139,805.07,-76553,3.6101e+06,-6.1141e+05,-37.771,-11.295,-61.787,8.0927
0.78998,0.97832,-0.041404,-0.20273,-0.17616,0.3,0.23208,0,0,0,0,3.182,3606.2,-5088,2.473e+06,-5.4076e+05,-10.981,-9.9035,-45.199,5.5971
-0.10014,0.76697,-0.073066,-0.63602,-0.17507,0.3,0.23411,0,0,0,0,5.7981,-457.14,-94683,3.5607e+06,-5.6317e+05,-46.772,-10.672,-59.158,9.7979
0.90255,0.99206,-0.032717,-0.12109,-0.17625,0.3,0.23136,0,0,0,0,3.0858,4120,-7776.4,1.9818e+06,-5.1993e+05,-5.9033,-9.6106,-36.423,5.0108
-0.28627,0.74242,-0.080344,-0.66509,-0.17463,0.3,0.23468,0,0,0,0,6.6368,-1306.8,-1.2313e+05,3.4987e+06,-5.1547e+05,-52.636,-10.397,-57.135,10.993
-0.42538,0.69567,-0.07828,-0.70902,-0.17427,0.3,0.23498,0,0,0,0,6.5559,-1941.8,-1.0963e+05,3.3062e+06,-4.7671e+05,-52.608,-9.5927,-53.499,11.521
-0.70173,0.55843,-0.08733,-0.82257,-0.17321,0.3,0.23583,0,0,0,0,7.2798,-3203.3,-1.1818e+05,2.9391e+06,-3.9177e+05,-56.244,-8.4012,-45.289,13.507
-0.75485,0.53305,-0.097529,-0.8402,-0.17296,0.3,0.236,0,0,0,0,7.6235,-3445.8,-1.1483e+05,2.7669e+06,-3.619e+05,-55.087,-7.8776,-41.653,13.914
-0.76202,0.50011,-0.093855,-0.86056,-0.17264,0.3,0.2362,0,0,0,0,7.9953,-3478.6,-1.0667e+05,2.7873e+06,-3.627e+05,-57.459,-7.6676,-41.121,14.349
-0.80836,0.48291,-0.093668,-0.86877,-0.17227,0.3,0.23637,0,0,0,0,8.4239,-3690.1,-1.0734e+05,2.6766e+06,-3.3624e+05,-57.377,-7.3297,-38.907,15.181
-1.0762,0.29458,-0.089147,-0.95146,-0.17062,0.3,0.23724,0,0,0,0,8.3711,-4912.8,-92717,2.1133e+06,-2.7254e+05,-53.416,-6.1389,-29.315,17.633
-1.2365,0.29458,-0.089147,-0.95146,-0.16606,0.3,0.23864,0,0,0,0,9.0663,-5644.4,-63054,1.5361e+06,-1.802e+05,-46.637,-4.006,-17.369,21.356
-1.2389,0.17028,-0.10414,-0.97982,-0.16597,0.3,0.23866,0,0,0,0,8.9634,-5655.3,-60441,1.5269e+06,-1.839e+05,-46.64,-3.9551,-17.019,21.461
-1.2399,0.16622,-0.10328,-0.98066,-0.16583,0.3,0.23869,0,0,0,0,8.8933,-5660,-62359,1.5076e+06,-1.8264e+05,-46.211,-4.0048,-16.719,21.53
-1.2386,0.16116,-0.10247,-0.98144,-0.16547,0.3,0.23872,0,0,0,0,11.135,-5654,-61394,1.4845e+06,-1.7843e+05,-46.003,-3.9257,-16.142,21.947
-1.2397,0.12391,-0.10386,-0.98682,-0.16109,0.3,0.23928,0,0,0,0,49.761,-5658.9,-54461,1.1695e+06,-1.2235e+05,-45.12,-2.7305,-6.2863,27.474
-1.2717,-0.07919,-0.10155,-0.99166,-0.15559,0.3,0.23912,0,0,0,0,96.406,-5805.3,-40190,9.2413e+05,-90729,-42.79,-1.8749,-0.37508,34.042
-1.1737,-0.13845,-0.099833,-0.98533,-0.14999,0.3,0.23842,0,0,0,0,98.068,-5357.6,-30295,7.5528e+05,-71591,-36.801,-1.2077,2.9077,36.419
-1.008,-0.15097,-0.099475,-0.98352,-0.14445,0.3,0.23756,0,0,0,0,87.956,-4601.6,-29958,6.6332e+05,-62630,-30.604,-1.0208,3.7832,34.097
-0.85477,-0.12437,-0.099348,-0.98725,-0.13967,0.3,0.23684,0,0,0,0,75.951,-3901.9,-36487,6.5932e+05,-63459,-25.646,-1.0743,3.3429,27.174
-0.66587,-0.11003,-0.10041,-0.98883,-0.13198,0.3,0.23597,0,0,0,0,69.929,-3039.6,-44257,7.6957e+05,-76686,-23.803,-1.1191,2.5059,19.796
-0.65209,-0.10953,-0.10038,-0.98889,-0.1315,0.3,0.23591,0,0,0,0,69.316,-2976.7,-44643,7.7692e+05,-77555,-23.598,-1.1146,2.4368,19.161
-0.64435,-0.10731,-0.10013,-0.98917,-0.13116,0.3,0.23587,0,0,0,0,69.046,-2941.4,-45174,7.8144e+05,-77883,-23.495,-1.1208,2.408,18.829
-0.63822,-0.10679,-0.099638,-0.98927,-0.13102,0.3,0.23586,0,0,0,0,68.939,-2913.4,-46155,7.8441e+05,-77898,-23.453,-1.144,2.3931,18.671
-0.63192,-0.072351,-0.10263,-0.99209,-0.13094,0.3,0.23585,0,0,0,0,69.036,-2884.7,-46060,7.8778e+05,-78886,-23.514,-1.1376,2.3717,18.62
-0.47797,-0.06496,-0.10248,-0.99261,-0.12852,0.3,0.23567,0,0,0,0,70.984,-2181.9,-53254,9.3222e+05,-94581,-24.789,-1.2159,1.9728,15.244
-0.4674,-0.056177,-0.10229,-0.99317,-0.12601,0.3,0.23553,0,0,0,0,46.827,-2133.7,-65373,1.0757e+06,-1.0697e+05,-26.07,-1.3923,1.8903,12.95
-0.44683,-0.052102,-0.10236,-0.99338,-0.12424,0.3,0.23543,0,0,0,0,21.754,-2039.7,-78583,1.2044e+06,-1.2067e+05,-26.567,-1.5774,1.5444,10.513
-0.43529,-0.028826,-0.10358,-0.9942,-0.12361,0.3,0.2354,0,0,0,0,13.828,-1987.1,-84272,1.2609e+06,-1.2923e+05,-26.894,-1.6546,1.3657,9.5246
-0.39452,-0.022528,-0.10321,-0.9944,-0.12115,0.3,0.23533,0,0,0,0,6.8091,-1801,-90829,1.3535e+06,-1.4137e+05,-27.09,-1.7288,0.84516,7.693
-0.40609,-0.017595,-0.1033,-0.9945,-0.11981,0.3,0.23531,0,0,0,0,4.7536,-1853.8,-95012,1.4485e+06,-1.5059e+05,-28,-1.772,0.62679,6.391
-0.40864,-0.017592,-0.1033,-0.9945,-0.11938,0.3,0.2353,0,0,0,0,4.2904,-1865.4,-98158,1.4936e+06,-1.5589e+05,-28.598,-1.8192,0.5735,5.9167
-0.41419,-0.017595,-0.1033,-0.9945,-0.11858,0.3,0.23528,0,0,0,0,3.3614,-1890.7,-1.0208e+05,1.5805e+06,-1.6565e+05,-29.769,-1.8789,0.41397,5.0473
-0.41121,-0.017597,-0.1033,-0.99449,-0.11845,0.3,0.23528,0,0,0,0,3.3413,-1877.1,-1.0611e+05,1.611e+06,-1.6939e+05,-30.3,-1.9505,0.42294,4.9423
-0.41086,-0.014547,-0.10332,-0.99454,-0.11765,0.3,0.23527,0,0,0,0,2.7749,-1875.5,-1.0521e+05,1.7096e+06,-1.8188e+05,-31.916,-1.9407,0.2005,4.348
-0.42882,-0.012537,-0.10334,-0.99457,-0.11693,0.3,0.23526,0,0,0,0,1.6951,-1957.5,-1.2501e+05,1.9476e+06,-2.099e+05,-36.259,-2.1975,1.1152,3.9376
-0.43901,-0.012537,-0.10334,-0.99457,-0.11625,0.3,0.23525,0,0,0,0,0.91352,-2004,-1.4816e+05,2.1389e+06,-2.3214e+05,-39.781,-2.5083,2.1467,3.6956
-1.557,-0.84421,0.36557,-0.39201,-0.99833,0.3,0.11356,0,0,0,0,46.695,-7107.4,-1.0335e+05,-1.398e+05,1.1205e+05,-20.011,1.313,-12.221,109.43
-1.3273,-0.84416,0.36608,-0.39164,-0.99838,0.3,0.11366,0,0,0,0,39.146,-6058.9,-15943,51057,94631,-55.789,11.314,-18.252,259.78
-1.5032,-0.84424,0.36538,-0.39212,-0.99809,0.3,0.11304,0,0,0,0,46.511,-6862.1,-1.8587e+05,-2.7129e+05,1.5033e+05,2.4159,-6.7945,-9.1372,22.378
-1.3078,-0.84432,0.36621,-0.39117,-0.9978,0.3,0.11241,0,0,0,0,41.96,-5970,-1.6917e+05,-1.6972e+05,2.0197e+05,1.6523,-8.1618,-5.3863,19.409
-1.4464,-0.84436,0.3667,-0.39063,-0.99753,0.3,0.11184,0,0,0,0,46.043,-6602.8,-1.4168e+05,-57895,2.0435e+05,-4.8873,-5.4455,-5.4659,20.231
-1.4984,-0.84469,0.36697,-0.38965,-0.99741,0.3,0.11158,0,0,0,0,47.972,-6839.9,-1.346e+05,-15922,2.1674e+05,-7.9283,-4.5792,-5.5124,20.426
-1.7133,-0.84759,0.36759,-0.38271,-0.99713,0.3,0.11095,0,0,0,0,55.554,-7820.8,-1.5978e+05,-68253,1.9267e+05,-13.378,-1.4115,-11.882,21.634
-0.31567,-0.023414,0.10406,0.9943,-0.1169,0.3,0.23223,0,0,0,0,1.6325,-1441,2.7085e+05,-2.29e+06,2.4043e+05,-42.742,-5.1918,-1.3153,4.2542
-0.33337,-0.02341,0.10406,0.9943,-0.11625,0.3,0.23225,0,0,0,0,1.0988,-1521.8,2.8177e+05,-2.641e+06,2.7987e+05,-49.272,-5.5582,-2.8695,4.1123
-0.26635,-0.023127,0.10406,0.9943,-0.11762,0.3,0.23222,0,0,0,0,2.3252,-1215.9,2.6115e+05,-1.8694e+06,1.9358e+05,-34.965,-4.8566,0.24773,4.5566
-0.22283,-0.022835,0.10406,0.99431,-0.11844,0.3,0.2322,0,0,0,0,2.6467,-1017.2,2.5312e+05,-1.6718e+06,1.7309e+05,-31.46,-4.7496,0.12585,5.0378
-0.21963,-0.022368,0.10406,0.99432,-0.11857,0.3,0.2322,0,0,0,0,2.6756,-1002.6,2.4957e+05,-1.6377e+06,1.6971e+05,-30.865,-4.6925,0.097394,5.1357
-0.19663,-0.022367,0.10406,0.99432,-0.11898,0.3,0.23219,0,0,0,0,3.0115,-897.59,2.4323e+05,-1.5312e+06,1.5877e+05,-28.99,-4.6156,-0.079131,5.4376
-0.15345,-0.022375,0.10405,0.99432,-0.11982,0.3,0.23217,0,0,0,0,3.6605,-700.46,2.2872e+05,-1.3334e+06,1.3794e+05,-25.596,-4.4247,-0.34933,6.1179
-0.10014,-0.03536,0.1054,0.9938,-0.12122,0.3,0.23214,0,0,0,0,4.7899,-457.14,2.2494e+05,-1.1411e+06,1.318e+05,-22.425,-4.5346,-0.96183,7.0611
-0.099578,-0.067495,0.10678,0.99198,-0.12196,0.3,0.23209,0,0,0,0,5.1101,-454.57,2.1883e+05,-1.1098e+06,1.3101e+05,-22.022,-4.4676,-1.0383,7.4376
-0.095482,-0.073046,0.10619,0.99166,-0.12314,0.3,0.23201,0,0,0,0,5.867,-435.87,2.1131e+05,-1.01e+06,1.285e+05,-20.509,-4.4534,-1.2825,8.2307
-0.093029,-0.074348,0.10557,0.99163,-0.12376,0.3,0.23196,0,0,0,0,6.5221,-424.67,1.9554e+05,-9.3789e+05,1.1644e+05,-19.48,-4.2206,-1.2788,8.9363
-0.092389,-0.074861,0.10527,0.99162,-0.12394,0.3,0.23194,0,0,0,0,6.7382,-421.75,1.9269e+05,-9.236e+05,1.1424e+05,-19.278,-4.182,-1.2827,9.0881
-0.092382,-0.075184,0.10564,0.99155,-0.12397,0.3,0.23194,0,0,0,0,6.7469,-421.71,1.9248e+05,-9.2211e+05,1.1442e+05,-19.25,-4.179,-1.2824,9.0932
-0.089525,-0.070652,0.10285,0.99218,-0.12461,0.3,0.2319,0,0,0,0,7.3533,-408.67,1.7677e+05,-8.5694e+05,1.0461e+05,-18.347,-3.9493,-1.314,9.7959
-0.089417,-0.070884,0.10292,0.99216,-0.12463,0.3,0.23189,0,0,0,0,7.3889,-408.18,1.7657e+05,-8.5565e+05,1.0449e+05,-18.328,-3.9473,-1.3162,9.8105
-0.086262,-0.083303,0.10733,0.9907,-0.1253,0.3,0.23185,0,0,0,0,8.7246,-393.78,1.7657e+05,-8.3251e+05,1.0583e+05,-17.952,-3.993,-1.3939,10.082
-0.084076,-0.086087,0.10792,0.99041,-0.12569,0.3,0.23182,0,0,0,0,9.3545,-383.8,1.6932e+05,-7.98e+05,1.0179e+05,-17.502,-3.9066,-1.429,10.518
-0.081858,-0.085695,0.1079,0.99044,-0.12605,0.3,0.23179,0,0,0,0,9.8484,-373.67,1.6409e+05,-7.7084e+05,98561,-17.135,-3.8454,-1.474,10.84
-0.074211,-0.13293,0.10909,0.9851,-0.12886,0.3,0.23147,0,0,0,0,14.981,-338.76,1.4504e+05,-6.373e+05,87962,-14.984,-3.649,-1.7385,12.172
-0.079364,-0.13756,0.11027,0.98424,-0.12943,0.3,0.2314,0,0,0,0,16.319,-362.29,1.4308e+05,-6.2486e+05,87312,-14.779,-3.6312,-1.7705,12.356
-0.11753,-0.15972,0.10122,0.98189,-0.13239,0.3,0.23101,0,0,0,0,25.091,-536.5,1.261e+05,-5.4559e+05,76968,-13.383,-3.3738,-1.997,13.343
-0.14193,-0.16813,0.09555,0.98104,-0.13318,0.3,0.23088,0,0,0,0,29.399,-647.89,1.1933e+05,-5.1373e+05,73769,-12.86,-3.2804,-2.0463,13.855
-0.17139,-0.17724,0.10254,0.97865,-0.13429,0.3,0.23067,0,0,0,0,35.152,-782.4,1.1183e+05,-4.7767e+05,69658,-12.338,-3.2019,-2.1637,14.602
-0.19268,-0.18489,0.10626,0.97687,-0.13514,0.3,0.23052,0,0,0,0,39.436,-879.58,1.0616e+05,-4.5366e+05,67242,-12.016,-3.1474,-2.2788,15.171
-0.19844,-0.18909,0.10573,0.97624,-0.13535,0.3,0.23049,0,0,0,0,40.295,-905.86,1.0469e+05,-4.4666e+05,66917,-11.903,-3.1301,-2.293,15.287
-0.22867,-0.20667,0.10763,0.9723,-0.13688,0.3,0.23016,0,0,0,0,42.514,-1043.9,98469,-4.3512e+05,67215,-12.205,-3.1329,-2.5106,16.865
-0.23381,-0.21659,0.11057,0.96978,-0.13749,0.3,0.23001,0,0,0,0,40.928,-1067.3,98497,-4.513e+05,70587,-12.852,-3.2034,-2.656,17.692
-0.24678,-0.22311,0.10929,0.96861,-0.13793,0.3,0.22992,0,0,0,0,42.89,-1126.5,95466,-4.3968e+05,69342,-12.769,-3.1838,-2.7261,18.164
-0.25887,-0.25853,0.10437,0.96035,-0.1384,0.3,0.22982,0,0,0,0,44.448,-1181.7,93019,-4.2822e+05,68521,-12.665,-3.1711,-2.7562,18.581
-0.43335,-0.27493,0.10494,0.95572,-0.14415,0.3,0.22827,0,0,0,0,55.325,-1978.2,75496,-4.4959e+05,72642,-16.09,-3.2598,-3.6464,24.515
-0.73772,-0.27855,0.10502,0.95466,-0.14947,0.3,0.22669,0,0,0,0,74.422,-3367.6,68215,-5.9362e+05,84322,-24.392,-3.411,-4.5137,29.26
-0.95462,-0.22058,0.11234,0.96874,-0.15417,0.3,0.22538,0,0,0,0,88.329,-4357.7,64628,-7.9239e+05,1.0898e+05,-33.16,-3.3082,-4.2531,30.592
-0.99493,-0.21301,0.11264,0.97052,-0.15515,0.3,0.22512,0,0,0,0,90.412,-4541.7,66091,-8.3277e+05,1.1192e+05,-34.819,-3.3444,-4.0804,30.658
-1.0257,-0.19333,0.11657,0.97373,-0.15574,0.3,0.22498,0,0,0,0,90.87,-4682.4,72510,-8.741e+05,1.1668e+05,-36.109,-3.5354,-3.7109,30.178
-1.1079,-0.14611,0.12011,0.98182,-0.15815,0.3,0.22454,0,0,0,0,84.937,-5057.4,87185,-1.0311e+06,1.2829e+05,-40.841,-3.7704,-1.5034,28.493
-1.169,-0.10419,0.11857,0.98656,-0.15973,0.3,0.22436,0,0,0,0,60.736,-5336.3,1.0778e+05,-1.2284e+06,1.3761e+05,-46.651,-4.1421,1.2129,27.095
-1.2315,-0.08818,0.11736,0.98897,-0.16078,0.3,0.22421,0,0,0,0,52.361,-5621.8,1.1418e+05,-1.3258e+06,1.4363e+05,-49.383,-4.1203,2.8652,26.179
-1.2498,-0.059265,0.11293,0.99169,-0.16133,0.3,0.22416,0,0,0,0,37.715,-5705.3,1.2397e+05,-1.4073e+06,1.4392e+05,-51.539,-4.2503,4.5601,25.402
-1.1466,0.0054726,0.098141,0.995,-0.16414,0.3,0.2242,0,0,0,0,14.12,-5234.1,1.4526e+05,-1.6963e+06,1.539e+05,-58.289,-4.2234,9.8538,23.08
-1.121,0.10445,0.098563,0.98963,-0.16483,0.3,0.22421,0,0,0,0,9.8317,-5117.3,1.4651e+05,-1.7505e+06,1.5728e+05,-59.631,-4.1109,10.886,22.788
-0.80312,0.25383,0.098118,0.96226,-0.16747,0.3,0.2246,0,0,0,0,12.782,-3666.1,1.5125e+05,-2.1434e+06,1.8146e+05,-63.608,-3.0574,17.3,19.433
-0.56808,0.26192,0.09602,0.9603,-0.16935,0.3,0.2251,0,0,0,0,10.613,-2593.2,1.5621e+05,-2.4266e+06,1.9076e+05,-61.145,-2.1674,23.217,15.781
-0.5212,0.26628,0.095308,0.95914,-0.16972,0.3,0.2252,0,0,0,0,10.206,-2379.2,1.5745e+05,-2.4842e+06,1.9144e+05,-60.635,-2.0037,24.373,15.039
-0.50762,0.27385,0.095473,0.95688,-0.16981,0.3,0.22522,0,0,0,0,9.8039,-2317.2,1.5687e+05,-2.4993e+06,1.9224e+05,-60.332,-1.9244,24.767,14.83
-0.26917,0.44195,0.083976,0.8931,-0.17211,0.3,0.22619,0,0,0,0,5.9169,-1228.7,1.5509e+05,-2.631e+06,1.7332e+05,-55.293,-1.2381,31.471,12.883
0.088693,0.5439,0.073212,0.83582,-0.17312,0.3,0.22677,0,0,0,0,6.0203,404.88,1.4082e+05,-2.7168e+06,1.2654e+05,-50.214,-0.88947,37.435,11.793
0.56116,0.76004,0.046747,0.6462,-0.17469,0.3,0.228,0,0,0,0,5.9393,2561.6,1.3635e+05,-2.6357e+06,40685,-38.632,-1.2933,39.267,9.0652
0.67255,0.77163,0.042886,0.62975,-0.17504,0.3,0.22847,0,0,0,0,5.1588,3070.1,1.2951e+05,-2.3175e+06,-15747,-31.641,-1.9264,35.115,7.8446
0.88981,0.83455,0.034024,0.54986,-0.17573,0.3,0.22936,0,0,0,0,3.6767,4061.9,1.2143e+05,-1.7792e+06,-95312,-19.082,-2.7867,28.183,5.4437
0.91269,0.91397,0.021647,0.40512,-0.17578,0.3,0.22944,0,0,0,0,3.3755,4166.3,1.1503e+05,-1.6192e+06,-1.1004e+05,-16.673,-2.9386,25.842,5.0562
1.0164,0.94313,0.014301,0.33202,-0.17601,0.3,0.22998,0,0,0,0,2.3057,4639.7,86254,-7.8457e+05,-2.0511e+05,-6.1025,-4.1311,13.103,3.1549
1.0487,0.98536,-0.0023045,0.17023,-0.17619,0.3,0.23064,0,0,0,0,2.9022,4787.1,58139,87546,-3.1545e+05,-3.5222,-5.9266,-2.1542,2.8495
1.0542,0.99649,-0.011458,0.082239,-0.17625,0.3,0.23136,0,0,0,0,3.4671,4812.5,40168,6.6663e+05,-3.8883e+05,-3.2843,-7.1745,-12.63,3.0953
-1.7038,-0.99913,0.04163,-5.5379e-07,-0.0725,0.3,0.49225,0,0,0,0,0.30575,-7777.7,7148.2,3.4024e+05,1.3609e+05,-31.858,-1.6272,3.0791,2.8193
-1.1037,-0.99913,0.04163,1.3326e-06,-0.0725,0.3,0.49253,0,0,0,0,0.27896,-5038.5,27490,7.489e+05,85980,-12.657,-1.2336,12.605,3.1064
-0.52664,-0.99913,0.041631,1.5009e-06,-0.0725,0.3,0.49339,0,0,0,0,0.27765,-2404.1,24049,6.0936e+05,1.1002e+05,2.0346,-2.0996,11.26,2.6556
-0.63015,-0.99913,0.041632,1.1981e-07,-0.0725,0.3,0.49423,0,0,0,0,0.20242,-2876.6,26572,4.8538e+05,5.7809e+05,-1.1263,-10.606,9.0023,2.7507
-0.89209,-0.99913,0.041631,-5.0706e-07,-0.0725,0.3,0.49525,0,0,0,0,0.133,-4072.3,47091,8.2736e+05,8.6158e+05,-6.1146,-15.647,15.7,3.4155
0.70372,0.239,0.029175,-0.97058,-0.97167,0.3,0.13577,0,0,0,0,44.641,3212.4,-31251,2.1225e+05,-1381.6,-16.514,-2.4583,-4.0729,68.014
0.70692,0.23807,0.028345,-0.97084,-0.97278,0.3,0.1355,0,0,0,0,44.634,3227,-31738,2.1233e+05,-1723.6,-16.532,-2.5041,-4.0556,68.054
0.70005,0.24015,0.030096,-0.97027,-0.97023,0.3,0.13613,0,0,0,0,44.647,3195.6,-30872,2.1212e+05,-1065.5,-16.488,-2.4207,-4.0929,67.964
0.70838,0.23668,0.027352,-0.9712,-0.97323,0.3,0.13539,0,0,0,0,44.623,3233.7,-31968,2.1238e+05,-1776.5,-16.541,-2.5237,-4.0549,68.078
0.69612,0.24091,0.03066,-0.97006,-0.96888,0.3,0.13646,0,0,0,0,44.634,3177.7,-30632,2.1197e+05,-895.4,-16.46,-2.3962,-4.1106,67.912
0.71046,0.23668,0.027351,-0.9712,-0.97401,0.3,0.1352,0,0,0,0,44.59,3243.2,-32277,2.1231e+05,-1909.6,-16.537,-2.5502,-4.0453,68.073
0.69405,0.241,0.030742,-0.97004,-0.96801,0.3,0.13668,0,0,0,0,44.604,3168.3,-30566,2.1174e+05,-860.98,-16.427,-2.3878,-4.1127,67.844
0.71332,0.23673,0.027433,-0.97119,-0.97487,0.3,0.13499,0,0,0,0,44.551,3256.2,-32726,2.1225e+05,-2019.3,-16.535,-2.5875,-4.0354,68.075
0.69243,0.241,0.030746,-0.97004,-0.96724,0.3,0.13687,0,0,0,0,44.597,3160.9,-30480,2.1161e+05,-838.26,-16.407,-2.3792,-4.1141,67.803
0.71919,0.23668,0.027353,-0.9712,-0.97622,0.3,0.13466,0,0,0,0,44.464,3283,-33619,2.1203e+05,-2263.4,-16.52,-2.6615,-4.0037,68.052
0.69134,0.241,0.030746,-0.97004,-0.96678,0.3,0.13698,0,0,0,0,44.575,3155.9,-30469,2.1143e+05,-833.32,-16.381,-2.3765,-4.1118,67.75
0.7272,0.23668,0.027355,-0.9712,-0.97756,0.3,0.13433,0,0,0,0,44.373,3319.6,-34522,2.1137e+05,-2515.7,-16.45,-2.7326,-3.9452,67.909
0.6897,0.241,0.030743,-0.97004,-0.96568,0.3,0.13726,0,0,0,0,44.498,3148.4,-30411,2.1069e+05,-807.95,-16.279,-2.3646,-4.1062,67.538
0.73624,0.23396,0.028762,-0.97182,-0.97881,0.3,0.13403,0,0,0,0,44.316,3360.9,-35696,2.102e+05,-2362.1,-16.32,-2.8133,-3.8579,67.64
0.69024,0.24265,0.029506,-0.96966,-0.96426,0.3,0.13761,0,0,0,0,44.357,3150.9,-30570,2.0933e+05,-1194.2,-16.093,-2.3719,-4.0956,67.165
0.74103,0.22386,0.032786,-0.97407,-0.98093,0.3,0.13352,0,0,0,0,44.333,3382.7,-36611,2.0993e+05,-1504.6,-16.299,-2.8687,-3.8235,67.601
0.69559,0.25574,0.025006,-0.96642,-0.96298,0.3,0.13793,0,0,0,0,44.073,3175.3,-30293,2.0849e+05,-2619.4,-15.978,-2.3698,-4.0909,66.933
0.74406,0.22,0.034158,-0.9749,-0.98224,0.3,0.13323,0,0,0,0,44.334,3396.6,-37054,2.1054e+05,-953.76,-16.386,-2.9009,-3.8338,67.789
0.69348,0.26917,0.019689,-0.96289,-0.96086,0.3,0.13852,0,0,0,0,43.865,3165.7,-29091,2.0948e+05,-3945.9,-16.085,-2.3092,-4.1837,67.172
0.7502,0.21978,0.034359,-0.97494,-0.98357,0.3,0.13293,0,0,0,0,44.218,3424.6,-37524,2.106e+05,-1023.8,-16.403,-2.9412,-3.82,67.833
0.68163,0.27119,0.017645,-0.96237,-0.95959,0.3,0.13888,0,0,0,0,43.912,3111.6,-27833,2.112e+05,-4067.8,-16.275,-2.2263,-4.3383,67.606
0.75845,0.21927,0.034093,-0.97507,-0.98487,0.3,0.13264,0,0,0,0,44.051,3462.3,-38119,2.1024e+05,-1228.7,-16.356,-2.988,-3.8035,67.736
0.67331,0.27119,0.017644,-0.96236,-0.95828,0.3,0.13925,0,0,0,0,44.037,3073.6,-26983,2.122e+05,-3776.9,-16.381,-2.1605,-4.4375,67.854
0.76855,0.21795,0.033548,-0.97538,-0.987,0.3,0.13216,0,0,0,0,43.8,3508.3,-39220,2.098e+05,-1574.7,-16.263,-3.0686,-3.7885,67.444
0.66757,0.27119,0.017643,-0.96236,-0.95703,0.3,0.1396,0,0,0,0,44.217,3047.4,-26106,2.1287e+05,-3506.5,-16.448,-2.0905,-4.5056,68.005
0.77932,0.21711,0.033256,-0.97558,-0.98829,0.3,0.13187,0,0,0,0,43.532,3557.5,-40824,2.1061e+05,-1950.7,-16.164,-3.168,-3.7801,66.654
0.66153,0.2713,0.017748,-0.96233,-0.95493,0.3,0.14019,0,0,0,0,44.407,3019.8,-25265,2.1336e+05,-3241,-16.494,-2.0222,-4.5599,68.105
0.79023,0.2171,0.033243,-0.97558,-0.98968,0.3,0.13156,0,0,0,0,43.356,3607.3,-43253,2.1618e+05,-2339.6,-16.135,-3.2681,-3.8014,64.508
0.65673,0.27178,0.018273,-0.96219,-0.95366,0.3,0.14055,0,0,0,0,44.55,2997.9,-24660,2.1347e+05,-2967.2,-16.494,-1.9696,-4.5969,68.112
0.80442,0.21949,0.031477,-0.9751,-0.99112,0.3,0.13124,0,0,0,0,43.347,3672.1,-48128,2.3339e+05,-3548.9,-16.25,-3.4065,-3.8936,59.571
0.6537,0.27342,0.019838,-0.96169,-0.95242,0.3,0.1409,0,0,0,0,44.663,2984.1,-24065,2.1353e+05,-2451.5,-16.492,-1.9123,-4.6242,68.108
0.8252,0.22118,0.029084,-0.9748,-0.99223,0.3,0.13099,0,0,0,0,43.443,3767,-55762,2.6217e+05,-6967,-16.417,-3.5853,-4.0082,52.889
0.64987,0.27616,0.022878,-0.96084,-0.95034,0.3,0.14149,0,0,0,0,44.767,2966.6,-23725,2.1376e+05,-1837.8,-16.513,-1.8734,-4.6574,68.158
0.83046,0.24407,0.026545,-0.96936,-0.99242,0.3,0.13094,0,0,0,0,43.41,3791,-58008,2.6659e+05,-8169.3,-16.321,-3.6339,-3.9844,51.755
0.6453,0.27663,0.023639,-0.96069,-0.9491,0.3,0.14185,0,0,0,0,44.865,2945.7,-23688,2.1408e+05,-1540.6,-16.546,-1.865,-4.6996,68.242
0.85698,0.24849,0.018277,-0.96835,-0.9934,0.3,0.13069,0,0,0,0,43.49,3912,-69651,2.9747e+05,-13693,-16.178,-3.9025,-3.9949,44.853
0.64121,0.27669,0.023684,-0.96067,-0.9478,0.3,0.14222,0,0,0,0,44.966,2927.1,-23619,2.1425e+05,-1512.6,-16.559,-1.8592,-4.7335,68.287
0.8726,0.24398,0.015338,-0.96965,-0.99397,0.3,0.13055,0,0,0,0,43.33,3983.3,-76556,3.2124e+05,-17226,-15.836,-3.9526,-3.9812,39.546
0.63755,0.27669,0.023682,-0.96067,-0.94655,0.3,0.14258,0,0,0,0,45.061,2910.4,-23509,2.1419e+05,-1479.1,-16.546,-1.8488,-4.7483,68.267
0.88006,0.29297,0.0067755,-0.95609,-0.99424,0.3,0.13048,0,0,0,0,43.379,4017.4,-79860,3.3208e+05,-18629,-15.783,-4.004,-3.9935,37.342
0.63434,0.27669,0.02368,-0.96067,-0.94445,0.3,0.14319,0,0,0,0,45.13,2895.7,-23422,2.1387e+05,-1437.5,-16.498,-1.8384,-4.7516,68.171
0.92638,0.29924,0.00071272,-0.95417,-0.99491,0.3,0.13027,0,0,0,0,42.822,4228.8,-93582,3.41e+05,-24921,-14.401,-4.1972,-3.5892,31.401
0.63287,0.2767,0.023681,-0.96067,-0.94319,0.3,0.14355,0,0,0,0,45.146,2889,-23471,2.1315e+05,-1433.6,-16.395,-1.8363,-4.7506,67.966
1.0638,0.38953,-0.058751,-0.91892,-0.99558,0.3,0.13006,0,0,0,0,42.143,4856.1,-1.0672e+05,3.0579e+05,-49190,-12.079,-4.3237,-2.3588,26.733
0.63487,0.28226,0.021332,-0.9591,-0.94198,0.3,0.1439,0,0,0,0,45.045,2898.1,-23633,2.1216e+05,-2199.5,-16.264,-1.8592,-4.7317,67.704
1.158,0.58588,-0.14149,-0.79571,-0.99679,0.3,0.12944,0,0,0,0,42.51,5286,-1.5338e+05,1.7576e+05,-1.2845e+05,-9.496,-6.289,1.4613,23.524
0.63547,0.29247,0.016637,-0.95613,-0.93989,0.3,0.14453,0,0,0,0,44.933,2900.9,-23128,2.1227e+05,-3455.3,-16.268,-1.8484,-4.7685,67.728
1.1388,0.73026,-0.18899,-0.65597,-0.99713,0.3,0.12908,0,0,0,0,43.475,5198.4,-1.9852e+05,30783,-2.0704e+05,-8.1855,-8.9171,5.3182,23.979
0.62893,0.29712,0.014293,-0.95473,-0.93864,0.3,0.14492,0,0,0,0,44.967,2871,-22079,2.1361e+05,-3793.9,-16.417,-1.7821,-4.8854,68.068
0.6201,0.29712,0.014294,-0.95473,-0.93736,0.3,0.14532,0,0,0,0,45.114,2830.7,-21218,2.1497e+05,-3476.1,-16.571,-1.7153,-4.9947,68.416
0.61662,0.29712,0.014295,-0.95473,-0.93652,0.3,0.14558,0,0,0,0,45.202,2814.8,-20878,2.1545e+05,-3349.6,-16.626,-1.6882,-5.0313,68.538
0.61356,0.29712,0.014293,-0.95473,-0.93576,0.3,0.14581,0,0,0,0,45.276,2800.8,-20585,2.1585e+05,-3241.2,-16.671,-1.6652,-5.062,68.639
0.61173,0.29713,0.014296,-0.95473,-0.93531,0.3,0.14595,0,0,0,0,45.339,2792.5,-20443,2.1615e+05,-3183.7,-16.706,-1.6544,-5.0848,68.715
0.60716,0.29712,0.014292,-0.95473,-0.93423,0.3,0.14629,0,0,0,0,45.501,2771.6,-20001,2.1648e+05,-3043.2,-16.739,-1.6183,-5.1225,68.793
0.60255,0.29712,0.014295,-0.95473,-0.93283,0.3,0.14672,0,0,0,0,45.692,2750.6,-19479,2.1679e+05,-2892,-16.768,-1.5756,-5.1591,68.858
0.59833,0.29733,0.014626,-0.95466,-0.93158,0.3,0.14711,0,0,0,0,45.877,2731.3,-18806,2.1708e+05,-2618.4,-16.797,-1.5182,-5.1862,68.916
0.59419,0.2985,0.015947,-0.95428,-0.9295,0.3,0.14776,0,0,0,0,46.045,2712.4,-18210,2.1735e+05,-2137.9,-16.824,-1.462,-5.2135,68.97
0.5905,0.30009,0.018186,-0.95374,-0.92825,0.3,0.14815,0,0,0,0,46.173,2695.6,-17954,2.1755e+05,-1541.4,-16.842,-1.4287,-5.2449,69.015
0.58651,0.30169,0.020565,-0.95318,-0.92705,0.3,0.14853,0,0,0,0,46.302,2677.4,-17855,2.1801e+05,-953.48,-16.896,-1.4085,-5.2827,69.136
0.58154,0.303,0.02221,-0.95273,-0.92498,0.3,0.14919,0,0,0,0,46.441,2654.7,-17866,2.1857e+05,-569.73,-16.964,-1.4018,-5.325,69.286
0.57662,0.30334,0.022733,-0.95261,-0.92373,0.3,0.14959,0,0,0,0,46.578,2632.2,-17911,2.1893e+05,-461.79,-17.006,-1.4035,-5.3624,69.388
0.57218,0.30334,0.022733,-0.95261,-0.92254,0.3,0.14997,0,0,0,0,46.733,2611.9,-17873,2.1936e+05,-454.02,-17.058,-1.4017,-5.3924,69.504
0.56758,0.30334,0.022734,-0.95261,-0.92047,0.3,0.15063,0,0,0,0,46.892,2590.9,-17785,2.1969e+05,-427.4,-17.098,-1.3952,-5.4168,69.592
0.56373,0.30334,0.022734,-0.95261,-0.91922,0.3,0.15102,0,0,0,0,47.027,2573.4,-17699,2.1978e+05,-395.84,-17.104,-1.3876,-5.435,69.612
0.56048,0.30346,0.02255,-0.95258,-0.91803,0.3,0.15141,0,0,0,0,47.147,2558.5,-17641,2.197e+05,-414.29,-17.091,-1.3826,-5.4397,69.588
0.5579,0.30532,0.021709,-0.952,-0.91595,0.3,0.15207,0,0,0,0,47.237,2546.7,-17557,2.1963e+05,-632.98,-17.078,-1.3804,-5.4462,69.565
0.55527,0.30801,0.02054,-0.95116,-0.91471,0.3,0.15247,0,0,0,0,47.307,2534.7,-17287,2.1986e+05,-897.55,-17.101,-1.3662,-5.4755,69.624
0.55037,0.309,0.019986,-0.95085,-0.91352,0.3,0.15286,0,0,0,0,47.42,2512.4,-16801,2.206e+05,-882.12,-17.19,-1.3309,-5.524,69.812
0.54431,0.30904,0.019944,-0.95084,-0.91144,0.3,0.15353,0,0,0,0,47.571,2484.7,-16375,2.2131e+05,-724.33,-17.277,-1.2964,-5.5697,69.996
0.53939,0.30904,0.019943,-0.95084,-0.91021,0.3,0.15393,0,0,0,0,47.716,2462.3,-16094,2.2164e+05,-620.56,-17.315,-1.2729,-5.5996,70.079
0.53516,0.30904,0.019944,-0.95084,-0.90901,0.3,0.15432,0,0,0,0,47.879,2443,-15716,2.2199e+05,-500.29,-17.356,-1.2415,-5.6211,70.162
0.53075,0.30904,0.019946,-0.95084,-0.90693,0.3,0.155,0,0,0,0,48.041,2422.8,-15304,2.2225e+05,-374.71,-17.387,-1.207,-5.6385,70.222
0.527,0.30911,0.020002,-0.95082,-0.90569,0.3,0.1554,0,0,0,0,48.175,2405.7,-14946,2.2236e+05,-266.67,-17.395,-1.1766,-5.6539,70.24
0.52355,0.30957,0.020722,-0.95065,-0.90447,0.3,0.15579,0,0,0,0,48.299,2390,-14465,2.2246e+05,35.632,-17.405,-1.1318,-5.6633,70.255
0.52005,0.31095,0.022742,-0.95015,-0.90241,0.3,0.15647,0,0,0,0,48.411,2374,-14078,2.2262e+05,585.6,-17.423,-1.0885,-5.677,70.289
0.51681,0.31241,0.02505,-0.94961,-0.9012,0.3,0.15686,0,0,0,0,48.499,2359.2,-13976,2.2284e+05,1258.2,-17.448,-1.0641,-5.703,70.346
0.51267,0.31393,0.027517,-0.94904,-0.89998,0.3,0.15726,0,0,0,0,48.599,2340.3,-14039,2.2337e+05,1884.5,-17.516,-1.0543,-5.7401,70.493
0.50748,0.31535,0.029661,-0.94851,-0.89791,0.3,0.15795,0,0,0,0,48.714,2316.6,-14122,2.24e+05,2259.9,-17.598,-1.0528,-5.7791,70.666
0.50225,0.31535,0.029657,-0.94851,-0.8967,0.3,0.15836,0,0,0,0,48.843,2292.7,-14201,2.2455e+05,2334.1,-17.667,-1.058,-5.8204,70.818
0.49728,0.31535,0.029653,-0.94851,-0.89544,0.3,0.15878,0,0,0,0,49.004,2270,-14182,2.252e+05,2342.3,-17.75,-1.0576,-5.8602,70.995
0.4946,0.31536,0.029658,-0.94851,-0.89459,0.3,0.15906,0,0,0,0,49.077,2257.8,-14130,2.256e+05,2361.5,-17.803,-1.054,-5.8803,71.102
0.49264,0.31536,0.029658,-0.94851,-0.89384,0.3,0.15931,0,0,0,0,49.143,2248.8,-14070,2.2584e+05,2385.6,-17.834,-1.0493,-5.8919,71.164
0.49109,0.31535,0.02965,-0.94851,-0.89339,0.3,0.15946,0,0,0,0,49.187,2241.8,-14056,2.2606e+05,2391.6,-17.864,-1.0488,-5.9023,71.225
0.48676,0.31535,0.029654,-0.94851,-0.89232,0.3,0.15981,0,0,0,0,49.336,2222,-13969,2.2656e+05,2422.6,-17.928,-1.0425,-5.9338,71.36
0.48137,0.31535,0.029656,-0.94851,-0.89095,0.3,0.16027,0,0,0,0,49.539,2197.4,-13751,2.2734e+05,2486.7,-18.031,-1.0258,-5.9715,71.568
0.47813,0.31535,0.029655,-0.94851,-0.8901,0.3,0.16055,0,0,0,0,49.645,2182.6,-13583,2.279e+05,2668,-18.108,-1.0097,-5.9935,71.719
0.47591,0.31535,0.029656,-0.94851,-0.88935,0.3,0.1608,0,0,0,0,49.721,2172.5,-13452,2.2827e+05,2718.8,-18.159,-0.99921,-6.0078,71.818
0.47407,0.31534,0.029653,-0.94852,-0.88889,0.3,0.16095,0,0,0,0,49.79,2164.1,-13314,2.2868e+05,2834.6,-18.215,-0.98694,-6.0199,71.926
0.4682,0.31168,0.031413,-0.94967,-0.88783,0.3,0.16131,0,0,0,0,49.994,2137.3,-13156,2.2922e+05,3225.2,-18.289,-0.96611,-6.0448,72.072
0.46238,0.30877,0.032885,-0.95057,-0.88646,0.3,0.16175,0,0,0,0,50.249,2110.7,-13235,2.2922e+05,3717.6,-18.294,-0.95993,-6.034,72.074
0.4613,0.30723,0.033839,-0.95103,-0.88561,0.3,0.16203,0,0,0,0,50.332,2105.8,-13334,2.2903e+05,3758.2,-18.272,-0.96657,-6.0115,72.02
0.46001,0.30722,0.033841,-0.95104,-0.88485,0.3,0.16227,0,0,0,0,50.4,2099.9,-13415,2.2887e+05,3840.8,-18.254,-0.97057,-5.9968,71.979
0.45966,0.30722,0.033835,-0.95104,-0.88439,0.3,0.16242,0,0,0,0,50.459,2098.3,-13401,2.289e+05,3847.3,-18.261,-0.96971,-5.9875,71.984
0.45816,0.30724,0.033846,-0.95103,-0.88332,0.3,0.16277,0,0,0,0,50.549,2091.5,-13425,2.2868e+05,3807.4,-18.234,-0.97204,-5.9695,71.923
0.45551,0.30724,0.033842,-0.95103,-0.88193,0.3,0.16321,0,0,0,0,50.654,2079.3,-13335,2.2866e+05,3815.3,-18.234,-0.96448,-5.961,71.913
0.45227,0.30723,0.033839,-0.95103,-0.88064,0.3,0.16363,0,0,0,0,50.73,2064.5,-13160,2.2878e+05,3860.4,-18.251,-0.94992,-5.955,71.938
0.45098,0.30724,0.03384,-0.95103,-0.87999,0.3,0.16384,0,0,0,0,50.762,2058.7,-13026,2.2878e+05,3888.3,-18.252,-0.93873,-5.9518,71.936
0.44871,0.30724,0.033844,-0.95103,-0.87873,0.3,0.16425,0,0,0,0,50.813,2048.3,-12874,2.2887e+05,3929.8,-18.265,-0.926,-5.9487,71.954
0.44522,0.30729,0.033893,-0.95101,-0.8774,0.3,0.16468,0,0,0,0,50.9,2032.4,-12612,2.2899e+05,4010.5,-18.281,-0.90352,-5.9533,71.981
0.44137,0.30735,0.033978,-0.95099,-0.87618,0.3,0.16507,0,0,0,0,50.979,2014.8,-12249,2.292e+05,4244.8,-18.31,-0.86956,-5.957,72.028
0.43755,0.30874,0.035883,-0.95047,-0.87412,0.3,0.16574,0,0,0,0,51.055,1997.4,-11926,2.2948e+05,4736.5,-18.349,-0.83248,-5.9659,72.098
0.43364,0.31013,0.038193,-0.94993,-0.87287,0.3,0.16615,0,0,0,0,51.135,1979.5,-11810,2.2985e+05,5351,-18.4,-0.80825,-5.9908,72.199
0.42867,0.31134,0.040426,-0.94944,-0.87167,0.3,0.16654,0,0,0,0,51.238,1956.8,-11798,2.3068e+05,5971,-18.514,-0.7929,-6.0329,72.424
0.42245,0.31241,0.041971,-0.94902,-0.86962,0.3,0.16721,0,0,0,0,51.384,1928.4,-11816,2.3171e+05,6390.9,-18.656,-0.78539,-6.0841,72.705
0.41583,0.31273,0.042475,-0.94889,-0.86837,0.3,0.16763,0,0,0,0,51.555,1898.2,-11787,2.3261e+05,6552.6,-18.776,-0.78008,-6.1349,72.948
0.40898,0.31273,0.042474,-0.94889,-0.86717,0.3,0.16802,0,0,0,0,51.797,1867,-11602,2.3392e+05,6648.5,-18.956,-0.7652,-6.1946,73.298
0.40101,0.31273,0.042473,-0.94889,-0.86512,0.3,0.1687,0,0,0,0,52.088,1830.6,-11302,2.3539e+05,6784.6,-19.159,-0.74041,-6.2595,73.69
0.39273,0.31273,0.042473,-0.94889,-0.86387,0.3,0.16911,0,0,0,0,52.362,1792.8,-10928,2.3666e+05,6917.7,-19.336,-0.70905,-6.3192,74.032
0.38392,0.31273,0.042474,-0.94889,-0.86267,0.3,0.1695,0,0,0,0,52.748,1752.6,-10287,2.3876e+05,7147.7,-19.632,-0.65488,-6.4039,74.592
0.37234,0.31213,0.043014,-0.94906,-0.8606,0.3,0.17018,0,0,0,0,53.205,1699.7,-9387,2.4155e+05,7634.6,-20.032,-0.57406,-6.5082,75.335
0.35768,0.30677,0.045955,-0.95067,-0.85936,0.3,0.17059,0,0,0,0,53.684,1632.8,-8650.3,2.4372e+05,8824.3,-20.347,-0.48609,-6.5912,75.917
0.34421,0.29729,0.050577,-0.95344,-0.85816,0.3,0.17097,0,0,0,0,54.3,1571.3,-8703.7,2.4427e+05,10285,-20.44,-0.45496,-6.5956,76.077
0.33794,0.29229,0.053194,-0.95485,-0.85609,0.3,0.17161,0,0,0,0,54.829,1542.7,-9094.6,2.4397e+05,10920,-20.42,-0.4742,-6.5186,75.999
0.33525,0.29204,0.053556,-0.95491,-0.85483,0.3,0.17199,0,0,0,0,55.154,1530.4,-9027.1,2.4421e+05,10950,-20.477,-0.47114,-6.4524,76.051
0.32905,0.29204,0.053556,-0.95491,-0.8536,0.3,0.17237,0,0,0,0,55.515,1502.1,-8413.8,2.4532e+05,11109,-20.654,-0.41942,-6.4358,76.33
0.31974,0.29204,0.053557,-0.95491,-0.85153,0.3,0.173,0,0,0,0,55.914,1459.6,-7478.7,2.4705e+05,11437,-20.92,-0.33652,-6.4542,76.777
0.3096,0.29204,0.053559,-0.95491,-0.8503,0.3,0.17338,0,0,0,0,56.274,1413.3,-6541.7,2.4886e+05,11750,-21.191,-0.25219,-6.4947,77.244
0.29726,0.29242,0.054196,-0.95475,-0.84903,0.3,0.17377,0,0,0,0,56.748,1357,-5164.9,2.5136e+05,12355,-21.567,-0.12207,-6.5678,77.896
0.28851,0.29204,0.053562,-0.9549,-0.84817,0.3,0.17403,0,0,0,0,57.07,1317,-4170.7,2.5323e+05,12723,-21.849,-0.028018,-6.6263,78.384
0.28329,0.29204,0.053561,-0.9549,-0.84742,0.3,0.17426,0,0,0,0,57.272,1293.2,-3678.2,2.5456e+05,13327,-22.053,0.02884,-6.6698,78.74
0.27849,0.297,0.057279,-0.95316,-0.84696,0.3,0.1744,0,0,0,0,57.505,1271.3,-3004,2.5576e+05,13480,-22.234,0.090397,-6.7062,79.051
0.2637,0.29708,0.059796,-0.95298,-0.84588,0.3,0.17473,0,0,0,0,57.95,1203.8,-2177.8,2.5894e+05,15104,-22.722,0.20577,-6.8399,79.897
0.24012,0.29818,0.062357,-0.95247,-0.84449,0.3,0.17517,0,0,0,0,58.74,1096.1,-833.84,2.6395e+05,16839,-23.465,0.37374,-7.0498,81.125
0.21324,0.30019,0.064713,-0.95168,-0.8432,0.3,0.17557,0,0,0,0,59.888,973.41,795.32,2.7156e+05,18731,-24.462,0.57533,-7.3236,82.373
0.19683,0.30119,0.065867,-0.95129,-0.84255,0.3,0.17578,0,0,0,0,60.556,898.5,1540.8,2.7574e+05,19268,-24.976,0.65945,-7.4672,82.909
0.17014,0.30113,0.065769,-0.95131,-0.84128,0.3,0.17618,0,0,0,0,61.77,776.69,2962.7,2.8506e+05,20726,-25.864,0.82512,-7.7102,83.09
0.11956,0.29993,0.065076,-0.95174,-0.83996,0.3,0.1766,0,0,0,0,64.12,545.76,5993.1,3.0788e+05,22996,-27.476,1.1308,-8.1219,81.559
0.056361,0.29448,0.063249,-0.95356,-0.83873,0.3,0.17699,0,0,0,0,68.352,257.28,12411,3.6066e+05,27593,-30.099,1.6733,-8.7463,75.837
-0.020792,0.28623,0.061226,-0.9562,-0.83668,0.3,0.1776,0,0,0,0,74.899,-94.913,25542,4.7024e+05,37865,-34.021,2.5774,-9.7573,64.48
-0.071924,0.28666,0.0611,-0.95608,-0.83595,0.3,0.17782,0,0,0,0,79.58,-328.33,37001,5.4998e+05,45988,-36.739,3.2897,-10.528,58.726
-0.092682,0.28664,0.061137,-0.95608,-0.83558,0.3,0.17793,0,0,0,0,81.871,-423.08,42133,5.911e+05,50019,-38.087,3.6179,-10.905,54.967
-0.094415,0.28658,0.061201,-0.9561,-0.83549,0.3,0.17796,0,0,0,0,81.215,-430.99,42047,5.9987e+05,50480,-38.053,3.575,-10.897,53.693
-0.15669,0.28752,0.060862,-0.95584,-0.83477,0.3,0.17817,0,0,0,0,86.182,-715.28,54951,6.6074e+05,56864,-40.726,4.436,-11.72,51.441
-0.2551,0.28719,0.060264,-0.95598,-0.83411,0.3,0.17837,0,0,0,0,94.517,-1164.5,73223,7.5085e+05,70139,-45.738,5.7936,-12.944,50.399
-0.4327,0.28614,0.061108,-0.95624,-0.83307,0.3,0.17868,0,0,0,0,102.93,-1975.2,1.2663e+05,9.2613e+05,95654,-53.512,8.486,-13.019,47.867
-0.59367,0.28625,0.061972,-0.95615,-0.83267,0.3,0.1788,0,0,0,0,106.4,-2710,1.8541e+05,1.0608e+06,1.1449e+05,-58.292,11.015,-11.946,45.669
-0.26304,-0.87158,-0.49026,-3.1688e-06,0.10875,0.3,0.27183,0,0,0,0,0.21965,-1200.7,31446,-58632,-6.4308e+05,-4.739,10.988,-1.25,3.9333
-0.46431,-0.87157,-0.49026,-1.3797e-06,0.10875,0.3,0.27258,0,0,0,0,0.15433,-2119.5,96459,-2.1848e+05,-6.681e+05,-15.973,5.1751,-3.7626,3.9326
-0.42674,-0.87158,-0.49026,-2.4028e-06,0.10875,0.3,0.27111,0,0,0,0,0.2212,-1948,14660,-7572.9,-5.0896e+05,-9.3481,5.3135,-0.76259,3.8256
-0.56043,-0.87158,-0.49026,-5.1641e-06,0.10875,0.3,0.27297,0,0,0,0,0.13002,-2558.3,28429,-1.0005e+05,-6.8391e+05,-21.59,2.4144,-1.0069,3.9869
-0.48566,-0.87157,-0.49026,5.1789e-06,0.10875,0.3,0.2708,0,0,0,0,0.18666,-2217,1.8176e+05,-3.2212e+05,-4.301e+05,-10.038,3.2648,-7.487,3.7345
-0.66138,-0.87158,-0.49026,-3.7473e-06,0.10875,0.3,0.27338,0,0,0,0,0.091962,-3019.1,-35362,17839,-7.0312e+05,-27.623,-0.57885,1.8248,3.991
-0.57722,-0.87158,-0.49026,3.7172e-06,0.10875,0.3,0.27038,0,0,0,0,0.17701,-2634.9,2.914e+05,-5.3709e+05,-3.4826e+05,-12.452,0.020217,-12.244,3.6134
0.89429,0.93625,-0.35114,0.011509,-0.99713,0.3,0.12908,0,0,0,0,45.32,4082.3,-93681,-2.6305e+05,-3.1595e+05,-11.075,-9.6392,9.0042,29.231
0.74981,0.93547,-0.34044,0.093269,-0.99712,0.3,0.12883,0,0,0,0,54.26,3422.8,-1.1061e+05,-5.1032e+05,-3.5106e+05,-19.914,-11.451,19.902,38.664
0.26856,0.92025,-0.31862,0.22669,-0.99697,0.3,0.12834,0,0,0,0,70.255,1225.9,-1.1131e+05,-8.1008e+05,-3.2609e+05,-36.195,-11.129,37.585,52.239
0.26393,0.75117,-0.3183,0.57812,-0.99697,0.3,0.12834,0,0,0,0,70.411,1204.8,-1.1134e+05,-8.1319e+05,-3.2585e+05,-36.353,-11.129,37.764,52.376
0.25914,0.74999,-0.3182,0.57967,-0.99697,0.3,0.12834,0,0,0,0,70.521,1182.9,-1.113e+05,-8.1394e+05,-3.2553e+05,-36.435,-11.124,37.849,52.443
-0.48052,0.63236,-0.30128,0.71304,-0.99649,0.3,0.12785,0,0,0,0,87.659,-2193.5,-1.0942e+05,-8.936e+05,-2.6592e+05,-48.622,-9.3553,48.612,62.377
-0.84408,0.54058,-0.34661,0.76635,-0.99625,0.3,0.12767,0,0,0,0,94.448,-3853.1,-99482,-8.9867e+05,-2.3505e+05,-52.633,-8.3732,52.065,66.663
-1.2284,0.41759,-0.24774,0.87421,-0.99565,0.3,0.12737,0,0,0,0,104.37,-5607.4,-89502,-8.0998e+05,-1.9422e+05,-59.233,-4.5834,45.358,77.143
-1.2497,0.35532,-0.24069,0.9023,-0.99549,0.3,0.1273,0,0,0,0,107.28,-5704.8,-87559,-8.1359e+05,-1.8344e+05,-61.667,-3.4368,44.195,78.681
-1.3939,0.28914,-0.22467,0.92612,-0.99466,0.3,0.12706,0,0,0,0,109.01,-6363,-73099,-7.1458e+05,-1.5178e+05,-61.786,-1.4795,36.601,88.871
-1.5083,0.23598,-0.20444,0.94995,-0.99422,0.3,0.12692,0,0,0,0,112.46,-6885,-67269,-6.6517e+05,-1.29e+05,-64.097,0.27295,32.789,95.54
-1.5552,0.2007,-0.19182,0.95951,-0.99341,0.3,0.12678,0,0,0,0,116,-7099.3,-55899,-5.9396e+05,-1.0734e+05,-62.715,0.44737,29.718,105.73
-1.6399,0.1486,-0.17812,0.97261,-0.99275,0.3,0.12664,0,0,0,0,118.67,-7486.2,-49544,-5.2674e+05,-85847,-62.46,1.5692,25.99,115.49
-1.6497,0.11843,-0.16069,0.97972,-0.9918,0.3,0.12655,0,0,0,0,123.12,-7530.7,-44373,-4.9038e+05,-75504,-60.936,1.8907,23.877,120.85
-1.6661,0.1038,-0.15708,0.9821,-0.9913,0.3,0.12648,0,0,0,0,124.63,-7605.5,-41403,-4.6913e+05,-68958,-60.617,2.1691,22.468,124.36
-1.6598,0.097507,-0.15666,0.98279,-0.99105,0.3,0.12646,0,0,0,0,125.14,-7576.8,-40408,-4.6154e+05,-66762,-60.314,2.3759,21.542,125.74
-1.6509,0.050177,-0.13354,0.98977,-0.98974,0.3,0.12636,0,0,0,0,129.92,-7536.4,-39522,-4.458e+05,-59873,-59.493,3.1367,17.638,127.45
-1.6539,0.017468,-0.12357,0.99217,-0.98828,0.3,0.12631,0,0,0,0,134.43,-7549.8,-39692,-4.3791e+05,-54595,-58.921,3.7324,14.357,127.42
-1.674,-0.015641,-0.11253,0.9935,-0.98679,0.3,0.1263,0,0,0,0,137.32,-7641.7,-39733,-4.3476e+05,-49835,-58.866,4.2473,11.985,127.04
-1.6739,-0.040748,-0.10486,0.99365,-0.98529,0.3,0.12636,0,0,0,0,139.44,-7641.2,-38997,-4.2887e+05,-46743,-57.541,4.4733,9.641,125.32
-1.6211,-0.044496,-0.10331,0.99365,-0.98384,0.3,0.12642,0,0,0,0,139.95,-7400.2,-39027,-4.2604e+05,-46150,-56.362,4.7694,6.5241,123.93
-1.6159,-0.047637,-0.10398,0.99344,-0.98252,0.3,0.12648,0,0,0,0,140.38,-7376.5,-39991,-4.2765e+05,-46654,-56.591,4.965,4.5975,124.08
-1.6178,-0.04787,-0.10373,0.99345,-0.98226,0.3,0.1265,0,0,0,0,140.65,-7384.9,-39270,-4.2631e+05,-46488,-56.211,4.7602,4.6727,123.68
-1.6578,-0.05859,-0.10363,0.99284,-0.98145,0.3,0.12654,0,0,0,0,141.24,-7567.7,-39245,-4.2822e+05,-45631,-56.772,4.8048,3.964,124.21
-1.6665,-0.066271,-0.099299,0.99284,-0.9808,0.3,0.12657,0,0,0,0,141.23,-7607.5,-41125,-4.302e+05,-45262,-57.228,5.2054,3.2688,124.7
-1.7126,-0.087231,-0.088368,0.99216,-0.97965,0.3,0.12667,0,0,0,0,142.37,-7817.8,-43534,-4.3128e+05,-41990,-57.571,5.8836,1.823,125.01
-1.7337,-0.10734,-0.080166,0.99093,-0.97924,0.3,0.12669,0,0,0,0,142.68,-7914,-44063,-4.3158e+05,-40951,-57.746,6.0039,1.5066,125.16
-1.7158,-0.11339,-0.078199,0.99047,-0.97774,0.3,0.12687,0,0,0,0,143.04,-7832.5,-42031,-4.2452e+05,-38116,-56.135,5.6816,0.52157,123.32
-1.6495,-0.11556,-0.077962,0.99024,-0.97629,0.3,0.12703,0,0,0,0,142.48,-7529.6,-39567,-4.1905e+05,-37560,-54.642,5.387,-0.98335,121.73
-1.6286,-0.11835,-0.07838,0.98987,-0.97483,0.3,0.12721,0,0,0,0,141.56,-7434.5,-38913,-4.1782e+05,-37881,-54.197,5.3408,-2.1719,121.31
-1.6381,-0.12081,-0.077193,0.98967,-0.97335,0.3,0.12738,0,0,0,0,140.47,-7477.6,-40701,-4.2145e+05,-38082,-54.869,5.6511,-3.3127,122.18
-1.6917,-0.13949,-0.070432,0.9877,-0.9719,0.3,0.12756,0,0,0,0,140.47,-7722.6,-43438,-4.252e+05,-36567,-55.721,6.0873,-4.1193,123.2
-1.7271,-0.16252,-0.061719,0.98475,-0.97047,0.3,0.12779,0,0,0,0,141.28,-7884,-43459,-4.2324e+05,-33402,-55.296,6.0993,-4.7364,122.75
-1.6929,-0.17159,-0.057148,0.98351,-0.96928,0.3,0.128,0,0,0,0,141.27,-7728.1,-40408,-4.1718e+05,-31151,-53.838,5.6342,-5.4209,121.13
-1.6794,-0.17159,-0.057154,0.98351,-0.96902,0.3,0.12804,0,0,0,0,141.1,-7666.3,-39772,-4.1458e+05,-30857,-53.23,5.5074,-5.3573,120.44
-1.6432,-0.17159,-0.057157,0.98351,-0.96761,0.3,0.12829,0,0,0,0,140.47,-7501.2,-38462,-4.0982e+05,-30595,-52.106,5.3064,-5.7408,119.21
-1.6243,-0.17412,-0.057628,0.98304,-0.96717,0.3,0.12837,0,0,0,0,140.25,-7414.7,-38141,-4.0802e+05,-30523,-51.672,5.2916,-5.9315,118.74
-1.5945,-0.17635,-0.058148,0.98261,-0.96581,0.3,0.12861,0,0,0,0,139.04,-7278.9,-37939,-4.0466e+05,-30838,-50.855,5.287,-6.5169,117.9
-1.5874,-0.17731,-0.058428,0.98242,-0.96439,0.3,0.12886,0,0,0,0,137.5,-7246.4,-38537,-4.0492e+05,-31240,-50.82,5.4033,-7.1744,117.99
-1.6099,-0.18421,-0.054878,0.98135,-0.963,0.3,0.12912,0,0,0,0,136.38,-7349,-40543,-4.0811e+05,-30574,-51.445,5.6996,-7.8697,118.84
-1.6548,-0.20248,-0.047937,0.97811,-0.96169,0.3,0.12937,0,0,0,0,136.03,-7554,-41406,-4.0755e+05,-28038,-51.321,5.7364,-8.1292,118.73
-1.6401,-0.22036,-0.040939,0.97456,-0.95959,0.3,0.12984,0,0,0,0,135.47,-7486.8,-39090,-4.0088e+05,-25324,-49.787,5.3241,-8.257,116.96
-1.577,-0.22167,-0.039561,0.97432,-0.95832,0.3,0.13013,0,0,0,0,134.3,-7198.7,-36507,-3.9396e+05,-23998,-48.144,4.9585,-8.6094,115.12
-1.5447,-0.22388,-0.040072,0.97379,-0.95693,0.3,0.13045,0,0,0,0,132.89,-7051.5,-34846,-3.8976e+05,-23858,-47.159,4.7508,-8.9364,114.02
-1.5364,-0.22672,-0.040836,0.9731,-0.95552,0.3,0.13078,0,0,0,0,131.55,-7013.5,-34047,-3.8778e+05,-24185,-46.683,4.6646,-9.2587,113.52
-1.5352,-0.22755,-0.041092,0.9729,-0.95435,0.3,0.13105,0,0,0,0,130.12,-7008.1,-33862,-3.8713e+05,-24346,-46.499,4.6487,-9.5323,113.38
-1.5342,-0.22749,-0.041204,0.97291,-0.95409,0.3,0.13111,0,0,0,0,129.66,-7003.4,-34077,-3.8662e+05,-24405,-46.384,4.6766,-9.5748,113.26
-1.549,-0.22748,-0.041207,0.97291,-0.95271,0.3,0.13143,0,0,0,0,128.82,-7070.9,-35425,-3.8715e+05,-23829,-46.447,4.8387,-9.8443,113.42
-1.5498,-0.22749,-0.041206,0.97291,-0.95225,0.3,0.13154,0,0,0,0,128.55,-7074.6,-36143,-3.8771e+05,-23781,-46.542,4.9313,-9.9733,113.58
-1.5697,-0.2533,-0.029797,0.96692,-0.95092,0.3,0.13187,0,0,0,0,127.89,-7165.7,-37655,-3.864e+05,-21547,-46.235,5.0419,-10.131,113.27
-1.5466,-0.26463,-0.025116,0.96402,-0.94954,0.3,0.13225,0,0,0,0,127.08,-7060.3,-35823,-3.8128e+05,-19266,-45.098,4.7124,-10.151,111.91
-1.5037,-0.26565,-0.024222,0.96376,-0.94838,0.3,0.13257,0,0,0,0,125.58,-6864.5,-33076,-3.7473e+05,-18134,-43.655,4.3156,-10.184,110.16
-1.4937,-0.26565,-0.024224,0.96377,-0.94812,0.3,0.13264,0,0,0,0,125.11,-6818.7,-32518,-3.7301e+05,-17984,-43.279,4.241,-10.221,109.71
-1.4715,-0.26565,-0.024225,0.96377,-0.94676,0.3,0.13302,0,0,0,0,123.79,-6717.5,-31308,-3.6937e+05,-17793,-42.495,4.082,-10.251,108.76
-1.4594,-0.26742,-0.024917,0.96326,-0.94631,0.3,0.13314,0,0,0,0,123.41,-6662.2,-30970,-3.681e+05,-17820,-42.221,4.0386,-10.269,108.43
-1.4379,-0.26993,-0.025752,0.96254,-0.94504,0.3,0.13349,0,0,0,0,121.89,-6564.1,-30345,-3.649e+05,-18194,-41.519,3.9669,-10.391,107.61
-1.426,-0.27158,-0.02628,0.96206,-0.94377,0.3,0.13385,0,0,0,0,120.02,-6509.6,-30209,-3.6227e+05,-18445,-40.953,3.944,-10.505,106.96
-1.4207,-0.27241,-0.02558,0.96184,-0.94167,0.3,0.13445,0,0,0,0,118.33,-6485.2,-30922,-3.615e+05,-18472,-40.738,4.0213,-10.726,106.79
-1.4312,-0.28256,-0.02139,0.95901,-0.94041,0.3,0.1348,0,0,0,0,117.34,-6533.2,-32553,-3.6173e+05,-17628,-40.729,4.1838,-10.939,106.88
-1.4336,-0.29668,-0.015171,0.95485,-0.93906,0.3,0.13522,0,0,0,0,116.48,-6544.2,-32779,-3.5947e+05,-15519,-40.246,4.1251,-11.003,106.31
-1.4046,-0.30384,-0.011378,0.95265,-0.93792,0.3,0.13558,0,0,0,0,114.99,-6411.8,-31008,-3.5356e+05,-13928,-39.051,3.8317,-10.899,104.75
-1.3953,-0.30384,-0.011373,0.95265,-0.93767,0.3,0.13566,0,0,0,0,114.67,-6369.6,-30511,-3.5227e+05,-13702,-38.792,3.7597,-10.846,104.4
-1.3636,-0.30384,-0.011368,0.95266,-0.93631,0.3,0.13609,0,0,0,0,113.32,-6224.6,-29080,-3.4769e+05,-13242,-37.872,3.5595,-10.753,103.19
-1.3496,-0.30383,-0.011364,0.95266,-0.93587,0.3,0.13623,0,0,0,0,112.92,-6160.6,-28444,-3.4604e+05,-12905,-37.524,3.4722,-10.758,102.75
-1.3184,-0.30494,-0.011878,0.9523,-0.93462,0.3,0.13663,0,0,0,0,111.33,-6018.3,-27110,-3.4239e+05,-12723,-36.769,3.3057,-10.777,101.78
-1.3047,-0.30783,-0.012959,0.95135,-0.93337,0.3,0.13703,0,0,0,0,109.38,-5955.9,-25944,-3.3909e+05,-12908,-36.113,3.1692,-10.762,100.93
-1.289,-0.30972,-0.013669,0.95073,-0.93129,0.3,0.13771,0,0,0,0,107.53,-5884.4,-25467,-3.3573e+05,-13134,-35.457,3.1058,-10.728,100.07
-1.2708,-0.3098,-0.013784,0.9507,-0.9301,0.3,0.1381,0,0,0,0,106.22,-5801.1,-25583,-3.3375e+05,-13288,-35.044,3.1114,-10.789,99.574
-1.2708,-0.31582,-0.01077,0.94875,-0.92886,0.3,0.1385,0,0,0,0,104.83,-5800.9,-26631,-3.3288e+05,-12677,-34.854,3.1991,-10.866,99.377
-1.2704,-0.32863,-0.0046357,0.94444,-0.9268,0.3,0.1392,0,0,0,0,103.5,-5799.1,-27064,-3.3034e+05,-10765,-34.362,3.1621,-10.839,98.725
-1.2406,-0.33552,-0.0014128,0.94203,-0.92562,0.3,0.13962,0,0,0,0,102.22,-5663.4,-25487,-3.2518e+05,-9142.8,-33.365,2.9081,-10.75,97.351
-1.2031,-0.33564,-0.0013094,0.94199,-0.92441,0.3,0.14006,0,0,0,0,100.28,-5492,-23192,-3.1937e+05,-8334.6,-32.27,2.6154,-10.614,95.802
-1.1767,-0.33621,-0.001652,0.94179,-0.92239,0.3,0.14078,0,0,0,0,98.378,-5371.7,-21344,-3.152e+05,-7892.4,-31.493,2.3935,-10.518,94.691
-1.1567,-0.33884,-0.0026576,0.94084,-0.92124,0.3,0.14119,0,0,0,0,96.554,-5280,-19992,-3.1159e+05,-7913.2,-30.827,2.2428,-10.434,93.735
-1.1364,-0.34119,-0.0036414,0.93999,-0.91923,0.3,0.14192,0,0,0,0,94.74,-5187.4,-19138,-3.0775e+05,-8087.8,-30.135,2.1453,-10.328,92.736
-1.1159,-0.34149,-0.0039628,0.93988,-0.91805,0.3,0.14234,0,0,0,0,93.417,-5094,-18908,-3.0521e+05,-8201.9,-29.67,2.1141,-10.297,92.084
-1.1053,-0.34293,-0.002563,0.93936,-0.91682,0.3,0.14279,0,0,0,0,91.932,-5045.4,-19208,-3.0357e+05,-7883.6,-29.364,2.1232,-10.305,91.671
-1.1014,-0.35082,0.0011915,0.93644,-0.91478,0.3,0.14354,0,0,0,0,90.635,-5027.7,-19688,-3.0217e+05,-6840.8,-29.117,2.1231,-10.274,91.316
-1.0851,-0.35874,0.0044962,0.93343,-0.91361,0.3,0.14399,0,0,0,0,89.603,-4953.4,-18946,-2.9914e+05,-5467.2,-28.579,1.9876,-10.186,90.508
-1.0553,-0.36021,0.0054484,0.93285,-0.9124,0.3,0.14445,0,0,0,0,87.969,-4817.5,-16798,-2.9377e+05,-4368.2,-27.647,1.7243,-10.012,89.073
-1.0266,-0.36021,0.0054484,0.93286,-0.9104,0.3,0.14523,0,0,0,0,86.3,-4686.3,-14937,-2.8923e+05,-3749.4,-26.875,1.5121,-9.8491,87.863
-1.0038,-0.36146,0.0047517,0.93238,-0.90926,0.3,0.14567,0,0,0,0,84.686,-4582.3,-13327,-2.8577e+05,-3464.4,-26.288,1.3433,-9.7314,86.938
-0.98538,-0.36428,0.0033605,0.93128,-0.90726,0.3,0.14644,0,0,0,0,83.087,-4498.2,-11935,-2.8225e+05,-3551.8,-25.701,1.2081,-9.6023,86.004
-0.96612,-0.36586,0.0026648,0.93067,-0.9061,0.3,0.1469,0,0,0,0,81.897,-4410.2,-11410,-2.794e+05,-3674,-25.226,1.1556,-9.5221,85.258
-0.94926,-0.36586,0.002664,0.93067,-0.90489,0.3,0.14738,0,0,0,0,80.41,-4333.3,-10886,-2.7644e+05,-3495.4,-24.751,1.0931,-9.4092,84.485
-0.93471,-0.36638,0.0031229,0.93046,-0.90289,0.3,0.14816,0,0,0,0,79.061,-4266.8,-10510,-2.7415e+05,-3246.6,-24.378,1.0428,-9.3299,83.883
-0.92246,-0.37081,0.0049746,0.92869,-0.90175,0.3,0.14861,0,0,0,0,77.837,-4210.9,-10226,-2.7184e+05,-2566.3,-24.007,0.98649,-9.2469,83.276
-0.90491,-0.37563,0.0072985,0.92674,-0.89977,0.3,0.14941,0,0,0,0,76.575,-4130.8,-9399.8,-2.6847e+05,-1491.2,-23.476,0.86913,-9.1075,82.382
-0.88112,-0.37655,0.0082314,0.92636,-0.89861,0.3,0.14988,0,0,0,0,75.55,-4022.2,-8218.9,-2.6517e+05,-716.14,-22.954,0.73379,-8.9904,81.501
-0.86241,-0.37656,0.0081913,0.92636,-0.89741,0.3,0.15037,0,0,0,0,74.197,-3936.8,-6722.4,-2.6193e+05,-176.38,-22.458,0.58177,-8.8481,80.639
-0.84627,-0.37737,0.0076723,0.92603,-0.89542,0.3,0.15118,0,0,0,0,72.926,-3863.1,-5252.7,-2.5924e+05,164.17,-22.049,0.44196,-8.7304,79.923
-0.8299,-0.37988,0.0065416,0.92501,-0.89428,0.3,0.15164,0,0,0,0,71.679,-3788.4,-4030.2,-2.562e+05,222.97,-21.594,0.33404,-8.5933,79.116
-0.81111,-0.38174,0.0056701,0.92425,-0.8923,0.3,0.15246,0,0,0,0,70.405,-3702.6,-3138.6,-2.5275e+05,263.42,-21.081,0.25433,-8.4344,78.198
-0.792,-0.38187,0.0054508,0.9242,-0.89115,0.3,0.15294,0,0,0,0,69.462,-3615.4,-2619.5,-2.5018e+05,405.53,-20.699,0.20419,-8.3332,77.516
-0.77678,-0.38184,0.0053912,0.92421,-0.88995,0.3,0.15343,0,0,0,0,68.237,-3545.9,-1812.1,-2.473e+05,703.11,-20.289,0.12646,-8.1898,76.752
-0.76067,-0.38137,0.0051682,0.92441,-0.88796,0.3,0.15426,0,0,0,0,67.077,-3472.4,-959.04,-2.4461e+05,961.1,-19.908,0.047518,-8.052,76.038
-0.74399,-0.38076,0.0048831,0.92466,-0.88683,0.3,0.15472,0,0,0,0,65.974,-3396.2,-193.74,-2.42e+05,1182.2,-19.547,-0.021779,-7.9126,75.348
-0.72866,-0.38057,0.0047513,0.92474,-0.88485,0.3,0.15554,0,0,0,0,64.9,-3326.3,517.46,-2.3948e+05,1438.6,-19.198,-0.087279,-7.7782,74.68
-0.7151,-0.38056,0.0047399,0.92474,-0.88369,0.3,0.15602,0,0,0,0,64.172,-3264.4,1039.6,-2.3782e+05,1697.2,-18.964,-0.13706,-7.7051,74.239
-0.70371,-0.38056,0.0047412,0.92474,-0.8825,0.3,0.15651,0,0,0,0,63.251,-3212.4,1789.6,-2.3581e+05,2033.6,-18.694,-0.20645,-7.5966,73.711
-0.69098,-0.38056,0.0047425,0.92474,-0.88051,0.3,0.15733,0,0,0,0,62.392,-3154.3,2546.7,-2.3383e+05,2356,-18.428,-0.27528,-7.4902,73.19
-0.6774,-0.38056,0.004743,0.92474,-0.87938,0.3,0.15779,0,0,0,0,61.588,-3092.3,3345.9,-2.3184e+05,2675,-18.163,-0.346,-7.3851,72.668
-0.66464,-0.38071,0.0046042,0.92468,-0.87742,0.3,0.1586,0,0,0,0,60.814,-3034,4203.1,-2.2995e+05,2991.5,-17.913,-0.42024,-7.286,72.173
-0.65231,-0.38134,0.0035975,0.92443,-0.87629,0.3,0.15906,0,0,0,0,60.072,-2977.7,5186.8,-2.2811e+05,3124.6,-17.67,-0.49694,-7.1921,71.692
-0.63993,-0.38279,0.001148,0.92383,-0.87431,0.3,0.15988,0,0,0,0,59.339,-2921.2,6279.6,-2.2619e+05,2886,-17.412,-0.56927,-7.1015,71.186
-0.62832,-0.38474,-0.0019743,0.92302,-0.87315,0.3,0.16036,0,0,0,0,58.837,-2868.2,7028.6,-2.2476e+05,2368.7,-17.213,-0.60701,-7.0525,70.806
-0.617,-0.38651,-0.0048296,0.92227,-0.87196,0.3,0.16086,0,0,0,0,58.113,-2816.5,7635.3,-2.2259e+05,1890.7,-16.93,-0.63428,-6.9514,70.23
-0.60252,-0.38769,-0.0067661,0.92177,-0.86998,0.3,0.16169,0,0,0,0,57.373,-2750.5,7988.1,-2.2019e+05,1557.2,-16.618,-0.6467,-6.8371,69.588
-0.58614,-0.38797,-0.0072314,0.92164,-0.86885,0.3,0.16217,0,0,0,0,56.544,-2675.7,8013,-2.1734e+05,1486.7,-16.254,-0.64194,-6.6925,68.817
-0.56865,-0.38617,-0.0063493,0.92241,-0.86687,0.3,0.163,0,0,0,0,55.666,-2595.8,7938.7,-2.1443e+05,1726,-15.886,-0.63952,-6.5412,68.029
-0.55344,-0.38339,-0.0050084,0.92357,-0.86571,0.3,0.16348,0,0,0,0,55.074,-2526.4,8108,-2.1281e+05,2172.9,-15.682,-0.66293,-6.4622,67.593
-0.54355,-0.38224,-0.0043368,0.92405,-0.86452,0.3,0.16397,0,0,0,0,54.318,-2481.3,8874,-2.1114e+05,2699.9,-15.482,-0.73086,-6.3598,67.147
-0.53193,-0.38218,-0.0042803,0.92408,-0.86253,0.3,0.1648,0,0,0,0,53.588,-2428.2,9733.8,-2.0918e+05,3180.8,-15.247,-0.8024,-6.2426,66.619
-0.51632,-0.38025,-0.0062357,0.92486,-0.8614,0.3,0.16526,0,0,0,0,52.737,-2357,11260,-2.0593e+05,3386.8,-14.865,-0.90729,-6.0571,65.755
-0.49634,-0.36991,-0.011684,0.92899,-0.8594,0.3,0.16609,0,0,0,0,52.11,-2265.8,12893,-2.0387e+05,2560.5,-14.625,-0.9936,-5.9514,65.219
-0.48308,-0.35915,-0.016784,0.93313,-0.85823,0.3,0.16654,0,0,0,0,52.114,-2205.2,13038,-2.0507e+05,1207.2,-14.785,-0.96845,-5.995,65.556
-0.48247,-0.35673,-0.018452,0.93402,-0.85705,0.3,0.16699,0,0,0,0,52.098,-2202.4,12190,-2.0702e+05,437.38,-15.056,-0.89252,-6.0062,66.083
-0.48244,-0.35674,-0.018454,0.93402,-0.85505,0.3,0.16775,0,0,0,0,52.009,-2202.3,11398,-2.0837e+05,173.22,-15.246,-0.83474,-5.9964,66.445
-0.47992,-0.35718,-0.018775,0.93385,-0.85389,0.3,0.16819,0,0,0,0,51.843,-2190.8,11191,-2.0872e+05,47.784,-15.304,-0.81844,-5.9679,66.541
-0.47582,-0.3587,-0.019487,0.93325,-0.85188,0.3,0.16896,0,0,0,0,51.637,-2172.1,11170,-2.0852e+05,-108.36,-15.289,-0.8126,-5.9291,66.485
-0.46981,-0.35986,-0.019952,0.93279,-0.85071,0.3,0.16941,0,0,0,0,51.503,-2144.6,11159,-2.0793e+05,-168.04,-15.217,-0.80907,-5.8918,66.317
-0.46184,-0.35994,-0.020027,0.93276,-0.8495,0.3,0.16988,0,0,0,0,51.161,-2108.2,11324,-2.0644e+05,2.9772,-15.038,-0.8219,-5.8045,65.9
-0.45036,-0.35949,-0.020475,0.93292,-0.84744,0.3,0.17068,0,0,0,0,50.687,-2055.8,11942,-2.0402e+05,282.73,-14.75,-0.86633,-5.665,65.231
-0.43387,-0.35243,-0.024352,0.93551,-0.84617,0.3,0.17117,0,0,0,0,50.345,-1980.6,13254,-2.0212e+05,-303.21,-14.534,-0.93834,-5.5677,64.729
-0.42851,-0.34071,-0.027592,0.93976,-0.84554,0.3,0.1714,0,0,0,0,50.318,-1956.1,13601,-2.0205e+05,-929.38,-14.532,-0.94535,-5.5598,64.716
-0.42094,-0.32991,-0.037187,0.94326,-0.84441,0.3,0.17181,0,0,0,0,50.453,-1921.6,13645,-2.035e+05,-2591.4,-14.74,-0.90855,-5.5649,65.1
-0.42064,-0.32713,-0.038245,0.94421,-0.84313,0.3,0.17225,0,0,0,0,50.784,-1920.2,12617,-2.0683e+05,-4144.2,-15.141,-0.80195,-5.6464,65.829
-0.4295,-0.32774,-0.038319,0.94399,-0.84188,0.3,0.17268,0,0,0,0,50.955,-1960.6,11007,-2.1187e+05,-4631.5,-15.561,-0.67785,-5.7102,65.977
-0.43384,-0.32491,-0.041119,0.94485,-0.83986,0.3,0.17338,0,0,0,0,51.122,-1980.4,10340,-2.2121e+05,-5364.5,-15.909,-0.59591,-5.7846,64.286
-0.43232,-0.31667,-0.045041,0.94746,-0.83869,0.3,0.17379,0,0,0,0,51.507,-1973.5,10881,-2.4165e+05,-7597.9,-16.411,-0.54263,-5.9484,60.143
-0.43611,-0.30118,-0.052478,0.95212,-0.83745,0.3,0.17418,0,0,0,0,53.018,-1990.8,11343,-2.9292e+05,-12379,-17.786,-0.42179,-6.2911,52.845
-0.45605,-0.29601,-0.056233,0.95353,-0.83545,0.3,0.1748,0,0,0,0,55.929,-2081.8,10920,-3.7999e+05,-19563,-20.122,-0.23422,-6.8247,44.124
-0.46145,-0.29595,-0.056313,0.95354,-0.83522,0.3,0.17487,0,0,0,0,56.565,-2106.5,10639,-3.9728e+05,-20953,-20.585,-0.19296,-6.9341,42.704
-0.47469,-0.29595,-0.056309,0.95354,-0.83471,0.3,0.17503,0,0,0,0,58.063,-2166.9,9220.5,-4.2483e+05,-23785,-21.526,-0.07817,-7.136,41.331
-0.48623,-0.29595,-0.056309,0.95354,-0.83429,0.3,0.17516,0,0,0,0,59.289,-2219.6,8112.4,-4.515e+05,-26709,-22.349,0.025337,-7.3208,39.712
-0.49252,-0.29679,-0.056415,0.95328,-0.83409,0.3,0.17522,0,0,0,0,59.909,-2248.3,6928.9,-4.6e+05,-28122,-22.714,0.10223,-7.3761,39.553
-0.52119,-0.29699,-0.056423,0.95321,-0.83331,0.3,0.17547,0,0,0,0,62.879,-2379.2,1983.9,-5.0775e+05,-36609,-24.678,0.53506,-7.7811,38.286
-0.54562,-0.29724,-0.056284,0.95314,-0.83283,0.3,0.17561,0,0,0,0,65.78,-2490.7,-809.28,-5.6895e+05,-40392,-26.765,0.79125,-8.7908,36.945
-0.55405,-0.29728,-0.05625,0.95313,-0.83271,0.3,0.17565,0,0,0,0,66.717,-2529.2,1235,-5.8758e+05,-41831,-27.594,0.99495,-9.1913,36.644
-0.58812,-0.2974,-0.056297,0.95309,-0.83234,0.3,0.17577,0,0,0,0,69.761,-2684.7,6248.9,-6.5683e+05,-52412,-30.59,2.271,-10.926,35.443
-0.57964,-0.29756,-0.056269,0.95304,-0.83219,0.3,0.17582,0,0,0,0,69.887,-2646,5517.4,-6.6335e+05,-43802,-30.44,1.6053,-10.828,35.127
-0.59228,-0.29775,-0.056204,0.95299,-0.83186,0.3,0.17592,0,0,0,0,70.959,-2703.7,10859,-6.9005e+05,-45547,-31.586,1.9307,-11.471,34.619
-4.4031,0.88539,-0.43637,-0.16013,-1.2313,0.3,0.1051,0,0,0,0,101.7,-20099,-5.7395e+05,-9.2057e+05,-4.9768e+05,62.008,-84.571,85.893,81.785
-4.7529,0.89723,-0.43699,-0.05763,-1.2313,0.3,0.10496,0,0,0,0,121.5,-21696,-4.5837e+05,-9.3774e+05,-5.0356e+05,46.864,-79.027,101.65,79.338
-5.2119,0.79885,-0.52423,0.29246,-1.2312,0.3,0.10465,0,0,0,0,148.32,-23792,-2.9418e+05,-9.0396e+05,-4.7441e+05,31.052,-70.327,115.92,77.228
-5.466,0.77528,-0.50991,0.36074,-1.2311,0.3,0.10441,0,0,0,0,163.56,-24952,-2.1763e+05,-8.6294e+05,-4.5097e+05,25.931,-67.776,123.15,77.791
-5.6453,0.75244,-0.44729,0.48336,-1.231,0.3,0.10427,0,0,0,0,172.22,-25770,-1.7877e+05,-7.9503e+05,-4.1823e+05,24.163,-66.505,124.51,78.131
-5.6024,0.64556,-0.38591,0.6532,-1.2306,0.3,0.10382,0,0,0,0,168.59,-25574,1717.2,-5.4344e+05,-3.0576e+05,17.84,-51.609,96.401,69.398
-5.5833,0.62764,-0.37626,0.68147,-1.2306,0.3,0.10377,0,0,0,0,167.83,-25487,21819,-5.1381e+05,-2.9043e+05,16.422,-49.454,92.33,68.136
-5.5747,0.62329,-0.37583,0.68525,-1.2305,0.3,0.10375,0,0,0,0,167.3,-25448,27383,-5.0439e+05,-2.8725e+05,16.224,-48.956,90.936,67.742
-5.437,0.54023,-0.37785,0.75153,-1.2303,0.3,0.10357,0,0,0,0,155.5,-24820,34347,-4.1708e+05,-2.3791e+05,9.5251,-40.729,73.158,62.086
-5.1956,0.52152,-0.35665,0.77349,-1.2301,0.3,0.10346,0,0,0,0,136.64,-23717,67494,-3.1525e+05,-1.9962e+05,7.7695,-33.379,54.698,55.351
-4.7625,0.42807,-0.32551,0.84228,-1.2293,0.3,0.10302,0,0,0,0,103.62,-21740,1.6075e+05,-63865,-1.0246e+05,4.8644,-17.287,13.933,43.209
-4.6418,0.39935,-0.31254,0.86168,-1.2289,0.3,0.10284,0,0,0,0,92.696,-21189,1.7519e+05,-3278,-80463,5.5059,-14.359,5.5369,40.695
-4.5945,0.38558,-0.30658,0.86967,-1.2285,0.3,0.10264,0,0,0,0,91.713,-20973,1.7666e+05,8227,-72817,4.3937,-13.781,2.7233,44.366
-4.464,0.31748,-0.26531,0.91039,-1.2276,0.3,0.10229,0,0,0,0,87.089,-20378,1.8548e+05,37683,-56359,1.3563,-11.868,-4.5683,50.988
-4.3758,0.30894,-0.26083,0.91462,-1.2264,0.3,0.10186,0,0,0,0,101.97,-19975,1.814e+05,32082,-49732,0.82469,-12.442,-4.9739,57.067
-4.3034,0.23745,-0.23302,0.94303,-1.225,0.3,0.10142,0,0,0,0,118.57,-19645,1.7241e+05,26404,-40079,0.78066,-11.836,-4.3246,57.282
-4.288,0.23884,-0.2295,0.94355,-1.2246,0.3,0.10133,0,0,0,0,122.66,-19575,1.7411e+05,25933,-39391,0.81068,-12.066,-4.3458,58.046
-4.213,0.23248,-0.22206,0.94689,-1.224,0.3,0.10119,0,0,0,0,136.46,-19232,1.7295e+05,23208,-36645,0.7161,-11.942,-4.3346,58.017
-4.0527,0.23967,-0.22371,0.94473,-1.2234,0.3,0.10104,0,0,0,0,153.7,-18500,1.664e+05,6981.6,-38936,-0.49074,-11.227,-4.2497,56.804
-4.0376,0.247,-0.22238,0.94313,-1.2231,0.3,0.10096,0,0,0,0,158.24,-18431,1.6882e+05,3658.7,-40378,-0.73166,-11.517,-4.3981,57.675
-3.7288,0.24853,-0.22002,0.9433,-1.2218,0.3,0.10061,0,0,0,0,171.49,-17022,1.6083e+05,-29962,-46599,-3.1371,-10.873,-3.8768,56.739
-3.4676,0.23181,-0.2163,0.94841,-1.2204,0.3,0.10025,0,0,0,0,167.08,-15829,1.5566e+05,-56873,-48019,-4.9191,-10.636,-2.9687,57.103
-3.3035,0.21693,-0.21324,0.95261,-1.219,0.3,0.099934,0,0,0,0,158.91,-15080,1.4961e+05,-74771,-47314,-6.019,-10.28,-2.1855,57.165
-3.2706,0.19842,-0.20773,0.9578,-1.2186,0.3,0.099852,0,0,0,0,156.85,-14930,1.4779e+05,-77693,-46982,-6.1741,-10.138,-2.0139,56.963
-3.2335,0.19452,-0.20491,0.95917,-1.2181,0.3,0.099755,0,0,0,0,152.37,-14761,1.456e+05,-80812,-45394,-6.2756,-9.9843,-1.8198,56.729
-3.1481,0.16053,-0.187,0.96915,-1.2171,0.3,0.099546,0,0,0,0,141.32,-14371,1.4026e+05,-89131,-42010,-6.6145,-9.6346,-1.3906,56.36
-3.0485,0.16847,-0.18607,0.96798,-1.2158,0.3,0.099328,0,0,0,0,139.26,-13916,1.3098e+05,-99081,-41033,-7.167,-8.9606,-1.2078,55.808
-2.9332,0.17554,-0.18564,0.96681,-1.2143,0.3,0.099062,0,0,0,0,143.61,-13390,1.1884e+05,-1.1472e+05,-43009,-8.3332,-8.186,-1.0481,56.239
-2.8304,0.17623,-0.18546,0.96672,-1.2129,0.3,0.0988,0,0,0,0,144.57,-12921,1.0571e+05,-1.335e+05,-44626,-9.8639,-7.4552,-0.72347,57.768
-2.748,0.17623,-0.18546,0.96672,-1.2115,0.3,0.098543,0,0,0,0,144,-12544,92009,-1.5373e+05,-46375,-11.66,-6.7728,-0.28929,60.256
-2.6912,0.176,-0.1854,0.96677,-1.2101,0.3,0.098285,0,0,0,0,143.03,-12285,80352,-1.7298e+05,-48424,-13.597,-6.2521,0.15599,63.446
-2.6817,0.17305,-0.18491,0.96739,-1.2097,0.3,0.098225,0,0,0,0,142.38,-12242,77904,-1.7717e+05,-48641,-14.043,-6.1403,0.26692,64.189
-2.6752,0.17223,-0.18888,0.96676,-1.2093,0.3,0.098142,0,0,0,0,139.8,-12212,74933,-1.8247e+05,-47939,-14.587,-5.9985,0.43165,65.133
-2.6566,0.13199,-0.16469,0.97746,-1.2082,0.3,0.097941,0,0,0,0,133.87,-12127,67875,-1.9717e+05,-46113,-16.119,-5.7012,0.81186,67.876
-2.6457,0.12591,-0.16142,0.97882,-1.2068,0.3,0.097767,0,0,0,0,122.91,-12077,65123,-2.0192e+05,-42327,-16.509,-5.5379,1.0029,68.538
-2.6092,0.13118,-0.15936,0.97847,-1.2053,0.3,0.097577,0,0,0,0,117.06,-11911,62778,-2.0362e+05,-41637,-16.688,-5.3603,1.0513,68.745
-2.5743,0.13705,-0.15864,0.97778,-1.2039,0.3,0.097372,0,0,0,0,115.83,-11751,59767,-2.089e+05,-42406,-17.371,-5.1895,1.1548,69.903
-2.5573,0.13719,-0.15849,0.97778,-1.2024,0.3,0.097168,0,0,0,0,115.68,-11674,55923,-2.1713e+05,-43187,-18.441,-4.9894,1.3266,71.767
-2.5464,0.13719,-0.1585,0.97778,-1.201,0.3,0.096968,0,0,0,0,116.3,-11624,51171,-2.2611e+05,-44036,-19.638,-4.7146,1.5347,73.815
-2.5398,0.1372,-0.1585,0.97778,-1.1996,0.3,0.096769,0,0,0,0,117.07,-11594,46680,-2.3412e+05,-44872,-20.735,-4.4423,1.7388,75.669
-2.5384,0.13719,-0.15849,0.97778,-1.1992,0.3,0.096723,0,0,0,0,117.28,-11587,45640,-2.3593e+05,-45077,-20.989,-4.3765,1.7846,76.09
-2.5381,0.13719,-0.15849,0.97778,-1.1988,0.3,0.09666,0,0,0,0,117.79,-11586,43852,-2.393e+05,-45248,-21.466,-4.26,1.854,76.879
-2.5378,0.13719,-0.15849,0.97778,-1.1977,0.3,0.096502,0,0,0,0,119.35,-11585,39413,-2.488e+05,-45633,-22.813,-3.9811,2.0293,79.126
-2.5523,0.11472,-0.14761,0.98237,-1.1963,0.3,0.096321,0,0,0,0,117.9,-11651,35438,-2.5724e+05,-43305,-23.965,-3.6866,2.2034,81.003
-2.557,0.099365,-0.14087,0.98503,-1.1949,0.3,0.096168,0,0,0,0,113.9,-11673,34239,-2.5957e+05,-40373,-24.23,-3.5596,2.2046,81.399
-2.5308,0.099761,-0.13751,0.98546,-1.1934,0.3,0.096026,0,0,0,0,111.37,-11553,33787,-2.5949e+05,-39511,-24.216,-3.4832,2.0764,81.319
-2.5061,0.10461,-0.13637,0.98512,-1.1919,0.3,0.09587,0,0,0,0,110.63,-11440,32417,-2.6211e+05,-39728,-24.636,-3.3634,2.0541,81.953
-2.5003,0.1054,-0.1359,0.9851,-1.1904,0.3,0.095712,0,0,0,0,110.45,-11414,30469,-2.6706e+05,-40161,-25.417,-3.2173,2.1181,83.183
-2.5007,0.1054,-0.1359,0.9851,-1.189,0.3,0.095555,0,0,0,0,110.71,-11416,27904,-2.7265e+05,-40721,-26.31,-3.018,2.205,84.575
-2.5044,0.1054,-0.1359,0.9851,-1.1875,0.3,0.095401,0,0,0,0,111.35,-11432,24858,-2.7867e+05,-41300,-27.287,-2.7729,2.3156,86.081
-2.5116,0.1054,-0.13591,0.9851,-1.1861,0.3,0.095249,0,0,0,0,111.98,-11465,21998,-2.8416e+05,-41897,-28.19,-2.5386,2.4352,87.463
-2.513,0.1054,-0.1359,0.9851,-1.1858,0.3,0.095218,0,0,0,0,112.17,-11471,21366,-2.8531e+05,-42044,-28.383,-2.4857,2.46,87.755
-2.5159,0.1054,-0.1359,0.9851,-1.1854,0.3,0.095173,0,0,0,0,112.64,-11485,20282,-2.8752e+05,-42294,-28.756,-2.3939,2.4967,88.315
-2.5253,0.10422,-0.13471,0.98539,-1.1842,0.3,0.095045,0,0,0,0,114.25,-11528,17190,-2.9445e+05,-42782,-29.92,-2.1304,2.588,90.064
-2.5506,0.089929,-0.12864,0.9876,-1.1829,0.3,0.094902,0,0,0,0,114.85,-11643,14077,-3.0096e+05,-41088,-30.986,-1.8299,2.7079,91.633
-2.5692,0.074198,-0.1219,0.98976,-1.1814,0.3,0.094785,0,0,0,0,113.76,-11728,13058,-3.0322e+05,-38304,-31.321,-1.6991,2.6975,92.102
-2.5568,0.067871,-0.11934,0.99053,-1.1799,0.3,0.094683,0,0,0,0,112.42,-11672,13494,-3.0244e+05,-37358,-31.177,-1.7055,2.481,91.851
-2.5372,0.065791,-0.11954,0.99065,-1.1784,0.3,0.094583,0,0,0,0,111.15,-11582,12944,-3.0132e+05,-37400,-30.991,-1.6221,2.2927,91.529
-2.521,0.066904,-0.11726,0.99084,-1.1769,0.3,0.094487,0,0,0,0,110.26,-11508,11119,-3.0134e+05,-36688,-30.979,-1.4174,2.1878,91.47
-2.5095,0.070999,-0.11255,0.9911,-1.1754,0.3,0.094385,0,0,0,0,110.09,-11456,9087.3,-3.031e+05,-35326,-31.258,-1.197,2.1389,91.852
-2.5072,0.074248,-0.10838,0.99133,-1.1739,0.3,0.094273,0,0,0,0,110.45,-11445,7456,-3.0633e+05,-34227,-31.805,-1.0255,2.1404,92.638
-2.513,0.075843,-0.10642,0.99142,-1.1725,0.3,0.094159,0,0,0,0,111.11,-11472,5905.7,-3.1056e+05,-34008,-32.554,-0.87081,2.1883,93.721
-2.5246,0.076256,-0.106,0.99144,-1.171,0.3,0.094045,0,0,0,0,111.95,-11524,3969.9,-3.1546e+05,-34455,-33.439,-0.67918,2.2648,94.997
-2.5397,0.076257,-0.106,0.99144,-1.1695,0.3,0.093931,0,0,0,0,113.17,-11594,1431.4,-3.2135e+05,-35152,-34.523,-0.42042,2.3395,96.542
-2.5658,0.073719,-0.10322,0.99192,-1.1681,0.3,0.09382,0,0,0,0,114.4,-11713,-1760.9,-3.2795e+05,-34490,-35.732,-0.074102,2.4171,98.23
-2.5957,0.04889,-0.092151,0.99454,-1.1666,0.3,0.093718,0,0,0,0,114.81,-11849,-3814.1,-3.3159e+05,-32431,-36.383,0.16319,2.5285,99.126
-2.5995,0.048683,-0.091885,0.99458,-1.1663,0.3,0.093703,0,0,0,0,114.74,-11867,-3854.1,-3.3158e+05,-31926,-36.374,0.17359,2.516,99.11
-2.5984,0.045373,-0.091905,0.99473,-1.165,0.3,0.093646,0,0,0,0,114.53,-11861,-2939,-3.3058e+05,-30604,-36.172,0.097206,2.3783,98.811
-2.5824,0.045336,-0.091867,0.99474,-1.164,0.3,0.093601,0,0,0,0,114.17,-11789,-2131.4,-3.2914e+05,-30473,-35.903,0.023772,2.2132,98.422
-2.5788,0.045355,-0.09166,0.99476,-1.1635,0.3,0.093579,0,0,0,0,114.07,-11772,-1862.5,-3.2869e+05,-30217,-35.815,0.0011027,2.1505,98.292
-2.5758,0.045206,-0.091741,0.99476,-1.1633,0.3,0.093567,0,0,0,0,113.95,-11758,-1827.4,-3.2821e+05,-30179,-35.723,-0.0017846,2.144,98.165
-2.5633,0.045281,-0.091651,0.99476,-1.1619,0.3,0.093507,0,0,0,0,113.65,-11701,-1649.2,-3.2805e+05,-30156,-35.694,-0.0087943,1.9963,98.102
-2.5566,0.045887,-0.090814,0.99481,-1.1605,0.3,0.09344,0,0,0,0,113.39,-11671,-1954.2,-3.2838e+05,-29982,-35.756,0.036203,1.877,98.175
-2.5546,0.046626,-0.089831,0.99486,-1.1589,0.3,0.093369,0,0,0,0,113.41,-11661,-2721.9,-3.2962e+05,-29749,-35.988,0.12896,1.8112,98.485
-2.557,0.047152,-0.089088,0.99491,-1.1575,0.3,0.093299,0,0,0,0,113.64,-11672,-3763.4,-3.3157e+05,-29651,-36.354,0.24925,1.7777,98.983
-2.5628,0.047399,-0.088718,0.99493,-1.156,0.3,0.093228,0,0,0,0,114.07,-11699,-5090.5,-3.3412e+05,-29748,-36.84,0.39999,1.7635,99.644
-2.572,0.047492,-0.088627,0.99493,-1.1545,0.3,0.093156,0,0,0,0,114.7,-11741,-6673.8,-3.3724e+05,-30031,-37.442,0.57957,1.7632,100.46
-2.5846,0.04749,-0.088626,0.99493,-1.153,0.3,0.093085,0,0,0,0,115.61,-11799,-8619,-3.4118e+05,-30496,-38.208,0.80239,1.7684,101.5
-2.6031,0.046009,-0.087384,0.99511,-1.1515,0.3,0.093014,0,0,0,0,116.86,-11883,-11337,-3.4663e+05,-30572,-39.272,1.1233,1.7632,102.92
-2.6351,0.034408,-0.082782,0.99597,-1.15,0.3,0.092944,0,0,0,0,117.85,-12029,-13795,-3.5079e+05,-29056,-40.076,1.4205,1.8198,103.99
-2.6516,0.021065,-0.077306,0.99678,-1.1485,0.3,0.09291,0,0,0,0,118.14,-12104,-14130,-3.5068e+05,-26841,-40.025,1.4715,1.7712,103.92
-2.634,0.017852,-0.075196,0.99701,-1.147,0.3,0.092884,0,0,0,0,118,-12024,-13259,-3.4831e+05,-25935,-39.542,1.3835,1.5367,103.27
-2.6138,0.017869,-0.075179,0.99701,-1.1455,0.3,0.092857,0,0,0,0,117.68,-11932,-12894,-3.4645e+05,-25963,-39.181,1.3526,1.3386,102.77
-2.6044,0.017917,-0.075112,0.99701,-1.144,0.3,0.09283,0,0,0,0,117.38,-11889,-13167,-3.4586e+05,-25994,-39.069,1.3927,1.207,102.61
-2.6008,0.017983,-0.074983,0.99702,-1.1425,0.3,0.092803,0,0,0,0,117.21,-11872,-13748,-3.4601e+05,-25991,-39.101,1.4669,1.1098,102.65
-2.5998,0.018093,-0.074823,0.99703,-1.141,0.3,0.092776,0,0,0,0,117.17,-11868,-14503,-3.4662e+05,-25984,-39.224,1.5604,1.0356,102.81
-2.6012,0.018185,-0.074692,0.99704,-1.1395,0.3,0.092749,0,0,0,0,117.27,-11874,-15410,-3.4767e+05,-26015,-39.432,1.6715,0.97952,103.09
-2.6051,0.01822,-0.074624,0.99705,-1.138,0.3,0.092721,0,0,0,0,117.52,-11892,-16493,-3.4916e+05,-26107,-39.729,1.8036,0.93679,103.48
-2.6117,0.018238,-0.074606,0.99705,-1.1365,0.3,0.092694,0,0,0,0,117.93,-11922,-17768,-3.5113e+05,-26268,-40.123,1.9597,0.90429,104.01
-2.6215,0.018238,-0.074605,0.99705,-1.135,0.3,0.092667,0,0,0,0,118.55,-11967,-19266,-3.5369e+05,-26519,-40.644,2.1451,0.87717,104.7
-2.6353,0.018087,-0.074454,0.99706,-1.1335,0.3,0.092639,0,0,0,0,119.47,-12030,-21183,-3.576e+05,-26848,-41.435,2.3881,0.83572,105.73
-2.6617,0.011175,-0.071414,0.99738,-1.132,0.3,0.092612,0,0,0,0,120.51,-12150,-23605,-3.6188e+05,-26074,-42.284,2.6949,0.79571,106.85
-2.6868,-0.0028808,-0.065425,0.99785,-1.1305,0.3,0.092605,0,0,0,0,121.17,-12265,-24691,-3.6315e+05,-23908,-42.489,2.8175,0.75198,107.13
-2.678,-0.010518,-0.061977,0.99802,-1.129,0.3,0.092621,0,0,0,0,121.27,-12225,-23667,-3.607e+05,-22473,-41.953,2.6874,0.57911,106.44
-2.6508,-0.010897,-0.061655,0.99804,-1.1275,0.3,0.092637,0,0,0,0,120.98,-12101,-22539,-3.5758e+05,-22252,-41.325,2.5642,0.35197,105.62
-2.6336,-0.010956,-0.061768,0.99803,-1.126,0.3,0.092654,0,0,0,0,120.56,-12022,-22154,-3.5571e+05,-22282,-40.964,2.5258,0.20432,105.14
-2.6251,-0.011163,-0.062054,0.99801,-1.1245,0.3,0.09267,0,0,0,0,120.12,-11983,-22152,-3.5471e+05,-22384,-40.775,2.5323,0.0945,104.88
-2.62,-0.01142,-0.062555,0.99798,-1.123,0.3,0.092687,0,0,0,0,119.74,-11960,-22352,-3.5414e+05,-22574,-40.676,2.5619,0.0061525,104.75
-2.6169,-0.011735,-0.063116,0.99794,-1.1216,0.3,0.092704,0,0,0,0,119.44,-11946,-22741,-3.5393e+05,-22803,-40.64,2.6119,-0.066532,104.71
-2.6156,-0.012019,-0.063541,0.99791,-1.1201,0.3,0.092722,0,0,0,0,119.23,-11940,-23288,-3.5403e+05,-22994,-40.663,2.6802,-0.12768,104.74
-2.616,-0.012123,-0.063761,0.99789,-1.1186,0.3,0.092741,0,0,0,0,119.13,-11942,-23964,-3.5445e+05,-23121,-40.753,2.7645,-0.18047,104.87
-2.6184,-0.01218,-0.063818,0.99789,-1.1171,0.3,0.092759,0,0,0,0,119.15,-11953,-24764,-3.5526e+05,-23214,-40.921,2.8648,-0.22703,105.09
-2.6232,-0.01218,-0.063818,0.99789,-1.1156,0.3,0.092777,0,0,0,0,119.32,-11975,-25695,-3.5655e+05,-23329,-41.184,2.9828,-0.27159,105.44
-2.6309,-0.012181,-0.063818,0.99789,-1.1141,0.3,0.092795,0,0,0,0,119.72,-12010,-26808,-3.587e+05,-23529,-41.612,3.1265,-0.32601,106.02
-2.6455,-0.01507,-0.062175,0.99795,-1.1126,0.3,0.092814,0,0,0,0,120.32,-12076,-28364,-3.6168e+05,-23188,-42.2,3.3247,-0.39975,106.8
-2.6653,-0.02417,-0.058426,0.998,-1.1111,0.3,0.092839,0,0,0,0,120.79,-12167,-29257,-3.6307e+05,-21957,-42.463,3.4255,-0.42124,107.15
-2.6673,-0.031118,-0.05605,0.99794,-1.1096,0.3,0.092886,0,0,0,0,120.93,-12176,-28222,-3.6199e+05,-21000,-42.209,3.3048,-0.52529,106.83
-2.6542,-0.03373,-0.057269,0.99779,-1.1081,0.3,0.092933,0,0,0,0,120.89,-12116,-26425,-3.6058e+05,-21451,-41.911,3.1213,-0.74672,106.44
-2.6475,-0.039351,-0.06075,0.99737,-1.1066,0.3,0.092985,0,0,0,0,120.73,-12086,-25576,-3.5943e+05,-23025,-41.706,3.0396,-0.88463,106.16
-2.638,-0.043805,-0.063444,0.99702,-1.1051,0.3,0.093052,0,0,0,0,120.38,-12042,-25914,-3.5756e+05,-24185,-41.355,3.0802,-1.0043,105.71
-2.6224,-0.044519,-0.064145,0.99695,-1.1036,0.3,0.093118,0,0,0,0,119.86,-11971,-26641,-3.5532e+05,-24330,-40.923,3.1575,-1.1387,105.15
-2.6103,-0.044517,-0.064145,0.99695,-1.1021,0.3,0.093185,0,0,0,0,119.3,-11916,-27266,-3.5371e+05,-24185,-40.614,3.2217,-1.2354,104.76
-2.6029,-0.044517,-0.064145,0.99695,-1.1006,0.3,0.093252,0,0,0,0,118.78,-11882,-27827,-3.5271e+05,-24107,-40.422,3.2831,-1.3114,104.52
-2.5984,-0.044518,-0.064145,0.99695,-1.0991,0.3,0.093318,0,0,0,0,118.34,-11861,-28451,-3.5218e+05,-24083,-40.322,3.3547,-1.3773,104.4
-2.5962,-0.044517,-0.064145,0.99695,-1.0976,0.3,0.093385,0,0,0,0,118.02,-11852,-29185,-3.5206e+05,-24091,-40.305,3.4412,-1.4355,104.39
-2.5968,-0.044518,-0.064145,0.99695,-1.0961,0.3,0.093453,0,0,0,0,117.85,-11854,-30090,-3.5251e+05,-24183,-40.401,3.5516,-1.4872,104.53
-2.6007,-0.044518,-0.064143,0.99695,-1.0947,0.3,0.093518,0,0,0,0,117.77,-11872,-30941,-3.5325e+05,-24353,-40.554,3.6579,-1.5317,104.74
-2.6077,-0.044518,-0.064144,0.99695,-1.0934,0.3,0.093576,0,0,0,0,118.06,-11904,-32245,-3.5519e+05,-24558,-40.943,3.8251,-1.5933,105.28
-2.6092,-0.044517,-0.064144,0.99695,-1.0931,0.3,0.093588,0,0,0,0,118.14,-11911,-32553,-3.557e+05,-24634,-41.045,3.8657,-1.611,105.42
-2.619,-0.044786,-0.06388,0.99695,-1.0924,0.3,0.093617,0,0,0,0,118.26,-11955,-33332,-3.5644e+05,-24347,-41.18,3.9641,-1.6655,105.62
-2.6302,-0.054705,-0.060418,0.99666,-1.0918,0.3,0.093647,0,0,0,0,118.46,-12007,-34142,-3.5739e+05,-23774,-41.357,4.062,-1.7171,105.87
-2.6337,-0.054642,-0.060441,0.99666,-1.0914,0.3,0.093662,0,0,0,0,118.6,-12022,-34585,-3.581e+05,-23656,-41.498,4.1176,-1.7416,106.06
-2.6481,-0.067072,-0.054146,0.99627,-1.09,0.3,0.093751,0,0,0,0,118.83,-12088,-35172,-3.5804e+05,-22050,-41.458,4.1688,-1.8519,106.03
-2.6299,-0.073693,-0.051454,0.99595,-1.0886,0.3,0.093857,0,0,0,0,118.58,-12005,-33822,-3.544e+05,-20809,-40.708,3.9814,-1.9942,105.04
-2.5942,-0.073188,-0.050642,0.99603,-1.0871,0.3,0.093966,0,0,0,0,117.95,-11842,-32597,-3.5025e+05,-20248,-39.878,3.822,-2.1483,103.94
-2.571,-0.071705,-0.049667,0.99619,-1.0856,0.3,0.094074,0,0,0,0,117.22,-11736,-31961,-3.4791e+05,-19700,-39.414,3.7369,-2.2447,103.33
-2.5604,-0.070769,-0.049003,0.99629,-1.0841,0.3,0.09418,0,0,0,0,116.57,-11688,-31439,-3.4699e+05,-19347,-39.227,3.6753,-2.3198,103.08
-2.5559,-0.070622,-0.048855,0.99631,-1.0826,0.3,0.094286,0,0,0,0,116.09,-11667,-30991,-3.4683e+05,-19260,-39.19,3.6288,-2.3856,103.03
-2.5542,-0.070622,-0.048855,0.99631,-1.0811,0.3,0.094391,0,0,0,0,115.79,-11660,-30695,-3.4725e+05,-19262,-39.271,3.6036,-2.452,103.15
-2.5559,-0.070731,-0.048966,0.99629,-1.0797,0.3,0.094497,0,0,0,0,115.78,-11667,-30629,-3.4869e+05,-19375,-39.543,3.6136,-2.5366,103.52
-2.5723,-0.079167,-0.049733,0.99562,-1.0782,0.3,0.094602,0,0,0,0,115.84,-11742,-30509,-3.4996e+05,-20037,-39.781,3.6174,-2.6168,103.85
-2.575,-0.088479,-0.050925,0.99478,-1.0767,0.3,0.094733,0,0,0,0,115.61,-11755,-30712,-3.4831e+05,-20793,-39.459,3.64,-2.7176,103.44
-2.5499,-0.089466,-0.051462,0.99466,-1.0752,0.3,0.094865,0,0,0,0,115.11,-11640,-31487,-3.451e+05,-20917,-38.839,3.7124,-2.8251,102.64
-2.5309,-0.089465,-0.051461,0.99466,-1.0738,0.3,0.094995,0,0,0,0,114.53,-11553,-32187,-3.4299e+05,-20829,-38.436,3.7791,-2.8912,102.13
-2.5207,-0.089462,-0.051461,0.99466,-1.0726,0.3,0.095104,0,0,0,0,113.99,-11507,-32851,-3.4219e+05,-20863,-38.279,3.8532,-2.9588,101.94
-2.5194,-0.089463,-0.051459,0.99466,-1.0723,0.3,0.095125,0,0,0,0,113.89,-11501,-33032,-3.4215e+05,-20901,-38.27,3.8755,-2.9766,101.93
-2.5195,-0.089723,-0.05117,0.99465,-1.0709,0.3,0.095256,0,0,0,0,113.62,-11501,-33982,-3.4234e+05,-20653,-38.298,3.9856,-3.0587,102
-2.5193,-0.096181,-0.048749,0.99417,-1.0705,0.3,0.095292,0,0,0,0,113.57,-11500,-34267,-3.4257e+05,-20596,-38.342,4.0198,-3.093,102.07
-2.5221,-0.099517,-0.047327,0.99391,-1.0691,0.3,0.095425,0,0,0,0,113.31,-11513,-34664,-3.4253e+05,-19838,-38.314,4.0593,-3.2133,102.06
-2.5167,-0.10593,-0.04616,0.9933,-1.0676,0.3,0.095576,0,0,0,0,112.95,-11488,-33992,-3.4122e+05,-19533,-38.044,3.9744,-3.3236,101.7
-2.5001,-0.10949,-0.046453,0.9929,-1.0662,0.3,0.095738,0,0,0,0,112.42,-11413,-33490,-3.3886e+05,-19690,-37.582,3.9089,-3.4265,101.09
-2.4798,-0.10984,-0.046643,0.99285,-1.0647,0.3,0.095902,0,0,0,0,111.78,-11320,-33569,-3.366e+05,-19720,-37.149,3.9069,-3.5084,100.52
-2.4664,-0.10984,-0.046643,0.99285,-1.0632,0.3,0.096066,0,0,0,0,111.19,-11259,-33931,-3.3535e+05,-19722,-36.91,3.942,-3.5765,100.21
-2.4589,-0.10984,-0.046644,0.99285,-1.0617,0.3,0.096228,0,0,0,0,110.8,-11225,-34531,-3.3525e+05,-19814,-36.888,4.013,-3.6636,100.21
-2.4583,-0.11228,-0.045414,0.99264,-1.0603,0.3,0.096383,0,0,0,0,110.6,-11222,-35575,-3.3584e+05,-19581,-36.996,4.1332,-3.7606,100.39
-2.4601,-0.11825,-0.043176,0.99204,-1.059,0.3,0.096533,0,0,0,0,110.25,-11230,-35999,-3.3556e+05,-18805,-36.928,4.1652,-3.8227,100.33
-2.4514,-0.12972,-0.041093,0.9907,-1.0569,0.3,0.096799,0,0,0,0,109.71,-11190,-35243,-3.3352e+05,-18395,-36.514,4.0628,-3.9103,99.774
-2.4302,-0.13213,-0.041101,0.99038,-1.0556,0.3,0.096974,0,0,0,0,109.11,-11094,-34633,-3.3066e+05,-18464,-35.955,3.9842,-4.0273,99.02
-2.4081,-0.13221,-0.04117,0.99037,-1.0542,0.3,0.097166,0,0,0,0,108.4,-10993,-34594,-3.2836e+05,-18440,-35.516,3.9683,-4.1255,98.432
-2.3956,-0.13221,-0.04117,0.99037,-1.0527,0.3,0.097362,0,0,0,0,107.79,-10936,-34821,-3.2738e+05,-18459,-35.328,3.9904,-4.2121,98.194
-2.389,-0.13228,-0.041104,0.99036,-1.0512,0.3,0.097557,0,0,0,0,107.46,-10905,-35368,-3.2774e+05,-18567,-35.387,4.0585,-4.3234,98.31
-2.3905,-0.13628,-0.039251,0.98989,-1.0498,0.3,0.097749,0,0,0,0,107.31,-10912,-36375,-3.2865e+05,-18218,-35.549,4.1743,-4.4334,98.575
-2.3919,-0.14358,-0.036587,0.98896,-1.0483,0.3,0.097958,0,0,0,0,106.99,-10919,-36817,-3.2835e+05,-17448,-35.481,4.2089,-4.4912,98.507
-2.3885,-0.15133,-0.034776,0.98787,-1.0477,0.3,0.098062,0,0,0,0,106.82,-10903,-36652,-3.2762e+05,-17289,-35.338,4.1844,-4.5091,98.313
-2.3724,-0.15652,-0.034871,0.98706,-1.0465,0.3,0.098244,0,0,0,0,106.26,-10830,-35923,-3.2522e+05,-17047,-34.871,4.0819,-4.5521,97.666
-2.3454,-0.15728,-0.03456,0.98695,-1.0451,0.3,0.098461,0,0,0,0,105.61,-10707,-35414,-3.2193e+05,-16932,-34.238,4.0086,-4.6563,96.802
-2.3204,-0.15729,-0.034562,0.98695,-1.0437,0.3,0.098686,0,0,0,0,104.8,-10592,-35406,-3.1944e+05,-16977,-33.767,3.9945,-4.7566,96.167
-2.307,-0.15729,-0.034564,0.98695,-1.0422,0.3,0.098917,0,0,0,0,104.14,-10531,-35627,-3.1855e+05,-17029,-33.593,4.0156,-4.8616,95.952
-2.3009,-0.15771,-0.034158,0.98689,-1.0408,0.3,0.099147,0,0,0,0,103.88,-10503,-36340,-3.1939e+05,-17101,-33.733,4.1029,-5.0142,96.2
-2.3047,-0.16407,-0.031556,0.98594,-1.0394,0.3,0.099365,0,0,0,0,103.78,-10521,-37459,-3.2072e+05,-16633,-33.964,4.2278,-5.1342,96.574
-2.303,-0.17468,-0.027857,0.98423,-1.0381,0.3,0.099587,0,0,0,0,103.27,-10513,-37006,-3.1933e+05,-15503,-33.676,4.1529,-5.2226,96.189
-2.2769,-0.18407,-0.025987,0.98257,-1.036,0.3,0.099982,0,0,0,0,102.44,-10394,-35477,-3.1534e+05,-14962,-32.911,3.9543,-5.3215,95.112
-2.2427,-0.18607,-0.026178,0.98219,-1.0347,0.3,0.10023,0,0,0,0,101.56,-10238,-34860,-3.1157e+05,-15023,-32.21,3.8635,-5.3919,94.125
-2.2184,-0.18607,-0.026176,0.98219,-1.0333,0.3,0.1005,0,0,0,0,100.65,-10127,-34712,-3.092e+05,-14982,-31.771,3.8305,-5.4629,93.516
-2.2057,-0.18608,-0.026178,0.98219,-1.0319,0.3,0.10076,0,0,0,0,99.969,-10069,-34818,-3.0856e+05,-15080,-31.639,3.8406,-5.5591,93.363
-2.2013,-0.19106,-0.023486,0.9813,-1.0306,0.3,0.101,0,0,0,0,99.421,-10049,-36077,-3.0911e+05,-14654,-31.711,3.9694,-5.7168,93.541
-2.2002,-0.20481,-0.017957,0.97864,-1.0285,0.3,0.10143,0,0,0,0,98.875,-10044,-36705,-3.0852e+05,-13320,-31.576,3.9999,-5.8474,93.398
-2.1814,-0.21671,-0.015064,0.97612,-1.0272,0.3,0.10171,0,0,0,0,98.129,-9957.8,-35158,-3.0471e+05,-12398,-30.863,3.791,-5.9076,92.361
-2.143,-0.21998,-0.015066,0.97539,-1.0258,0.3,0.10202,0,0,0,0,97.024,-9782.5,-33673,-2.9963e+05,-12244,-29.937,3.6019,-5.9526,91.006
-2.11,-0.22006,-0.015131,0.97537,-1.0245,0.3,0.10233,0,0,0,0,95.883,-9631.9,-33051,-2.9607e+05,-12181,-29.304,3.5118,-5.9858,90.077
-2.0878,-0.22006,-0.01513,0.97537,-1.0232,0.3,0.10261,0,0,0,0,94.708,-9530.4,-32904,-2.947e+05,-12212,-29.046,3.4865,-6.0566,89.724
-2.0786,-0.22552,-0.01226,0.97416,-1.0211,0.3,0.10309,0,0,0,0,93.934,-9488.4,-33914,-2.9534e+05,-11840,-29.115,3.5853,-6.2559,89.92
-2.08,-0.24196,-0.0058883,0.97026,-1.0198,0.3,0.10339,0,0,0,0,93.538,-9494.9,-34780,-2.9552e+05,-10472,-29.131,3.6396,-6.3671,89.994
-2.0585,-0.25684,-0.0010144,0.96645,-1.0185,0.3,0.10374,0,0,0,0,92.724,-9396.7,-33143,-2.9173e+05,-8912.4,-28.451,3.4132,-6.3627,88.951
-2.007,-0.26097,-6.6116e-05,0.96535,-1.0172,0.3,0.10409,0,0,0,0,90.803,-9161.7,-30163,-2.8344e+05,-8059.2,-27.011,3.0473,-6.2984,86.708
-1.9551,-0.26157,-0.00015399,0.96519,-1.0151,0.3,0.10466,0,0,0,0,88.654,-8924.7,-28348,-2.7634e+05,-7844.2,-25.806,2.8195,-6.2203,84.817
-1.9202,-0.26156,-0.00015218,0.96519,-1.0139,0.3,0.10498,0,0,0,0,87.327,-8765.3,-27910,-2.7384e+05,-7977.8,-25.344,2.7629,-6.3189,84.15
-1.9094,-0.27329,0.0050668,0.96191,-1.0126,0.3,0.10533,0,0,0,0,85.967,-8716.2,-29067,-2.7334e+05,-7060.6,-25.23,2.8484,-6.4639,84.055
-1.8949,-0.29865,0.015503,0.95423,-1.0105,0.3,0.10594,0,0,0,0,84.493,-8649.9,-28960,-2.6939e+05,-4344.7,-24.592,2.7437,-6.4619,83.029
-1.8403,-0.31325,0.020695,0.94945,-1.0093,0.3,0.10634,0,0,0,0,82.703,-8400.6,-25480,-2.5982e+05,-2153.9,-23.048,2.305,-6.3032,80.414
-1.7703,-0.31423,0.020672,0.94912,-1.0081,0.3,0.10675,0,0,0,0,79.665,-8081.4,-21537,-2.4908e+05,-1433.9,-21.326,1.8743,-6.057,77.301
-1.7162,-0.31424,0.020674,0.94912,-1.006,0.3,0.10743,0,0,0,0,76.747,-7834.2,-19255,-2.4378e+05,-1346.7,-20.248,1.6235,-5.9877,74.921
-1.6861,-0.32338,0.025925,0.9459,-1.0049,0.3,0.10783,0,0,0,0,74.975,-7697,-20194,-2.4819e+05,-229.38,-19.987,1.6138,-6.2522,72.755
-1.6713,-0.35407,0.038749,0.93435,-1.0036,0.3,0.10826,0,0,0,0,72.779,-7629.1,-20521,-2.6583e+05,4984.3,-19.546,1.3708,-6.4719,65.832
-1.5983,-0.38321,0.049036,0.92236,-1.0016,0.3,0.10907,0,0,0,0,69.969,-7296,-16483,-3.0967e+05,12256,-18.466,0.73442,-6.4462,51.832
-1.4896,-0.38355,0.051094,0.9221,-1.0008,0.3,0.10941,0,0,0,0,66.724,-6799.8,-9785.5,-3.5049e+05,16695,-17.118,0.20041,-6.185,40.498
-1.4526,-0.38355,0.051089,0.92211,-1.0005,0.3,0.10953,0,0,0,0,65.698,-6631,-8122.8,-3.6657e+05,18121,-16.767,0.057545,-6.1117,36.712
-1.3842,-0.38355,0.051089,0.9221,-0.99944,0.3,0.10999,0,0,0,0,63.249,-6318.7,-3538.8,-3.8528e+05,19248,-15.991,-0.16203,-5.8731,32.116
-1.3455,-0.38357,0.051084,0.9221,-0.99881,0.3,0.11025,0,0,0,0,61.629,-6142,4565.6,-4.0189e+05,20041,-15.744,-0.45736,-5.7923,29.835
-1.3139,-0.38355,0.051071,0.92211,-0.99824,0.3,0.11049,0,0,0,0,61.698,-5997.8,13865,-4.702e+05,20523,-17.079,-0.64295,-6.6218,26.961
-1.3224,-0.38355,0.05107,0.92211,-0.99794,0.3,0.11061,0,0,0,0,62.725,-6036.7,22147,-5.1602e+05,20145,-18.351,-0.76657,-7.5545,26.447
-1.3061,-0.38355,0.051063,0.92211,-0.99713,0.3,0.11095,0,0,0,0,62.903,-5962.2,19796,-5.4179e+05,19356,-18.951,-0.61949,-7.8774,25.361
-1.3369,0.40748,-0.11058,-0.90649,-0.15414,0.3,0.26793,0,0,0,0,1.8464,-6102.8,-46899,2.1769e+06,-2.7975e+05,-42.172,-4.5372,-27.888,11.558
-1.246,0.49252,-0.11056,-0.8632,-0.1552,0.3,0.2674,0,0,0,0,1.9881,-5688.1,-34845,2.7252e+06,-3.535e+05,-50.92,-5.7695,-38.868,11.996
-1.3155,0.31395,-0.10831,-0.94307,-0.15179,0.3,0.26887,0,0,0,0,3.2694,-6004.9,-69038,1.9072e+06,-2.455e+05,-41.22,-4.0408,-19.33,12.498
-0.87552,0.55006,-0.11043,-0.82779,-0.1569,0.3,0.26627,0,0,0,0,2.5574,-3996.7,-33931,3.6116e+06,-5.2989e+05,-57.525,-8.8003,-55.6,10.935
-1.3135,0.30087,-0.10807,-0.94752,-0.15168,0.3,0.26891,0,0,0,0,3.5077,-5996,-71748,1.8987e+06,-2.4286e+05,-41.572,-4.0558,-18.949,12.708
-0.51424,0.75067,-0.099694,-0.64972,-0.15778,0.3,0.26535,0,0,0,0,2.5286,-2347.4,2652.8,4.0416e+06,-6.7015e+05,-53.408,-11.058,-65.757,9.6184
-1.3086,0.29621,-0.10789,-0.94896,-0.15124,0.3,0.26903,0,0,0,0,3.7701,-5973.7,-72396,1.8317e+06,-2.3381e+05,-41.237,-3.9594,-17.754,13.264
-0.36757,0.7721,-0.098578,-0.62763,-0.15809,0.3,0.26504,0,0,0,0,2.4083,-1677.9,14481,4.2061e+06,-7.2114e+05,-51.125,-11.95,-69.863,9.0261
-1.2874,0.21312,-0.10483,-0.97139,-0.14933,0.3,0.26959,0,0,0,0,4.7266,-5876.8,-80244,1.5977e+06,-2.0242e+05,-41.282,-3.6966,-12.854,15.837
-0.29643,0.81666,-0.10338,-0.56379,-0.15812,0.3,0.265,0,0,0,0,2.2448,-1353.2,32249,4.1998e+06,-7.5805e+05,-48.264,-12.502,-70.66,8.6977
-1.289,0.18088,-0.10315,-0.97808,-0.14641,0.3,0.27023,0,0,0,0,4.1584,-5884.4,-67595,1.2394e+06,-1.485e+05,-35.368,-2.9875,-8.8794,17.863
-0.20269,0.84698,-0.10603,-0.52056,-0.15816,0.3,0.26493,0,0,0,0,2.0148,-925.26,52010,4.2127e+06,-7.79e+05,-44.495,-12.84,-72.011,8.3054
-1.2306,0.088148,-0.097384,-0.99126,-0.14278,0.3,0.27077,0,0,0,0,5.4644,-5617.4,-66619,1.0065e+06,-1.1013e+05,-31.787,-2.7549,-5.5708,20.748
-0.037847,0.8637,-0.11192,-0.49059,-0.15828,0.3,0.2647,0,0,0,0,1.8957,-172.77,65647,4.0548e+06,-7.9237e+05,-37.701,-13.275,-70.69,7.8115
-1.2271,0.083507,-0.097076,-0.99176,-0.14265,0.3,0.27078,0,0,0,0,5.5931,-5601.4,-67761,9.9961e+05,-1.0911e+05,-31.754,-2.7913,-5.4453,20.915
0.23515,0.94229,-0.088213,-0.32281,-0.15855,0.3,0.26419,0,0,0,0,1.6937,1073.4,81339,3.8279e+06,-8.0242e+05,-26.929,-13.807,-68.901,7.0214
-1.2187,0.081579,-0.096855,-0.99195,-0.14218,0.3,0.27082,0,0,0,0,7.8678,-5563.4,-67470,9.7428e+05,-1.0567e+05,-31.28,-2.7724,-5.0917,21.31
0.62878,0.98645,-0.072884,-0.14622,-0.15872,0.3,0.26353,0,0,0,0,1.7678,2870.3,87355,2.8333e+06,-7.2545e+05,-10.256,-13.342,-52.567,5.9137
-1.1296,0.069298,-0.093493,-0.9932,-0.13753,0.3,0.27114,0,0,0,0,29.689,-5156.4,-67005,7.4476e+05,-75061,-27.272,-2.7222,-2.3526,25.315
0.81436,0.99788,-0.063425,-0.014414,-0.15873,0.3,0.26284,0,0,0,0,1.7525,3717.5,1.1949e+05,2.1176e+06,-6.7311e+05,-2.5204,-12.463,-39.578,5.1337
-1.0194,-0.027065,-0.092665,-0.99533,-0.1317,0.3,0.27114,0,0,0,0,52.675,-4653.6,-61139,5.3863e+05,-49610,-21.212,-2.4431,-0.2051,27.382
-0.86987,-0.072657,-0.089168,-0.99336,-0.12578,0.3,0.27082,0,0,0,0,51.362,-3970.9,-61202,4.4101e+05,-34340,-17.167,-2.3066,1.0081,26.959
-0.71574,-0.099304,-0.086574,-0.99128,-0.11983,0.3,0.27027,0,0,0,0,46.977,-3267.3,-67089,3.8485e+05,-25697,-14.264,-2.3835,1.4478,25.291
-0.57435,-0.10549,-0.086122,-0.99068,-0.1139,0.3,0.26963,0,0,0,0,42.476,-2621.9,-72027,3.4677e+05,-21341,-12.044,-2.4058,1.4993,23.167
-0.47323,-0.10693,-0.086141,-0.99053,-0.10798,0.3,0.26901,0,0,0,0,39.637,-2160.2,-76199,3.3699e+05,-20024,-10.945,-2.3853,1.459,21.1
-0.39223,-0.098887,-0.08679,-0.99131,-0.10217,0.3,0.26836,0,0,0,0,37.816,-1790.5,-84817,3.5694e+05,-22295,-10.519,-2.4144,1.3253,18.262
-0.31725,-0.087879,-0.087481,-0.99228,-0.096554,0.3,0.26787,0,0,0,0,32.246,-1448.2,-1.0738e+05,4.2827e+05,-30175,-11.034,-2.6841,1.1373,14.708
-0.27264,-0.065984,-0.088827,-0.99386,-0.092207,0.3,0.26757,0,0,0,0,20.086,-1244.6,-1.3165e+05,5.2201e+05,-39393,-11.994,-2.9529,1.0286,11.742
-0.26749,-0.065705,-0.088815,-0.99388,-0.09171,0.3,0.26753,0,0,0,0,18.744,-1221.1,-1.3506e+05,5.3377e+05,-40588,-12.111,-2.9926,1.0164,11.336
-0.26612,-0.049929,-0.090082,-0.99468,-0.091578,0.3,0.26753,0,0,0,0,18.457,-1214.8,-1.3586e+05,5.3695e+05,-41105,-12.135,-2.9971,1.0098,11.229
-0.23138,-0.025966,-0.091779,-0.99544,-0.086652,0.3,0.26728,0,0,0,0,7.5216,-1056.2,-1.5927e+05,6.4984e+05,-54709,-13.331,-3.2014,0.81279,8.564
-0.22805,-0.025967,-0.091779,-0.99544,-0.086299,0.3,0.26727,0,0,0,0,6.9006,-1041,-1.6289e+05,6.7094e+05,-56728,-13.619,-3.2412,0.80569,8.249
-0.21259,-0.025744,-0.091677,-0.99546,-0.084362,0.3,0.26722,0,0,0,0,4.5037,-970.43,-1.8071e+05,7.6608e+05,-66581,-14.959,-3.4649,0.74917,6.9176
-0.21228,-0.025555,-0.091908,-0.99544,-0.084197,0.3,0.26721,0,0,0,0,4.3236,-969.02,-1.8304e+05,7.8122e+05,-67222,-15.198,-3.4961,0.77116,6.7783
-0.21932,-0.022033,-0.09198,-0.99551,-0.083049,0.3,0.26719,0,0,0,0,3.0737,-1001.2,-1.8535e+05,8.5826e+05,-76638,-16.313,-3.4633,0.72682,5.6143
-0.22093,-0.019666,-0.09203,-0.99556,-0.082576,0.3,0.26717,0,0,0,0,2.6181,-1008.5,-1.8459e+05,8.8494e+05,-80054,-16.691,-3.4226,0.68832,5.1788
-0.22247,-0.018839,-0.091988,-0.99558,-0.081884,0.3,0.26716,0,0,0,0,2.2766,-1015.6,-1.84e+05,9.1965e+05,-86253,-17.25,-3.4001,0.57255,4.752
-0.22549,-0.016249,-0.092241,-0.9956,-0.080681,0.3,0.26714,0,0,0,0,1.755,-1029.3,-1.8075e+05,9.9173e+05,-96958,-18.459,-3.325,0.38038,4.1073
-0.22391,-0.016224,-0.092266,-0.9956,-0.080597,0.3,0.26714,0,0,0,0,1.7096,-1022.1,-1.7905e+05,1.0107e+06,-99431,-18.8,-3.294,0.33746,4.0139
-0.22947,-0.010727,-0.092553,-0.99565,-0.080004,0.3,0.26713,0,0,0,0,1.2127,-1047.5,-1.5853e+05,1.1055e+06,-1.1114e+05,-20.486,-2.9219,0.10257,3.4994
-0.24302,-0.0050025,-0.092945,-0.99566,-0.079397,0.3,0.26713,0,0,0,0,0.70169,-1109.4,-1.7771e+05,1.3181e+06,-1.3532e+05,-24.417,-3.1842,0.92704,3.2272
-0.24986,-0.0047784,-0.093047,-0.99565,-0.07875,0.3,0.26713,0,0,0,0,0.42594,-1140.6,-2.2049e+05,1.5001e+06,-1.561e+05,-27.799,-3.8732,1.8749,3.0908
-0.90963,-0.077283,0.10506,0.99052,0.061749,0.3,0.50027,0,0,0,0,91.399,-4152.4,91573,-7.1274e+05,81848,-35.411,-4.4415,-0.10181,38.225
-0.83822,-0.12781,0.056656,0.99009,0.066403,0.3,0.50085,0,0,0,0,87.005,-3826.4,68736,-6.3712e+05,51900,-31.281,-3.5132,-2.0554,37.107
-0.95105,-0.071825,0.12007,0.99005,0.059655,0.3,0.5,0,0,0,0,93.676,-4341.4,93569,-7.0869e+05,88032,-37.003,-4.6548,0.99874,41.247
-0.67119,-0.18545,0.046086,0.98156,0.071981,0.3,0.50184,0,0,0,0,75.606,-3063.9,42040,-5.7906e+05,31718,-25.819,-2.0293,-3.3957,32.869
-0.98576,-0.072772,0.13836,0.98723,0.056984,0.3,0.49993,0,0,0,0,86.154,-4499.9,1.0818e+05,-7.69e+05,1.1665e+05,-39.125,-4.849,2.9311,41.542
-0.5095,-0.19915,0.037788,0.97924,0.077676,0.3,0.50301,0,0,0,0,64.468,-2325.8,8002.6,-5.2316e+05,17775,-21.172,-0.45478,-3.6994,29.077
-1.0589,-0.039678,0.17666,0.98346,0.053997,0.3,0.4998,0,0,0,0,84.472,-4833.6,1.2748e+05,-8.6224e+05,1.5038e+05,-43.278,-5.2121,5.6227,41.293
-0.38267,-0.19522,0.03915,0.97998,0.083333,0.3,0.50418,0,0,0,0,57.084,-1746.9,-19363,-5.1749e+05,12006,-18.533,0.59789,-3.5833,24.815
-1.101,0.065497,0.1881,0.9796,0.051252,0.3,0.49983,0,0,0,0,54.937,-5025.7,1.6905e+05,-1.0565e+06,2.0778e+05,-48.304,-5.8224,8.6518,36.772
-0.29339,-0.18196,0.048472,0.98208,0.089257,0.3,0.50531,0,0,0,0,51.759,-1339.3,-47867,-5.7564e+05,16997,-17.653,1.3426,-3.3558,19.765
-1.0585,0.097236,0.20863,0.97287,0.048634,0.3,0.50005,0,0,0,0,19.575,-4832.1,2.2972e+05,-1.3363e+06,2.7471e+05,-52.546,-6.552,11.489,29.546
-0.28273,-0.17999,0.051503,0.98222,0.089775,0.3,0.5054,0,0,0,0,48.49,-1290.6,-51357,-5.8672e+05,19670,-17.584,1.412,-3.2785,19.191
-1.0553,0.10213,0.21266,0.97171,0.048268,0.3,0.50007,0,0,0,0,14.556,-4817.3,2.3452e+05,-1.3606e+06,2.7998e+05,-52.951,-6.5801,11.883,28.991
-0.27219,-0.16954,0.058256,0.98377,0.091654,0.3,0.50576,0,0,0,0,50.983,-1242.5,-63948,-5.8906e+05,17974,-17.073,1.7459,-3.1979,17.749
-1.054,0.10208,0.21137,0.97188,0.04815,0.3,0.50008,0,0,0,0,14.89,-4811.3,2.3691e+05,-1.3715e+06,2.8354e+05,-53.114,-6.5865,12.054,28.703
-0.26725,-0.16675,0.059766,0.98419,0.092174,0.3,0.50585,0,0,0,0,50.657,-1220,-66436,-5.9283e+05,18471,-16.993,1.8038,-3.1686,17.362
-1.0489,0.10767,0.21455,0.97074,0.047837,0.3,0.50012,0,0,0,0,14.644,-4788.1,2.3916e+05,-1.3826e+06,2.8859e+05,-53.395,-6.5935,12.247,28.385
-0.26532,-0.16611,0.060206,0.98426,0.092252,0.3,0.50587,0,0,0,0,50.644,-1211.1,-66919,-5.9455e+05,18865,-17.001,1.8119,-3.1625,17.292
-0.96201,0.14854,0.24597,0.95779,0.045078,0.3,0.50055,0,0,0,0,13.795,-4391.5,2.9276e+05,-1.6322e+06,3.8449e+05,-55.676,-6.206,15.781,24.39
-0.25861,-0.16385,0.061344,0.98454,0.092561,0.3,0.50592,0,0,0,0,47.767,-1180.5,-67967,-5.9977e+05,21366,-16.936,1.8089,-3.1067,16.991
-0.82986,0.2077,0.27014,0.94015,0.042536,0.3,0.50116,0,0,0,0,8.8407,-3788.2,3.942e+05,-2.0307e+06,5.4401e+05,-57.343,-5.5294,20.624,18.341
-0.22331,-0.15581,0.065106,0.98561,0.094182,0.3,0.50619,0,0,0,0,36.066,-1019.4,-74149,-6.2896e+05,32129,-16.72,1.8285,-2.8509,15.497
-0.82466,0.27914,0.30791,0.90954,0.042436,0.3,0.50118,0,0,0,0,8.7599,-3764.5,3.9809e+05,-2.046e+06,5.5025e+05,-57.406,-5.4988,20.817,18.129
-0.19572,-0.14441,0.071265,0.98695,0.095203,0.3,0.50634,0,0,0,0,27.895,-893.44,-78118,-6.5485e+05,40129,-16.698,1.8333,-2.6789,14.45
-0.82464,0.2793,0.30787,0.90951,0.042435,0.3,0.50118,0,0,0,0,8.7509,-3764.4,3.9822e+05,-2.0464e+06,5.5028e+05,-57.401,-5.4992,20.818,18.12
-0.18428,-0.13874,0.074352,0.98747,0.096675,0.3,0.50652,0,0,0,0,22.978,-841.23,-77825,-6.7472e+05,46836,-16.668,1.7643,-2.5468,13.731
-0.82297,0.27981,0.30826,0.90918,0.042416,0.3,0.50119,0,0,0,0,8.7247,-3756.8,3.9909e+05,-2.0486e+06,5.5173e+05,-57.384,-5.4829,20.869,18.088
-0.13524,-0.11904,0.086062,0.98914,0.098801,0.3,0.50682,0,0,0,0,14.172,-617.34,-76740,-7.2834e+05,60042,-17.051,1.6176,-2.3405,12.187
-0.70802,0.34981,0.33917,0.87327,0.040827,0.3,0.50172,0,0,0,0,5.5951,-3232,4.9168e+05,-2.3119e+06,6.691e+05,-55.817,-4.4808,25.114,14.135
-0.12385,-0.11174,0.089256,0.98972,0.10147,0.3,0.50712,0,0,0,0,9.2943,-565.35,-76323,-8.2413e+05,74967,-18.13,1.4714,-2.2684,10.546
-0.57347,0.35715,0.34099,0.86957,0.0397,0.3,0.50218,0,0,0,0,4.5264,-2617.8,5.278e+05,-2.427e+06,7.655e+05,-55.131,-2.6377,29.139,12.917
-0.1221,-0.095954,0.099765,0.99036,0.10178,0.3,0.50714,0,0,0,0,9.0615,-557.36,-75562,-8.391e+05,77723,-18.3,1.4455,-2.2361,10.326
-0.54336,0.39003,0.36111,0.84694,0.039473,0.3,0.50228,0,0,0,0,4.6407,-2480.4,5.3025e+05,-2.4425e+06,7.8988e+05,-55.034,-2.0967,29.966,12.84
-0.11507,-0.0993,0.11019,0.98891,0.10387,0.3,0.50738,0,0,0,0,6.7426,-525.27,-83575,-9.3723e+05,95301,-19.38,1.5239,-2.0583,8.6957
-0.46742,0.40751,0.37069,0.83448,0.038867,0.3,0.50255,0,0,0,0,5.0004,-2133.7,5.3514e+05,-2.4904e+06,8.5278e+05,-54.938,-0.68659,32.088,12.614
-0.11318,-0.099485,0.11097,0.98882,0.10398,0.3,0.50739,0,0,0,0,6.5381,-516.66,-86541,-9.4745e+05,98171,-19.45,1.5689,-2.0445,8.5071
-0.38827,0.42893,0.38283,0.81776,0.038324,0.3,0.50283,0,0,0,0,5.2161,-1772.4,5.4703e+05,-2.5272e+06,9.1998e+05,-54.307,0.74797,34.097,12.354
-0.10453,-0.067261,0.11386,0.99122,0.10652,0.3,0.50757,0,0,0,0,5.9196,-477.17,-84920,-1.0209e+06,1.0434e+05,-20.444,1.5062,-1.8928,7.7311
-0.28093,0.46729,0.40584,0.78532,0.037519,0.3,0.50332,0,0,0,0,5.3857,-1282.4,6.0002e+05,-2.682e+06,1.0512e+06,-53.819,2.8573,37.493,11.732
-0.11218,-0.056248,0.1225,0.99087,0.10778,0.3,0.50765,0,0,0,0,5.122,-512.07,-65901,-1.1009e+06,1.2772e+05,-21.702,1.1179,-1.6307,7.0565
-0.078567,0.58959,0.4619,0.66186,0.036874,0.3,0.50377,0,0,0,0,5.6463,-358.65,6.5529e+05,-2.9673e+06,1.3018e+06,-53.882,7.048,42.726,10.546
-0.12177,-0.042132,0.13029,0.99058,0.1093,0.3,0.50773,0,0,0,0,4.2944,-555.85,-30265,-1.2056e+06,1.685e+05,-23.382,0.44568,-1.049,6.2407
-0.01958,0.59778,0.46718,0.65135,0.036716,0.3,0.5039,0,0,0,0,5.7042,-89.38,6.7279e+05,-3.0466e+06,1.3759e+06,-53.892,8.2288,44.17,10.175
-0.1368,-0.024283,0.13957,0.98991,0.11072,0.3,0.50778,0,0,0,0,4.381,-624.47,18693,-1.3814e+06,2.1124e+05,-26.689,-0.44823,-0.533,6.0069
-0.0085757,0.60277,0.46849,0.64567,0.036682,0.3,0.50393,0,0,0,0,5.5982,-39.147,6.7206e+05,-3.0364e+06,1.3807e+06,-53.505,8.4492,44.183,10.076
-0.15303,-0.023228,0.14066,0.98979,0.11155,0.3,0.5078,0,0,0,0,4.4751,-698.59,44903,-1.4231e+06,2.227e+05,-27.983,-0.96319,-0.37438,6.561
0.010824,0.59859,0.47137,0.64765,0.036617,0.3,0.504,0,0,0,0,5.51,49.412,6.6546e+05,-3.016e+06,1.3883e+06,-52.791,8.8028,43.944,9.9106
-0.16104,-0.022764,0.14113,0.98973,0.11192,0.3,0.50781,0,0,0,0,4.558,-735.15,62738,-1.4854e+06,2.3665e+05,-29.188,-1.2909,-0.28635,6.5729
0.056532,0.59846,0.48092,0.64033,0.03654,0.3,0.50406,0,0,0,0,5.4056,258.06,6.575e+05,-2.9915e+06,1.4203e+06,-51.811,9.639,43.788,9.5777
-0.17096,-0.022276,0.14166,0.98966,0.11226,0.3,0.50781,0,0,0,0,4.823,-780.41,65520,-1.5221e+06,2.3902e+05,-29.948,-1.3435,-0.25181,6.8185
0.079193,0.60227,0.45916,0.65301,0.036482,0.3,0.5041,0,0,0,0,6.0973,361.51,7.1467e+05,-3.2307e+06,1.5338e+06,-55.117,9.9935,46.652,9.7253
-0.19635,-0.022254,0.14165,0.98967,0.11306,0.3,0.50783,0,0,0,0,5.9583,-896.33,89624,-1.5669e+06,2.5039e+05,-32.307,-1.9112,-0.204,8.2244
0.10656,0.60646,0.45786,0.64952,0.036408,0.3,0.50418,0,0,0,0,6.0666,486.44,7.1619e+05,-3.2338e+06,1.5637e+06,-54.763,10.54,46.794,9.5372
-0.23055,-0.022252,0.14165,0.98967,0.1138,0.3,0.50785,0,0,0,0,7.453,-1052.4,1.1533e+05,-1.6344e+06,2.5493e+05,-36.19,-2.7298,-0.99601,10.34
0.29345,0.63436,0.49112,0.59395,0.035894,0.3,0.50472,0,0,0,0,4.3958,1339.6,6.1265e+05,-2.7729e+06,1.5871e+06,-45.013,14.474,42.169,7.6347
-0.2717,-0.02224,0.14166,0.98966,0.11467,0.3,0.50787,0,0,0,0,15.103,-1240.3,1.197e+05,-1.3951e+06,2.03e+05,-35.6,-3.1838,-1.0081,14.595
0.41794,0.71599,0.49502,0.48514,0.035567,0.3,0.50515,0,0,0,0,3.5323,1907.9,5.4503e+05,-2.4498e+06,1.6011e+06,-38.716,16.953,38.675,6.6073
-0.30943,-0.022201,0.14169,0.98966,0.115,0.3,0.50787,0,0,0,0,25.363,-1412.5,1.2865e+05,-1.0936e+06,1.402e+05,-33.617,-3.7021,-0.078456,19.019
0.54058,0.75058,0.51149,0.41815,0.035417,0.3,0.50539,0,0,0,0,2.9491,2467.7,4.3897e+05,-2.0378e+06,1.6651e+06,-32.234,20.281,33.057,5.8497
0.56648,0.75021,0.52916,0.39451,0.035352,0.3,0.50551,0,0,0,0,2.8651,2585.9,4.0796e+05,-1.9403e+06,1.676e+06,-30.849,21.005,31.704,5.7543
0.70622,0.82114,0.52358,0.22698,0.035107,0.3,0.50613,0,0,0,0,2.7162,3223.8,2.5154e+05,-1.2785e+06,1.7103e+06,-23.55,24.677,21.754,5.19
0.72579,0.82705,0.53033,0.18126,0.035088,0.3,0.50623,0,0,0,0,2.7506,3313.1,2.3546e+05,-1.1243e+06,1.6963e+06,-22.316,24.728,19.309,5.0732
0.73578,0.8312,0.5268,0.16757,0.035071,0.3,0.50646,0,0,0,0,2.707,3358.7,2.026e+05,-9.8381e+05,1.684e+06,-21.086,24.965,16.971,4.9598
0.77122,0.85153,0.51379,0.10398,0.035005,0.3,0.50686,0,0,0,0,2.7151,3520.5,1.6837e+05,-7.1755e+05,1.698e+06,-18.962,25.876,12.839,4.7652
-0.50852,-0.86378,-0.50387,9.5221e-06,0.115,0.3,0.50996,0,0,0,0,8.2069,-2321.3,96961,-2.3889e+05,-5.5024e+05,-8.3779,9.2851,-4.409,11.918
-0.51288,-0.86378,-0.50387,9.5285e-06,0.115,0.3,0.50997,0,0,0,0,8.4726,-2341.2,94045,-2.3554e+05,-5.4729e+05,-8.4336,9.205,-4.272,12.044
-0.42011,-0.86378,-0.50387,-2.8915e-06,0.115,0.3,0.50911,0,0,0,0,3.4303,-1917.8,67846,-1.2124e+05,-6.0734e+05,-6.4233,12.675,-2.7922,12.982
-0.64434,-0.86377,-0.50388,1.6057e-05,0.115,0.3,0.51087,0,0,0,0,14.943,-2941.4,-13095,-90994,-4.1178e+05,-10.449,4.9795,0.25357,14.284
-0.61323,-0.86378,-0.50387,7.3369e-07,0.115,0.3,0.50835,0,0,0,0,13.38,-2799.3,1744,41288,-4.1193e+05,-16.724,6.1662,1.1946,47.649
-0.63296,-0.86378,-0.50387,6.9936e-07,0.115,0.3,0.50833,0,0,0,0,13.806,-2889.4,4874.6,38823,-4.1339e+05,-17.298,5.8267,1.0385,46.953
-0.76538,-0.86378,-0.50387,4.2863e-06,0.115,0.3,0.50787,0,0,0,0,21.683,-3493.9,72637,-57709,-2.9465e+05,-26.832,0.51988,-0.99771,78.385
-0.076853,-0.053971,0.10424,0.99309,-0.078687,0.3,0.49206,0,0,0,0,7.8135,-350.83,30065,-1.3407e+06,1.4242e+05,-27.971,-0.84809,-2.0915,9.059
-0.11716,-0.054172,0.10426,0.99307,-0.076293,0.3,0.49219,0,0,0,0,4.8049,-534.83,32417,-1.5676e+06,1.6538e+05,-30.527,-0.79789,-1.5687,6.7269
-0.072562,-0.052023,0.10543,0.99307,-0.078748,0.3,0.49206,0,0,0,0,8.0503,-331.24,30978,-1.3278e+06,1.4133e+05,-27.869,-0.86801,-2.0605,9.2246
-0.12805,-0.01498,0.10468,0.99439,-0.075541,0.3,0.4922,0,0,0,0,4.1674,-584.53,26354,-1.7226e+06,1.7905e+05,-32.967,-0.61919,-1.0776,5.9808
-0.039087,-0.049394,0.10509,0.99323,-0.081002,0.3,0.49195,0,0,0,0,15.774,-178.43,27450,-1.1008e+06,1.1876e+05,-25.549,-0.87509,-2.2153,11.954
-0.14068,-0.01581,0.1042,0.99443,-0.07493,0.3,0.49221,0,0,0,0,3.7526,-642.21,25381,-1.8426e+06,1.9087e+05,-34.931,-0.5507,-0.67126,5.5043
-0.033091,-0.049011,0.10513,0.99325,-0.081408,0.3,0.49193,0,0,0,0,17.013,-151.05,26515,-1.0632e+06,1.1482e+05,-25.159,-0.86862,-2.2357,12.395
-0.15631,-0.016604,0.10428,0.99441,-0.074555,0.3,0.49222,0,0,0,0,3.7423,-713.53,25332,-1.96e+06,2.0072e+05,-37.053,-0.5315,-0.52725,5.3322
-0.035858,-0.086291,0.10658,0.99055,-0.084985,0.3,0.49161,0,0,0,0,42.363,-163.69,24975,-8.379e+05,92577,-22.922,-0.97501,-2.6433,16.307
-0.15815,-0.016586,0.10429,0.99441,-0.074533,0.3,0.49222,0,0,0,0,3.7488,-721.92,26337,-1.9673e+06,2.0124e+05,-37.191,-0.54847,-0.51145,5.3262
-0.036455,-0.10731,0.10722,0.98843,-0.08509,0.3,0.4916,0,0,0,0,43.193,-166.41,25439,-8.3092e+05,91860,-22.797,-0.98779,-2.6245,16.386
-0.21906,-0.016596,0.10428,0.99441,-0.073945,0.3,0.49223,0,0,0,0,3.2375,-999.99,26331,-2.1923e+06,2.2491e+05,-41.242,-0.486,0.060724,4.9751
-0.039347,-0.10762,0.10723,0.98839,-0.085445,0.3,0.49156,0,0,0,0,44.427,-179.62,24877,-8.1624e+05,90324,-22.604,-0.98256,-2.6478,16.726
-0.27272,-0.016595,0.10428,0.99441,-0.073252,0.3,0.49224,0,0,0,0,2.0411,-1244.9,36958,-2.4308e+06,2.5456e+05,-45.488,-0.81369,-1.1533,4.455
-0.075076,-0.15282,0.10826,0.98231,-0.090095,0.3,0.49103,0,0,0,0,60.888,-342.71,20369,-6.3128e+05,70914,-20.27,-0.99039,-3.0171,21.034
-0.29043,-0.016584,0.10428,0.99441,-0.0725,0.3,0.49225,0,0,0,0,1.1542,-1325.8,44908,-2.6132e+06,2.764e+05,-48.781,-1.099,-2.4426,4.1077
-0.17208,-0.16125,0.10872,0.9809,-0.095605,0.3,0.49018,0,0,0,0,61.221,-785.52,14075,-5.2686e+05,61175,-19.609,-0.92294,-3.4708,25.83
-0.26041,-0.19328,0.11076,0.97487,-0.10055,0.3,0.48926,0,0,0,0,65.265,-1188.8,9055.4,-5.168e+05,60580,-20.959,-0.81775,-3.9423,29.016
-0.27688,-0.19422,0.11082,0.97468,-0.10164,0.3,0.48905,0,0,0,0,66.218,-1263.9,8156.5,-5.1722e+05,60596,-21.298,-0.80006,-4.0418,29.619
-0.2928,-0.19663,0.1103,0.97425,-0.10233,0.3,0.48891,0,0,0,0,67.37,-1336.6,6565.2,-5.2084e+05,60820,-21.731,-0.74588,-4.1372,30.144
-0.33723,-0.19958,0.10935,0.97376,-0.1044,0.3,0.48848,0,0,0,0,70.263,-1539.4,3550.5,-5.2966e+05,61148,-22.809,-0.64743,-4.3463,31.449
-0.41822,-0.19589,0.1089,0.97456,-0.1076,0.3,0.48783,0,0,0,0,76.224,-1909.1,743.08,-5.5589e+05,63247,-25.175,-0.56061,-4.6458,33.572
-0.43581,-0.19587,0.10966,0.97448,-0.10832,0.3,0.48768,0,0,0,0,77.423,-1989.4,327.53,-5.6108e+05,63666,-25.647,-0.54974,-4.7024,34.003
-0.58852,-0.18754,0.10974,0.97611,-0.11424,0.3,0.4865,0,0,0,0,87.557,-2686.5,-2491.5,-6.1843e+05,69777,-30.111,-0.41766,-4.7426,36.748
-0.75533,-0.16079,0.10885,0.98097,-0.11997,0.3,0.48545,0,0,0,0,97.319,-3448,-6416.8,-7.0079e+05,77128,-35.845,-0.13465,-4.1477,38.902
-0.88819,-0.10957,0.10722,0.98818,-0.1258,0.3,0.48461,0,0,0,0,98.26,-4054.5,-10657,-8.3577e+05,89681,-42.972,0.28273,-2.448,39.027
-0.89235,0.014467,0.10324,0.99455,-0.13158,0.3,0.48416,0,0,0,0,52.318,-4073.5,-16901,-1.0866e+06,1.1347e+05,-50.233,0.88077,1.066,34.591
-0.88594,0.017452,0.10309,0.99447,-0.13208,0.3,0.48417,0,0,0,0,48.159,-4044.2,-17213,-1.1164e+06,1.162e+05,-50.614,0.93955,1.616,33.916
-0.82432,0.032563,0.10222,0.99422,-0.13668,0.3,0.48423,0,0,0,0,8.2343,-3762.9,-20458,-1.4002e+06,1.4341e+05,-53.948,1.3956,5.9778,27.235
-0.82285,0.036339,0.10211,0.99405,-0.13683,0.3,0.48424,0,0,0,0,8.1234,-3756.2,-21092,-1.4108e+06,1.4544e+05,-54.003,1.4346,6.0898,26.985
-0.72538,0.1397,0.097309,0.9854,-0.14043,0.3,0.4846,0,0,0,0,7.2368,-3311.3,-26135,-1.6939e+06,1.7206e+05,-56.927,1.9953,11.119,22.503
-0.50898,0.17684,0.095324,0.97961,-0.14336,0.3,0.48513,0,0,0,0,9.3811,-2323.4,-39535,-2.075e+06,2.0983e+05,-61.08,2.811,16.501,19.161
-0.32788,0.2659,0.089736,0.95981,-0.14533,0.3,0.48566,0,0,0,0,8.2356,-1496.7,-49123,-2.3919e+06,2.3947e+05,-60.186,3.3205,21.018,15.485
-0.28836,0.26878,0.088972,0.95907,-0.14572,0.3,0.48576,0,0,0,0,8.043,-1316.3,-51696,-2.459e+06,2.4447e+05,-60.083,3.429,21.967,14.75
-0.27972,0.35709,0.083287,0.93034,-0.14582,0.3,0.48579,0,0,0,0,7.7714,-1276.9,-54583,-2.4782e+06,2.481e+05,-59.869,3.5238,22.273,14.514
-0.065723,0.4085,0.079183,0.90931,-0.14818,0.3,0.48669,0,0,0,0,5.2158,-300.02,-52851,-2.7225e+06,2.6975e+05,-57.29,3.9451,28.853,12.208
0.31237,0.45863,0.074834,0.88547,-0.14924,0.3,0.48724,0,0,0,0,5.1839,1425.9,-69132,-3.1356e+06,2.9681e+05,-58.029,4.7478,37.114,10.596
0.46248,0.5729,0.062992,0.8169,-0.14976,0.3,0.4876,0,0,0,0,4.8193,2111.2,-68822,-3.1164e+06,2.8331e+05,-54.546,4.6125,37.697,9.6444
0.75755,0.59388,0.056742,0.80254,-0.15082,0.3,0.48832,0,0,0,0,4.0547,3458.1,-80549,-3.1245e+06,2.7464e+05,-48.43,4.72,39.259,7.729
0.80768,0.70846,0.042098,0.70447,-0.1509,0.3,0.48838,0,0,0,0,3.7882,3687,-88952,-3.061e+06,2.7628e+05,-46.109,4.8647,38.883,7.3385
1.1061,0.76891,0.033808,0.63842,-0.15169,0.3,0.48918,0,0,0,0,2.5833,5049.2,-62733,-2.2326e+06,1.9347e+05,-27.804,3.4421,30.714,5.2371
1.2873,0.87666,0.01326,0.48083,-0.15202,0.3,0.48966,0,0,0,0,2.2811,5876.3,-24211,-1.2179e+06,73874,-12.112,1.3324,18.551,3.7431
1.354,0.96441,-0.012767,0.26391,-0.15242,0.3,0.4906,0,0,0,0,3.0885,6180.7,18467,-14261,-88206,-5.1233,-1.6135,-1.0316,3.0784
1.3783,0.99062,-0.026429,0.13371,-0.1525,0.3,0.49119,0,0,0,0,4.0438,6291.6,41843,7.6504e+05,-1.8647e+05,-3.7624,-3.4244,-15.1,3.1316
-0.2478,-0.077315,-0.15248,-0.98528,0.092752,0.3,0.27399,0,0,0,0,28.303,-1131.2,22124,3.2235e+05,-50442,-9.4764,0.73349,0.66184,17.825
-0.27788,-0.077315,-0.15248,-0.98528,0.089089,0.3,0.27428,0,0,0,0,29.383,-1268.5,21988,3.4202e+05,-59492,-9.2397,0.73252,0.75902,15.687
-0.22554,-0.057092,-0.14022,-0.98847,0.095614,0.3,0.27382,0,0,0,0,28.138,-1029.6,9999.5,2.9426e+05,-45062,-10.076,0.46316,0.90127,22.607
-0.29127,-0.093768,-0.1648,-0.98186,0.088082,0.3,0.27438,0,0,0,0,28.582,-1329.6,19955,3.4266e+05,-60706,-9.2771,0.69584,0.82712,15.825
-0.22425,-0.056821,-0.14003,-0.98851,0.095821,0.3,0.27381,0,0,0,0,28.212,-1023.7,8879.8,2.9366e+05,-44633,-10.159,0.43667,0.92136,22.891
-0.33783,-0.10056,-0.16931,-0.98042,0.083426,0.3,0.27484,0,0,0,0,30.868,-1542.2,13224,3.6625e+05,-67359,-9.8743,0.53634,0.96485,15.532
-0.22427,-0.047606,-0.14264,-0.98863,0.098598,0.3,0.27365,0,0,0,0,27.481,-1023.8,4430.6,2.6734e+05,-41866,-10.602,0.22966,0.86232,28.811
-0.40843,-0.1046,-0.17116,-0.97967,0.077664,0.3,0.27543,0,0,0,0,33.077,-1864.4,3621.3,3.4942e+05,-64966,-10.243,0.29462,1.0573,17.709
-0.22397,-0.047479,-0.14247,-0.98866,0.098634,0.3,0.27365,0,0,0,0,27.377,-1022.4,4319.8,2.6532e+05,-41554,-10.626,0.21917,0.85861,29.583
-0.48279,-0.1035,-0.17035,-0.97993,0.071809,0.3,0.27608,0,0,0,0,35.677,-2203.9,-12332,3.4211e+05,-62135,-11.16,-0.19817,1.1195,20.766
-0.19915,-0.039406,-0.13311,-0.99031,0.10165,0.3,0.27351,0,0,0,0,28.584,-909.09,-6982.7,3.4994e+05,-41472,-13.845,-0.2272,0.84245,38.065
-0.58304,-0.091525,-0.16422,-0.98217,0.065894,0.3,0.27669,0,0,0,0,40.338,-2661.5,-35675,3.7212e+05,-62790,-13.11,-1.0802,1.0797,23.124
-0.19512,-0.033976,-0.12971,-0.99089,0.10197,0.3,0.27351,0,0,0,0,27.482,-890.69,-7580.3,3.3389e+05,-39837,-14.016,-0.3248,0.87548,43.794
-0.69119,-0.060621,-0.14631,-0.98737,0.060001,0.3,0.27717,0,0,0,0,46.375,-3155.2,-66469,4.3952e+05,-63631,-16.086,-2.3309,0.63386,24.613
-0.18704,-0.019767,-0.12496,-0.99186,0.10233,0.3,0.2735,0,0,0,0,29.178,-853.81,-14710,3.9593e+05,-42992,-15.8,-0.58639,0.88547,40.072
-0.77039,-0.021964,-0.12688,-0.99167,0.054268,0.3,0.27742,0,0,0,0,49.728,-3516.7,-1.0599e+05,5.6428e+05,-62505,-20.012,-3.7874,-0.55496,24.231
-0.1765,-0.023054,-0.12781,-0.99153,0.10339,0.3,0.27348,0,0,0,0,25.291,-805.69,-14682,3.334e+05,-34192,-15.738,-0.79106,0.85636,81.766
-0.81575,0.010936,-0.11423,-0.99339,0.048686,0.3,0.27731,0,0,0,0,34.812,-3723.8,-1.47e+05,6.9994e+05,-69192,-22.851,-4.9631,-1.8312,22.198
-0.18455,-0.023934,-0.12657,-0.99167,0.10444,0.3,0.27345,0,0,0,0,15.823,-842.43,-48699,6.3941e+05,-75067,-22.416,-1.6487,0.72692,85.141
-0.82041,0.059261,-0.075925,-0.99534,0.048199,0.3,0.27729,0,0,0,0,32.716,-3745.1,-1.5167e+05,7.1822e+05,-69529,-23.138,-5.0593,-2.0075,21.854
-0.18545,-0.023911,-0.1266,-0.99167,0.10458,0.3,0.27345,0,0,0,0,15.076,-846.54,-51790,6.6347e+05,-78321,-22.961,-1.7309,0.71965,84.978
-0.88807,0.089533,-0.063484,-0.99386,0.044924,0.3,0.27702,0,0,0,0,5.6669,-4053.9,-1.9233e+05,8.4389e+05,-71063,-23.705,-5.7327,-4.4539,17.741
-0.18273,-0.023518,-0.12676,-0.99165,0.10562,0.3,0.27343,0,0,0,0,16.322,-834.16,-69317,8.6308e+05,-1.0314e+05,-27.111,-2.0943,0.88144,25.664
-0.89077,0.073513,-0.046709,-0.9962,0.0424,0.3,0.27669,0,0,0,0,1.8561,-4066.3,-2.3054e+05,9.5439e+05,-68172,-25.592,-6.5557,-5.9783,16.745
-0.18292,-0.023451,-0.12677,-0.99166,0.10593,0.3,0.27342,0,0,0,0,15.324,-835.01,-71905,8.9653e+05,-1.0996e+05,-27.536,-2.1338,0.84575,23.421
-0.89079,0.17908,-0.010216,-0.98378,0.042397,0.3,0.27669,0,0,0,0,1.7937,-4066.4,-2.3058e+05,9.5448e+05,-68200,-25.589,-6.5557,-5.9765,16.736
-0.18554,-0.023138,-0.12649,-0.9917,0.10637,0.3,0.27341,0,0,0,0,13.752,-846.95,-85815,1.0405e+06,-1.3019e+05,-29.492,-2.338,0.82428,18.666
-0.86547,0.2036,0.0035885,-0.97902,0.039175,0.3,0.27608,0,0,0,0,1.8185,-3950.8,-3.1307e+05,1.2074e+06,-54086,-30.124,-8.1945,-9.3572,15.281
-0.19334,-0.018834,-0.12388,-0.99212,0.10716,0.3,0.27339,0,0,0,0,7.0346,-882.6,-1.2445e+05,1.5135e+06,-1.8268e+05,-34.793,-2.7587,0.814,11.686
-0.80876,0.23712,0.02356,-0.97118,0.036549,0.3,0.27539,0,0,0,0,1.9813,-3691.9,-3.9419e+05,1.4885e+06,-33818,-33.135,-9.0585,-13.249,13.115
-0.20076,-0.0098532,-0.11924,-0.99281,0.10791,0.3,0.27338,0,0,0,0,2.2227,-916.43,-1.6332e+05,1.8532e+06,-1.9786e+05,-37.698,-3.2535,0.75799,8.0957
-0.80597,0.30753,0.064566,-0.94934,0.036434,0.3,0.27536,0,0,0,0,1.9611,-3679.2,-3.9759e+05,1.4977e+06,-32501,-33.091,-9.0585,-13.468,12.974
-0.20572,-0.0042456,-0.1165,-0.99318,0.10875,0.3,0.27338,0,0,0,0,0.61788,-939.07,-1.9726e+05,1.9616e+06,-1.9143e+05,-37.912,-3.7747,0.7479,6.2744
-0.76286,0.35744,0.094424,-0.92895,0.034737,0.3,0.27477,0,0,0,0,1.6066,-3482.4,-4.6193e+05,1.6804e+06,-18046,-33.701,-9.3847,-16.675,11.109
-0.74684,0.37188,0.10403,-0.92238,0.034387,0.3,0.27463,0,0,0,0,1.5629,-3409.2,-4.967e+05,1.75e+06,-17055,-34.255,-9.8356,-17.961,10.843
-0.7391,0.37904,0.11002,-0.9188,0.034214,0.3,0.27455,0,0,0,0,1.4983,-3373.9,-5.1373e+05,1.782e+06,-12054,-34.346,-9.9699,-18.655,10.616
-0.7342,0.38051,0.11179,-0.91791,0.034109,0.3,0.27451,0,0,0,0,1.4915,-3351.5,-5.2067e+05,1.8039e+06,-8269,-34.629,-10.018,-19.054,10.596
-0.71944,0.39777,0.11838,-0.90926,0.033756,0.3,0.27435,0,0,0,0,1.4267,-3284.2,-5.5708e+05,1.8708e+06,-15895,-35.09,-10.547,-20.517,10.34
-0.70681,0.41698,0.12712,-0.89948,0.033393,0.3,0.27419,0,0,0,0,1.2936,-3226.5,-5.8712e+05,1.929e+06,-15997,-35.139,-10.803,-22.15,9.9687
-0.66663,0.45555,0.14679,-0.87683,0.032782,0.3,0.27391,0,0,0,0,1.2407,-3043.1,-6.4638e+05,2.0513e+06,4683.4,-36.132,-11.245,-24.415,9.6398
-0.56559,0.5344,0.18214,-0.82513,0.031978,0.3,0.27347,0,0,0,0,1.3553,-2581.9,-7.7327e+05,2.3618e+06,40291,-38.622,-12.05,-29.893,8.9986
-0.43469,0.57019,0.22008,-0.78811,0.031101,0.3,0.27283,0,0,0,0,1.2634,-1984.3,-8.7865e+05,2.5489e+06,1.0881e+05,-38.642,-11.664,-34.334,8.1803
-0.35398,0.60323,0.24599,-0.75865,0.030447,0.3,0.2724,0,0,0,0,1.2149,-1615.9,-9.5722e+05,2.7179e+06,1.4898e+05,-39.655,-11.762,-37.791,7.6703
-0.28131,0.64484,0.27817,-0.71121,0.030317,0.3,0.27229,0,0,0,0,0.93494,-1284.2,-1.0119e+06,2.6789e+06,1.3304e+05,-36.623,-11.755,-39.572,7.015
-0.2724,0.66236,0.285,-0.69261,0.030297,0.3,0.27227,0,0,0,0,0.88675,-1243.5,-1.0257e+06,2.6852e+06,1.311e+05,-36.403,-11.861,-39.916,6.8718
-0.21149,0.69426,0.30031,-0.65271,0.030129,0.3,0.2721,0,0,0,0,0.80441,-965.43,-1.0374e+06,2.6677e+06,1.5831e+05,-34.763,-10.961,-40.865,6.6024
-0.13401,0.7065,0.32056,-0.62809,0.029886,0.3,0.27182,0,0,0,0,0.73536,-611.74,-1.0207e+06,2.5918e+06,1.6123e+05,-31.576,-9.6366,-41.291,6.3544
-0.038791,0.70852,0.33704,-0.6186,0.029543,0.3,0.27147,0,0,0,0,0.60418,-177.08,-1.016e+06,2.5556e+06,2.1109e+05,-28.711,-7.7149,-42.705,5.9624
0.1408,0.81413,0.40625,-0.41222,0.029203,0.3,0.27096,0,0,0,0,0.68217,642.73,-9.0623e+05,2.2881e+06,3.6898e+05,-22.53,-2.1194,-40.649,5.5975
0.1969,0.81009,0.40947,-0.4177,0.029112,0.3,0.27074,0,0,0,0,0.69222,898.81,-8.2604e+05,2.0732e+06,4.2443e+05,-20.138,-0.069634,-37.194,5.3112
0.3606,0.82182,0.43761,-0.36444,0.028881,0.3,0.27024,0,0,0,0,0.74644,1646.1,-6.2784e+05,1.5407e+06,5.7366e+05,-13.506,5.5943,-28.996,4.6193
0.4413,0.86936,0.47223,-0.14551,0.028756,0.3,0.26953,0,0,0,0,0.71547,2014.5,-5.0385e+05,1.1402e+06,6.6415e+05,-9.9928,8.648,-22.321,4.1148
-0.59899,-0.9935,-0.11384,1.0638e-06,0.024375,0.3,0.43127,0,0,0,0,8.4194,-2734.3,-1684.8,9924.7,-99413,1.9619,2.1467,0.4252,7.2481
-0.5838,-0.9935,-0.11384,9.0907e-07,0.024375,0.3,0.43208,0,0,0,0,15.888,-2665,514.44,-95329,15973,-5.661,-2.4754,-3.8584,18.814
-0.70388,-0.9935,-0.11384,6.4157e-07,0.024375,0.3,0.43107,0,0,0,0,7.5387,-3213.1,6932.3,-35763,-1.0182e+05,-3.2786,1.3709,-0.78704,7.4897
-0.64811,-0.9935,-0.11384,9.2228e-07,0.024375,0.3,0.43275,0,0,0,0,19.035,-2958.6,2856.3,-57996,-34885,-12.608,-3.3141,-5.0206,28.055
-1.015,-0.9935,-0.11384,-6.0218e-07,0.024375,0.3,0.43047,0,0,0,0,4.9366,-4633.4,33508,-1.8238e+05,-1.2063e+05,-18.72,-0.7074,-4.6362,8.1469
-1.0273,-0.99356,-0.11313,0.0012637,0.024375,0.3,0.43039,0,0,0,0,5.5161,-4689.6,33524,-1.8295e+05,-1.2116e+05,-19.253,-0.65888,-4.6669,8.4549
-1.3608,-0.99476,-0.098196,0.028068,0.024375,0.3,0.42975,0,0,0,0,6.3979,-6211.8,67216,-4.8444e+05,18268,-38.134,-6.4921,-12.004,10.02
